time,Fuel type,CF_Hydro
1/1/2024 5:00,Hydro,0.244
1/1/2024 6:00,Hydro,0.288
1/1/2024 7:00,Hydro,0.336
1/1/2024 8:00,Hydro,0.338
1/1/2024 9:00,Hydro,0.34
1/1/2024 10:00,Hydro,0.263
1/1/2024 11:00,Hydro,0.294
1/1/2024 12:00,Hydro,0.307
1/1/2024 13:00,Hydro,0.302
1/1/2024 14:00,Hydro,0.308
1/1/2024 15:00,Hydro,0.403
1/1/2024 16:00,Hydro,0.523
1/1/2024 17:00,Hydro,0.736
1/1/2024 18:00,Hydro,0.816
1/1/2024 19:00,Hydro,0.665
1/1/2024 20:00,Hydro,0.501
1/1/2024 21:00,Hydro,0.384
1/1/2024 22:00,Hydro,0.185
1/1/2024 23:00,Hydro,0.176
1/2/2024 0:00,Hydro,0.169
1/2/2024 1:00,Hydro,0.165
1/2/2024 2:00,Hydro,0.164
1/2/2024 3:00,Hydro,0.163
1/2/2024 4:00,Hydro,0.17
1/2/2024 5:00,Hydro,0.329
1/2/2024 6:00,Hydro,0.631
1/2/2024 7:00,Hydro,0.793
1/2/2024 8:00,Hydro,0.737
1/2/2024 9:00,Hydro,0.562
1/2/2024 10:00,Hydro,0.284
1/2/2024 11:00,Hydro,0.236
1/2/2024 12:00,Hydro,0.193
1/2/2024 13:00,Hydro,0.184
1/2/2024 14:00,Hydro,0.179
1/2/2024 15:00,Hydro,0.236
1/2/2024 16:00,Hydro,0.398
1/2/2024 17:00,Hydro,0.729
1/2/2024 18:00,Hydro,0.917
1/2/2024 19:00,Hydro,0.871
1/2/2024 20:00,Hydro,0.679
1/2/2024 21:00,Hydro,0.389
1/2/2024 22:00,Hydro,0.24
1/2/2024 23:00,Hydro,0.208
1/3/2024 0:00,Hydro,0.195
1/3/2024 1:00,Hydro,0.177
1/3/2024 2:00,Hydro,0.177
1/3/2024 3:00,Hydro,0.212
1/3/2024 4:00,Hydro,0.215
1/3/2024 5:00,Hydro,0.258
1/3/2024 6:00,Hydro,0.684
1/3/2024 7:00,Hydro,0.902
1/3/2024 8:00,Hydro,0.785
1/3/2024 9:00,Hydro,0.476
1/3/2024 10:00,Hydro,0.22
1/3/2024 11:00,Hydro,0.21
1/3/2024 12:00,Hydro,0.204
1/3/2024 13:00,Hydro,0.195
1/3/2024 14:00,Hydro,0.192
1/3/2024 15:00,Hydro,0.314
1/3/2024 16:00,Hydro,0.46
1/3/2024 17:00,Hydro,0.643
1/3/2024 18:00,Hydro,0.767
1/3/2024 19:00,Hydro,0.671
1/3/2024 20:00,Hydro,0.51
1/3/2024 21:00,Hydro,0.332
1/3/2024 22:00,Hydro,0.19
1/3/2024 23:00,Hydro,0.182
1/4/2024 0:00,Hydro,0.196
1/4/2024 1:00,Hydro,0.199
1/4/2024 2:00,Hydro,0.192
1/4/2024 3:00,Hydro,0.187
1/4/2024 4:00,Hydro,0.187
1/4/2024 5:00,Hydro,0.191
1/4/2024 6:00,Hydro,0.346
1/4/2024 7:00,Hydro,0.734
1/4/2024 8:00,Hydro,0.746
1/4/2024 9:00,Hydro,0.464
1/4/2024 10:00,Hydro,0.253
1/4/2024 11:00,Hydro,0.249
1/4/2024 12:00,Hydro,0.25
1/4/2024 13:00,Hydro,0.233
1/4/2024 14:00,Hydro,0.229
1/4/2024 15:00,Hydro,0.292
1/4/2024 16:00,Hydro,0.422
1/4/2024 17:00,Hydro,0.85
1/4/2024 18:00,Hydro,0.907
1/4/2024 19:00,Hydro,0.876
1/4/2024 20:00,Hydro,0.825
1/4/2024 21:00,Hydro,0.681
1/4/2024 22:00,Hydro,0.356
1/4/2024 23:00,Hydro,0.224
1/5/2024 0:00,Hydro,0.189
1/5/2024 1:00,Hydro,0.189
1/5/2024 2:00,Hydro,0.184
1/5/2024 3:00,Hydro,0.17
1/5/2024 4:00,Hydro,0.285
1/5/2024 5:00,Hydro,0.372
1/5/2024 6:00,Hydro,0.629
1/5/2024 7:00,Hydro,0.855
1/5/2024 8:00,Hydro,0.821
1/5/2024 9:00,Hydro,0.462
1/5/2024 10:00,Hydro,0.31
1/5/2024 11:00,Hydro,0.22
1/5/2024 12:00,Hydro,0.194
1/5/2024 13:00,Hydro,0.205
1/5/2024 14:00,Hydro,0.217
1/5/2024 15:00,Hydro,0.296
1/5/2024 16:00,Hydro,0.373
1/5/2024 17:00,Hydro,0.711
1/5/2024 18:00,Hydro,0.625
1/5/2024 19:00,Hydro,0.524
1/5/2024 20:00,Hydro,0.414
1/5/2024 21:00,Hydro,0.305
1/5/2024 22:00,Hydro,0.218
1/5/2024 23:00,Hydro,0.199
1/6/2024 0:00,Hydro,0.182
1/6/2024 1:00,Hydro,0.15
1/6/2024 2:00,Hydro,0.151
1/6/2024 3:00,Hydro,0.188
1/6/2024 4:00,Hydro,0.2
1/6/2024 5:00,Hydro,0.192
1/6/2024 6:00,Hydro,0.188
1/6/2024 7:00,Hydro,0.262
1/6/2024 8:00,Hydro,0.307
1/6/2024 9:00,Hydro,0.426
1/6/2024 10:00,Hydro,0.456
1/6/2024 11:00,Hydro,0.369
1/6/2024 12:00,Hydro,0.335
1/6/2024 13:00,Hydro,0.197
1/6/2024 14:00,Hydro,0.165
1/6/2024 15:00,Hydro,0.252
1/6/2024 16:00,Hydro,0.32
1/6/2024 17:00,Hydro,0.597
1/6/2024 18:00,Hydro,0.524
1/6/2024 19:00,Hydro,0.442
1/6/2024 20:00,Hydro,0.38
1/6/2024 21:00,Hydro,0.257
1/6/2024 22:00,Hydro,0.168
1/6/2024 23:00,Hydro,0.151
1/7/2024 0:00,Hydro,0.154
1/7/2024 1:00,Hydro,0.148
1/7/2024 2:00,Hydro,0.145
1/7/2024 3:00,Hydro,0.182
1/7/2024 4:00,Hydro,0.195
1/7/2024 5:00,Hydro,0.21
1/7/2024 6:00,Hydro,0.213
1/7/2024 7:00,Hydro,0.284
1/7/2024 8:00,Hydro,0.301
1/7/2024 9:00,Hydro,0.293
1/7/2024 10:00,Hydro,0.205
1/7/2024 11:00,Hydro,0.185
1/7/2024 12:00,Hydro,0.171
1/7/2024 13:00,Hydro,0.178
1/7/2024 14:00,Hydro,0.19
1/7/2024 15:00,Hydro,0.286
1/7/2024 16:00,Hydro,0.445
1/7/2024 17:00,Hydro,0.692
1/7/2024 18:00,Hydro,0.708
1/7/2024 19:00,Hydro,0.646
1/7/2024 20:00,Hydro,0.461
1/7/2024 21:00,Hydro,0.255
1/7/2024 22:00,Hydro,0.189
1/7/2024 23:00,Hydro,0.184
1/8/2024 0:00,Hydro,0.164
1/8/2024 1:00,Hydro,0.18
1/8/2024 2:00,Hydro,0.183
1/8/2024 3:00,Hydro,0.188
1/8/2024 4:00,Hydro,0.195
1/8/2024 5:00,Hydro,0.262
1/8/2024 6:00,Hydro,0.639
1/8/2024 7:00,Hydro,0.849
1/8/2024 8:00,Hydro,0.7
1/8/2024 9:00,Hydro,0.373
1/8/2024 10:00,Hydro,0.229
1/8/2024 11:00,Hydro,0.176
1/8/2024 12:00,Hydro,0.184
1/8/2024 13:00,Hydro,0.2
1/8/2024 14:00,Hydro,0.219
1/8/2024 15:00,Hydro,0.29
1/8/2024 16:00,Hydro,0.402
1/8/2024 17:00,Hydro,0.703
1/8/2024 18:00,Hydro,0.76
1/8/2024 19:00,Hydro,0.641
1/8/2024 20:00,Hydro,0.489
1/8/2024 21:00,Hydro,0.344
1/8/2024 22:00,Hydro,0.237
1/8/2024 23:00,Hydro,0.196
1/9/2024 0:00,Hydro,0.193
1/9/2024 1:00,Hydro,0.192
1/9/2024 2:00,Hydro,0.205
1/9/2024 3:00,Hydro,0.209
1/9/2024 4:00,Hydro,0.222
1/9/2024 5:00,Hydro,0.216
1/9/2024 6:00,Hydro,0.359
1/9/2024 7:00,Hydro,0.598
1/9/2024 8:00,Hydro,0.617
1/9/2024 9:00,Hydro,0.637
1/9/2024 10:00,Hydro,0.588
1/9/2024 11:00,Hydro,0.489
1/9/2024 12:00,Hydro,0.455
1/9/2024 13:00,Hydro,0.374
1/9/2024 14:00,Hydro,0.297
1/9/2024 15:00,Hydro,0.281
1/9/2024 16:00,Hydro,0.313
1/9/2024 17:00,Hydro,0.623
1/9/2024 18:00,Hydro,0.609
1/9/2024 19:00,Hydro,0.518
1/9/2024 20:00,Hydro,0.373
1/9/2024 21:00,Hydro,0.309
1/9/2024 22:00,Hydro,0.252
1/9/2024 23:00,Hydro,0.217
1/10/2024 0:00,Hydro,0.197
1/10/2024 1:00,Hydro,0.201
1/10/2024 2:00,Hydro,0.208
1/10/2024 3:00,Hydro,0.211
1/10/2024 4:00,Hydro,0.208
1/10/2024 5:00,Hydro,0.226
1/10/2024 6:00,Hydro,0.299
1/10/2024 7:00,Hydro,0.49
1/10/2024 8:00,Hydro,0.41
1/10/2024 9:00,Hydro,0.371
1/10/2024 10:00,Hydro,0.357
1/10/2024 11:00,Hydro,0.296
1/10/2024 12:00,Hydro,0.282
1/10/2024 13:00,Hydro,0.266
1/10/2024 14:00,Hydro,0.288
1/10/2024 15:00,Hydro,0.329
1/10/2024 16:00,Hydro,0.437
1/10/2024 17:00,Hydro,0.745
1/10/2024 18:00,Hydro,0.7
1/10/2024 19:00,Hydro,0.647
1/10/2024 20:00,Hydro,0.463
1/10/2024 21:00,Hydro,0.354
1/10/2024 22:00,Hydro,0.255
1/10/2024 23:00,Hydro,0.242
1/11/2024 0:00,Hydro,0.235
1/11/2024 1:00,Hydro,0.234
1/11/2024 2:00,Hydro,0.24
1/11/2024 3:00,Hydro,0.251
1/11/2024 4:00,Hydro,0.262
1/11/2024 5:00,Hydro,0.373
1/11/2024 6:00,Hydro,0.659
1/11/2024 7:00,Hydro,0.795
1/11/2024 8:00,Hydro,0.643
1/11/2024 9:00,Hydro,0.415
1/11/2024 10:00,Hydro,0.286
1/11/2024 11:00,Hydro,0.243
1/11/2024 12:00,Hydro,0.24
1/11/2024 13:00,Hydro,0.244
1/11/2024 14:00,Hydro,0.27
1/11/2024 15:00,Hydro,0.304
1/11/2024 16:00,Hydro,0.451
1/11/2024 17:00,Hydro,0.746
1/11/2024 18:00,Hydro,0.796
1/11/2024 19:00,Hydro,0.657
1/11/2024 20:00,Hydro,0.413
1/11/2024 21:00,Hydro,0.286
1/11/2024 22:00,Hydro,0.232
1/11/2024 23:00,Hydro,0.223
1/12/2024 0:00,Hydro,0.242
1/12/2024 1:00,Hydro,0.243
1/12/2024 2:00,Hydro,0.241
1/12/2024 3:00,Hydro,0.242
1/12/2024 4:00,Hydro,0.241
1/12/2024 5:00,Hydro,0.348
1/12/2024 6:00,Hydro,0.739
1/12/2024 7:00,Hydro,0.773
1/12/2024 8:00,Hydro,0.585
1/12/2024 9:00,Hydro,0.357
1/12/2024 10:00,Hydro,0.327
1/12/2024 11:00,Hydro,0.265
1/12/2024 12:00,Hydro,0.243
1/12/2024 13:00,Hydro,0.246
1/12/2024 14:00,Hydro,0.278
1/12/2024 15:00,Hydro,0.308
1/12/2024 16:00,Hydro,0.34
1/12/2024 17:00,Hydro,0.447
1/12/2024 18:00,Hydro,0.439
1/12/2024 19:00,Hydro,0.419
1/12/2024 20:00,Hydro,0.369
1/12/2024 21:00,Hydro,0.298
1/12/2024 22:00,Hydro,0.257
1/12/2024 23:00,Hydro,0.252
1/13/2024 0:00,Hydro,0.262
1/13/2024 1:00,Hydro,0.263
1/13/2024 2:00,Hydro,0.265
1/13/2024 3:00,Hydro,0.263
1/13/2024 4:00,Hydro,0.263
1/13/2024 5:00,Hydro,0.262
1/13/2024 6:00,Hydro,0.263
1/13/2024 7:00,Hydro,0.255
1/13/2024 8:00,Hydro,0.262
1/13/2024 9:00,Hydro,0.263
1/13/2024 10:00,Hydro,0.322
1/13/2024 11:00,Hydro,0.336
1/13/2024 12:00,Hydro,0.277
1/13/2024 13:00,Hydro,0.264
1/13/2024 14:00,Hydro,0.272
1/13/2024 15:00,Hydro,0.302
1/13/2024 16:00,Hydro,0.377
1/13/2024 17:00,Hydro,0.679
1/13/2024 18:00,Hydro,0.774
1/13/2024 19:00,Hydro,0.76
1/13/2024 20:00,Hydro,0.536
1/13/2024 21:00,Hydro,0.333
1/13/2024 22:00,Hydro,0.262
1/13/2024 23:00,Hydro,0.253
1/14/2024 0:00,Hydro,0.256
1/14/2024 1:00,Hydro,0.252
1/14/2024 2:00,Hydro,0.255
1/14/2024 3:00,Hydro,0.256
1/14/2024 4:00,Hydro,0.259
1/14/2024 5:00,Hydro,0.265
1/14/2024 6:00,Hydro,0.264
1/14/2024 7:00,Hydro,0.318
1/14/2024 8:00,Hydro,0.315
1/14/2024 9:00,Hydro,0.315
1/14/2024 10:00,Hydro,0.27
1/14/2024 11:00,Hydro,0.261
1/14/2024 12:00,Hydro,0.261
1/14/2024 13:00,Hydro,0.274
1/14/2024 14:00,Hydro,0.3
1/14/2024 15:00,Hydro,0.321
1/14/2024 16:00,Hydro,0.43
1/14/2024 17:00,Hydro,0.458
1/14/2024 18:00,Hydro,0.572
1/14/2024 19:00,Hydro,0.668
1/14/2024 20:00,Hydro,0.66
1/14/2024 21:00,Hydro,0.404
1/14/2024 22:00,Hydro,0.294
1/14/2024 23:00,Hydro,0.27
1/15/2024 0:00,Hydro,0.267
1/15/2024 1:00,Hydro,0.264
1/15/2024 2:00,Hydro,0.271
1/15/2024 3:00,Hydro,0.276
1/15/2024 4:00,Hydro,0.273
1/15/2024 5:00,Hydro,0.267
1/15/2024 6:00,Hydro,0.349
1/15/2024 7:00,Hydro,0.547
1/15/2024 8:00,Hydro,0.522
1/15/2024 9:00,Hydro,0.492
1/15/2024 10:00,Hydro,0.439
1/15/2024 11:00,Hydro,0.378
1/15/2024 12:00,Hydro,0.35
1/15/2024 13:00,Hydro,0.295
1/15/2024 14:00,Hydro,0.306
1/15/2024 15:00,Hydro,0.307
1/15/2024 16:00,Hydro,0.433
1/15/2024 17:00,Hydro,0.608
1/15/2024 18:00,Hydro,0.616
1/15/2024 19:00,Hydro,0.624
1/15/2024 20:00,Hydro,0.496
1/15/2024 21:00,Hydro,0.365
1/15/2024 22:00,Hydro,0.296
1/15/2024 23:00,Hydro,0.282
1/16/2024 0:00,Hydro,0.282
1/16/2024 1:00,Hydro,0.283
1/16/2024 2:00,Hydro,0.282
1/16/2024 3:00,Hydro,0.275
1/16/2024 4:00,Hydro,0.272
1/16/2024 5:00,Hydro,0.277
1/16/2024 6:00,Hydro,0.418
1/16/2024 7:00,Hydro,0.654
1/16/2024 8:00,Hydro,0.663
1/16/2024 9:00,Hydro,0.627
1/16/2024 10:00,Hydro,0.622
1/16/2024 11:00,Hydro,0.476
1/16/2024 12:00,Hydro,0.348
1/16/2024 13:00,Hydro,0.311
1/16/2024 14:00,Hydro,0.304
1/16/2024 15:00,Hydro,0.287
1/16/2024 16:00,Hydro,0.339
1/16/2024 17:00,Hydro,0.714
1/16/2024 18:00,Hydro,0.714
1/16/2024 19:00,Hydro,0.758
1/16/2024 20:00,Hydro,0.738
1/16/2024 21:00,Hydro,0.621
1/16/2024 22:00,Hydro,0.468
1/16/2024 23:00,Hydro,0.371
1/17/2024 0:00,Hydro,0.357
1/17/2024 1:00,Hydro,0.344
1/17/2024 2:00,Hydro,0.332
1/17/2024 3:00,Hydro,0.436
1/17/2024 4:00,Hydro,0.597
1/17/2024 5:00,Hydro,0.738
1/17/2024 6:00,Hydro,0.901
1/17/2024 7:00,Hydro,0.92
1/17/2024 8:00,Hydro,0.909
1/17/2024 9:00,Hydro,0.631
1/17/2024 10:00,Hydro,0.402
1/17/2024 11:00,Hydro,0.289
1/17/2024 12:00,Hydro,0.284
1/17/2024 13:00,Hydro,0.281
1/17/2024 14:00,Hydro,0.28
1/17/2024 15:00,Hydro,0.27
1/17/2024 16:00,Hydro,0.275
1/17/2024 17:00,Hydro,0.532
1/17/2024 18:00,Hydro,0.763
1/17/2024 19:00,Hydro,0.792
1/17/2024 20:00,Hydro,0.641
1/17/2024 21:00,Hydro,0.447
1/17/2024 22:00,Hydro,0.339
1/17/2024 23:00,Hydro,0.282
1/18/2024 0:00,Hydro,0.268
1/18/2024 1:00,Hydro,0.263
1/18/2024 2:00,Hydro,0.26
1/18/2024 3:00,Hydro,0.26
1/18/2024 4:00,Hydro,0.293
1/18/2024 5:00,Hydro,0.466
1/18/2024 6:00,Hydro,0.659
1/18/2024 7:00,Hydro,0.891
1/18/2024 8:00,Hydro,0.741
1/18/2024 9:00,Hydro,0.453
1/18/2024 10:00,Hydro,0.289
1/18/2024 11:00,Hydro,0.255
1/18/2024 12:00,Hydro,0.241
1/18/2024 13:00,Hydro,0.245
1/18/2024 14:00,Hydro,0.248
1/18/2024 15:00,Hydro,0.306
1/18/2024 16:00,Hydro,0.361
1/18/2024 17:00,Hydro,0.516
1/18/2024 18:00,Hydro,0.488
1/18/2024 19:00,Hydro,0.441
1/18/2024 20:00,Hydro,0.357
1/18/2024 21:00,Hydro,0.265
1/18/2024 22:00,Hydro,0.255
1/18/2024 23:00,Hydro,0.261
1/19/2024 0:00,Hydro,0.261
1/19/2024 1:00,Hydro,0.257
1/19/2024 2:00,Hydro,0.243
1/19/2024 3:00,Hydro,0.238
1/19/2024 4:00,Hydro,0.234
1/19/2024 5:00,Hydro,0.234
1/19/2024 6:00,Hydro,0.305
1/19/2024 7:00,Hydro,0.44
1/19/2024 8:00,Hydro,0.434
1/19/2024 9:00,Hydro,0.361
1/19/2024 10:00,Hydro,0.404
1/19/2024 11:00,Hydro,0.357
1/19/2024 12:00,Hydro,0.314
1/19/2024 13:00,Hydro,0.253
1/19/2024 14:00,Hydro,0.247
1/19/2024 15:00,Hydro,0.268
1/19/2024 16:00,Hydro,0.382
1/19/2024 17:00,Hydro,0.654
1/19/2024 18:00,Hydro,0.751
1/19/2024 19:00,Hydro,0.698
1/19/2024 20:00,Hydro,0.463
1/19/2024 21:00,Hydro,0.337
1/19/2024 22:00,Hydro,0.259
1/19/2024 23:00,Hydro,0.248
1/20/2024 0:00,Hydro,0.253
1/20/2024 1:00,Hydro,0.256
1/20/2024 2:00,Hydro,0.258
1/20/2024 3:00,Hydro,0.252
1/20/2024 4:00,Hydro,0.247
1/20/2024 5:00,Hydro,0.249
1/20/2024 6:00,Hydro,0.416
1/20/2024 7:00,Hydro,0.626
1/20/2024 8:00,Hydro,0.586
1/20/2024 9:00,Hydro,0.481
1/20/2024 10:00,Hydro,0.369
1/20/2024 11:00,Hydro,0.356
1/20/2024 12:00,Hydro,0.257
1/20/2024 13:00,Hydro,0.245
1/20/2024 14:00,Hydro,0.258
1/20/2024 15:00,Hydro,0.324
1/20/2024 16:00,Hydro,0.457
1/20/2024 17:00,Hydro,0.764
1/20/2024 18:00,Hydro,0.86
1/20/2024 19:00,Hydro,0.838
1/20/2024 20:00,Hydro,0.782
1/20/2024 21:00,Hydro,0.691
1/20/2024 22:00,Hydro,0.668
1/20/2024 23:00,Hydro,0.535
1/21/2024 0:00,Hydro,0.434
1/21/2024 1:00,Hydro,0.299
1/21/2024 2:00,Hydro,0.263
1/21/2024 3:00,Hydro,0.316
1/21/2024 4:00,Hydro,0.376
1/21/2024 5:00,Hydro,0.461
1/21/2024 6:00,Hydro,0.474
1/21/2024 7:00,Hydro,0.605
1/21/2024 8:00,Hydro,0.474
1/21/2024 9:00,Hydro,0.193
1/21/2024 10:00,Hydro,0.187
1/21/2024 11:00,Hydro,0.186
1/21/2024 12:00,Hydro,0.181
1/21/2024 13:00,Hydro,0.179
1/21/2024 14:00,Hydro,0.181
1/21/2024 15:00,Hydro,0.249
1/21/2024 16:00,Hydro,0.358
1/21/2024 17:00,Hydro,0.427
1/21/2024 18:00,Hydro,0.6
1/21/2024 19:00,Hydro,0.745
1/21/2024 20:00,Hydro,0.631
1/21/2024 21:00,Hydro,0.53
1/21/2024 22:00,Hydro,0.426
1/21/2024 23:00,Hydro,0.335
1/22/2024 0:00,Hydro,0.305
1/22/2024 1:00,Hydro,0.285
1/22/2024 2:00,Hydro,0.288
1/22/2024 3:00,Hydro,0.291
1/22/2024 4:00,Hydro,0.363
1/22/2024 5:00,Hydro,0.671
1/22/2024 6:00,Hydro,0.863
1/22/2024 7:00,Hydro,0.943
1/22/2024 8:00,Hydro,0.796
1/22/2024 9:00,Hydro,0.468
1/22/2024 10:00,Hydro,0.239
1/22/2024 11:00,Hydro,0.201
1/22/2024 12:00,Hydro,0.205
1/22/2024 13:00,Hydro,0.203
1/22/2024 14:00,Hydro,0.214
1/22/2024 15:00,Hydro,0.218
1/22/2024 16:00,Hydro,0.308
1/22/2024 17:00,Hydro,0.612
1/22/2024 18:00,Hydro,0.683
1/22/2024 19:00,Hydro,0.607
1/22/2024 20:00,Hydro,0.386
1/22/2024 21:00,Hydro,0.241
1/22/2024 22:00,Hydro,0.2
1/22/2024 23:00,Hydro,0.202
1/23/2024 0:00,Hydro,0.202
1/23/2024 1:00,Hydro,0.196
1/23/2024 2:00,Hydro,0.186
1/23/2024 3:00,Hydro,0.174
1/23/2024 4:00,Hydro,0.223
1/23/2024 5:00,Hydro,0.403
1/23/2024 6:00,Hydro,0.564
1/23/2024 7:00,Hydro,0.749
1/23/2024 8:00,Hydro,0.719
1/23/2024 9:00,Hydro,0.498
1/23/2024 10:00,Hydro,0.232
1/23/2024 11:00,Hydro,0.21
1/23/2024 12:00,Hydro,0.213
1/23/2024 13:00,Hydro,0.21
1/23/2024 14:00,Hydro,0.203
1/23/2024 15:00,Hydro,0.188
1/23/2024 16:00,Hydro,0.274
1/23/2024 17:00,Hydro,0.436
1/23/2024 18:00,Hydro,0.419
1/23/2024 19:00,Hydro,0.406
1/23/2024 20:00,Hydro,0.338
1/23/2024 21:00,Hydro,0.24
1/23/2024 22:00,Hydro,0.2
1/23/2024 23:00,Hydro,0.207
1/24/2024 0:00,Hydro,0.203
1/24/2024 1:00,Hydro,0.199
1/24/2024 2:00,Hydro,0.205
1/24/2024 3:00,Hydro,0.214
1/24/2024 4:00,Hydro,0.208
1/24/2024 5:00,Hydro,0.315
1/24/2024 6:00,Hydro,0.647
1/24/2024 7:00,Hydro,0.737
1/24/2024 8:00,Hydro,0.642
1/24/2024 9:00,Hydro,0.45
1/24/2024 10:00,Hydro,0.29
1/24/2024 11:00,Hydro,0.244
1/24/2024 12:00,Hydro,0.215
1/24/2024 13:00,Hydro,0.205
1/24/2024 14:00,Hydro,0.197
1/24/2024 15:00,Hydro,0.259
1/24/2024 16:00,Hydro,0.296
1/24/2024 17:00,Hydro,0.561
1/24/2024 18:00,Hydro,0.584
1/24/2024 19:00,Hydro,0.511
1/24/2024 20:00,Hydro,0.344
1/24/2024 21:00,Hydro,0.258
1/24/2024 22:00,Hydro,0.206
1/24/2024 23:00,Hydro,0.203
1/25/2024 0:00,Hydro,0.178
1/25/2024 1:00,Hydro,0.156
1/25/2024 2:00,Hydro,0.151
1/25/2024 3:00,Hydro,0.156
1/25/2024 4:00,Hydro,0.157
1/25/2024 5:00,Hydro,0.161
1/25/2024 6:00,Hydro,0.26
1/25/2024 7:00,Hydro,0.564
1/25/2024 8:00,Hydro,0.632
1/25/2024 9:00,Hydro,0.609
1/25/2024 10:00,Hydro,0.54
1/25/2024 11:00,Hydro,0.475
1/25/2024 12:00,Hydro,0.383
1/25/2024 13:00,Hydro,0.294
1/25/2024 14:00,Hydro,0.227
1/25/2024 15:00,Hydro,0.264
1/25/2024 16:00,Hydro,0.349
1/25/2024 17:00,Hydro,0.538
1/25/2024 18:00,Hydro,0.504
1/25/2024 19:00,Hydro,0.436
1/25/2024 20:00,Hydro,0.38
1/25/2024 21:00,Hydro,0.319
1/25/2024 22:00,Hydro,0.245
1/25/2024 23:00,Hydro,0.185
1/26/2024 0:00,Hydro,0.173
1/26/2024 1:00,Hydro,0.175
1/26/2024 2:00,Hydro,0.166
1/26/2024 3:00,Hydro,0.161
1/26/2024 4:00,Hydro,0.15
1/26/2024 5:00,Hydro,0.173
1/26/2024 6:00,Hydro,0.231
1/26/2024 7:00,Hydro,0.312
1/26/2024 8:00,Hydro,0.531
1/26/2024 9:00,Hydro,0.553
1/26/2024 10:00,Hydro,0.451
1/26/2024 11:00,Hydro,0.35
1/26/2024 12:00,Hydro,0.266
1/26/2024 13:00,Hydro,0.261
1/26/2024 14:00,Hydro,0.246
1/26/2024 15:00,Hydro,0.248
1/26/2024 16:00,Hydro,0.397
1/26/2024 17:00,Hydro,0.717
1/26/2024 18:00,Hydro,0.746
1/26/2024 19:00,Hydro,0.639
1/26/2024 20:00,Hydro,0.42
1/26/2024 21:00,Hydro,0.282
1/26/2024 22:00,Hydro,0.23
1/26/2024 23:00,Hydro,0.202
1/27/2024 0:00,Hydro,0.195
1/27/2024 1:00,Hydro,0.197
1/27/2024 2:00,Hydro,0.195
1/27/2024 3:00,Hydro,0.19
1/27/2024 4:00,Hydro,0.19
1/27/2024 5:00,Hydro,0.193
1/27/2024 6:00,Hydro,0.202
1/27/2024 7:00,Hydro,0.207
1/27/2024 8:00,Hydro,0.258
1/27/2024 9:00,Hydro,0.273
1/27/2024 10:00,Hydro,0.279
1/27/2024 11:00,Hydro,0.289
1/27/2024 12:00,Hydro,0.244
1/27/2024 13:00,Hydro,0.228
1/27/2024 14:00,Hydro,0.224
1/27/2024 15:00,Hydro,0.253
1/27/2024 16:00,Hydro,0.415
1/27/2024 17:00,Hydro,0.776
1/27/2024 18:00,Hydro,0.715
1/27/2024 19:00,Hydro,0.595
1/27/2024 20:00,Hydro,0.416
1/27/2024 21:00,Hydro,0.362
1/27/2024 22:00,Hydro,0.266
1/27/2024 23:00,Hydro,0.244
1/28/2024 0:00,Hydro,0.245
1/28/2024 1:00,Hydro,0.246
1/28/2024 2:00,Hydro,0.247
1/28/2024 3:00,Hydro,0.248
1/28/2024 4:00,Hydro,0.249
1/28/2024 5:00,Hydro,0.249
1/28/2024 6:00,Hydro,0.249
1/28/2024 7:00,Hydro,0.245
1/28/2024 8:00,Hydro,0.273
1/28/2024 9:00,Hydro,0.292
1/28/2024 10:00,Hydro,0.293
1/28/2024 11:00,Hydro,0.245
1/28/2024 12:00,Hydro,0.25
1/28/2024 13:00,Hydro,0.253
1/28/2024 14:00,Hydro,0.295
1/28/2024 15:00,Hydro,0.3
1/28/2024 16:00,Hydro,0.429
1/28/2024 17:00,Hydro,0.767
1/28/2024 18:00,Hydro,0.778
1/28/2024 19:00,Hydro,0.691
1/28/2024 20:00,Hydro,0.521
1/28/2024 21:00,Hydro,0.344
1/28/2024 22:00,Hydro,0.252
1/28/2024 23:00,Hydro,0.246
1/29/2024 0:00,Hydro,0.244
1/29/2024 1:00,Hydro,0.244
1/29/2024 2:00,Hydro,0.243
1/29/2024 3:00,Hydro,0.242
1/29/2024 4:00,Hydro,0.241
1/29/2024 5:00,Hydro,0.256
1/29/2024 6:00,Hydro,0.504
1/29/2024 7:00,Hydro,0.758
1/29/2024 8:00,Hydro,0.805
1/29/2024 9:00,Hydro,0.724
1/29/2024 10:00,Hydro,0.619
1/29/2024 11:00,Hydro,0.511
1/29/2024 12:00,Hydro,0.321
1/29/2024 13:00,Hydro,0.232
1/29/2024 14:00,Hydro,0.251
1/29/2024 15:00,Hydro,0.313
1/29/2024 16:00,Hydro,0.372
1/29/2024 17:00,Hydro,0.714
1/29/2024 18:00,Hydro,0.853
1/29/2024 19:00,Hydro,0.706
1/29/2024 20:00,Hydro,0.52
1/29/2024 21:00,Hydro,0.403
1/29/2024 22:00,Hydro,0.265
1/29/2024 23:00,Hydro,0.228
1/30/2024 0:00,Hydro,0.229
1/30/2024 1:00,Hydro,0.229
1/30/2024 2:00,Hydro,0.229
1/30/2024 3:00,Hydro,0.229
1/30/2024 4:00,Hydro,0.229
1/30/2024 5:00,Hydro,0.228
1/30/2024 6:00,Hydro,0.642
1/30/2024 7:00,Hydro,0.828
1/30/2024 8:00,Hydro,0.821
1/30/2024 9:00,Hydro,0.509
1/30/2024 10:00,Hydro,0.287
1/30/2024 11:00,Hydro,0.272
1/30/2024 12:00,Hydro,0.245
1/30/2024 13:00,Hydro,0.244
1/30/2024 14:00,Hydro,0.235
1/30/2024 15:00,Hydro,0.287
1/30/2024 16:00,Hydro,0.404
1/30/2024 17:00,Hydro,0.787
1/30/2024 18:00,Hydro,0.813
1/30/2024 19:00,Hydro,0.699
1/30/2024 20:00,Hydro,0.524
1/30/2024 21:00,Hydro,0.395
1/30/2024 22:00,Hydro,0.248
1/30/2024 23:00,Hydro,0.229
1/31/2024 0:00,Hydro,0.241
1/31/2024 1:00,Hydro,0.242
1/31/2024 2:00,Hydro,0.241
1/31/2024 3:00,Hydro,0.241
1/31/2024 4:00,Hydro,0.248
1/31/2024 5:00,Hydro,0.313
1/31/2024 6:00,Hydro,0.641
1/31/2024 7:00,Hydro,0.756
1/31/2024 8:00,Hydro,0.786
1/31/2024 9:00,Hydro,0.707
1/31/2024 10:00,Hydro,0.502
1/31/2024 11:00,Hydro,0.296
1/31/2024 12:00,Hydro,0.267
1/31/2024 13:00,Hydro,0.265
1/31/2024 14:00,Hydro,0.256
1/31/2024 15:00,Hydro,0.253
1/31/2024 16:00,Hydro,0.343
1/31/2024 17:00,Hydro,0.622
1/31/2024 18:00,Hydro,0.598
1/31/2024 19:00,Hydro,0.477
1/31/2024 20:00,Hydro,0.401
1/31/2024 21:00,Hydro,0.337
1/31/2024 22:00,Hydro,0.271
1/31/2024 23:00,Hydro,0.252
2/1/2024 0:00,Hydro,0.248
2/1/2024 1:00,Hydro,0.248
2/1/2024 2:00,Hydro,0.242
2/1/2024 3:00,Hydro,0.244
2/1/2024 4:00,Hydro,0.247
2/1/2024 5:00,Hydro,0.346
2/1/2024 6:00,Hydro,0.72
2/1/2024 7:00,Hydro,0.85
2/1/2024 8:00,Hydro,0.676
2/1/2024 9:00,Hydro,0.46
2/1/2024 10:00,Hydro,0.299
2/1/2024 11:00,Hydro,0.259
2/1/2024 12:00,Hydro,0.254
2/1/2024 13:00,Hydro,0.252
2/1/2024 14:00,Hydro,0.255
2/1/2024 15:00,Hydro,0.317
2/1/2024 16:00,Hydro,0.45
2/1/2024 17:00,Hydro,0.676
2/1/2024 18:00,Hydro,0.758
2/1/2024 19:00,Hydro,0.711
2/1/2024 20:00,Hydro,0.539
2/1/2024 21:00,Hydro,0.335
2/1/2024 22:00,Hydro,0.264
2/1/2024 23:00,Hydro,0.252
2/2/2024 0:00,Hydro,0.256
2/2/2024 1:00,Hydro,0.257
2/2/2024 2:00,Hydro,0.253
2/2/2024 3:00,Hydro,0.254
2/2/2024 4:00,Hydro,0.259
2/2/2024 5:00,Hydro,0.259
2/2/2024 6:00,Hydro,0.44
2/2/2024 7:00,Hydro,0.731
2/2/2024 8:00,Hydro,0.623
2/2/2024 9:00,Hydro,0.412
2/2/2024 10:00,Hydro,0.348
2/2/2024 11:00,Hydro,0.281
2/2/2024 12:00,Hydro,0.275
2/2/2024 13:00,Hydro,0.275
2/2/2024 14:00,Hydro,0.26
2/2/2024 15:00,Hydro,0.293
2/2/2024 16:00,Hydro,0.44
2/2/2024 17:00,Hydro,0.73
2/2/2024 18:00,Hydro,0.79
2/2/2024 19:00,Hydro,0.649
2/2/2024 20:00,Hydro,0.508
2/2/2024 21:00,Hydro,0.342
2/2/2024 22:00,Hydro,0.248
2/2/2024 23:00,Hydro,0.231
2/3/2024 0:00,Hydro,0.216
2/3/2024 1:00,Hydro,0.217
2/3/2024 2:00,Hydro,0.218
2/3/2024 3:00,Hydro,0.225
2/3/2024 4:00,Hydro,0.232
2/3/2024 5:00,Hydro,0.241
2/3/2024 6:00,Hydro,0.477
2/3/2024 7:00,Hydro,0.727
2/3/2024 8:00,Hydro,0.453
2/3/2024 9:00,Hydro,0.363
2/3/2024 10:00,Hydro,0.372
2/3/2024 11:00,Hydro,0.319
2/3/2024 12:00,Hydro,0.246
2/3/2024 13:00,Hydro,0.245
2/3/2024 14:00,Hydro,0.253
2/3/2024 15:00,Hydro,0.252
2/3/2024 16:00,Hydro,0.303
2/3/2024 17:00,Hydro,0.471
2/3/2024 18:00,Hydro,0.693
2/3/2024 19:00,Hydro,0.602
2/3/2024 20:00,Hydro,0.468
2/3/2024 21:00,Hydro,0.352
2/3/2024 22:00,Hydro,0.277
2/3/2024 23:00,Hydro,0.26
2/4/2024 0:00,Hydro,0.238
2/4/2024 1:00,Hydro,0.233
2/4/2024 2:00,Hydro,0.228
2/4/2024 3:00,Hydro,0.226
2/4/2024 4:00,Hydro,0.229
2/4/2024 5:00,Hydro,0.335
2/4/2024 6:00,Hydro,0.541
2/4/2024 7:00,Hydro,0.726
2/4/2024 8:00,Hydro,0.532
2/4/2024 9:00,Hydro,0.306
2/4/2024 10:00,Hydro,0.314
2/4/2024 11:00,Hydro,0.311
2/4/2024 12:00,Hydro,0.25
2/4/2024 13:00,Hydro,0.249
2/4/2024 14:00,Hydro,0.248
2/4/2024 15:00,Hydro,0.249
2/4/2024 16:00,Hydro,0.305
2/4/2024 17:00,Hydro,0.498
2/4/2024 18:00,Hydro,0.82
2/4/2024 19:00,Hydro,0.667
2/4/2024 20:00,Hydro,0.469
2/4/2024 21:00,Hydro,0.4
2/4/2024 22:00,Hydro,0.308
2/4/2024 23:00,Hydro,0.256
2/5/2024 0:00,Hydro,0.254
2/5/2024 1:00,Hydro,0.25
2/5/2024 2:00,Hydro,0.246
2/5/2024 3:00,Hydro,0.239
2/5/2024 4:00,Hydro,0.234
2/5/2024 5:00,Hydro,0.353
2/5/2024 6:00,Hydro,0.721
2/5/2024 7:00,Hydro,0.858
2/5/2024 8:00,Hydro,0.756
2/5/2024 9:00,Hydro,0.541
2/5/2024 10:00,Hydro,0.285
2/5/2024 11:00,Hydro,0.245
2/5/2024 12:00,Hydro,0.246
2/5/2024 13:00,Hydro,0.25
2/5/2024 14:00,Hydro,0.251
2/5/2024 15:00,Hydro,0.26
2/5/2024 16:00,Hydro,0.39
2/5/2024 17:00,Hydro,0.755
2/5/2024 18:00,Hydro,0.837
2/5/2024 19:00,Hydro,0.805
2/5/2024 20:00,Hydro,0.683
2/5/2024 21:00,Hydro,0.475
2/5/2024 22:00,Hydro,0.267
2/5/2024 23:00,Hydro,0.227
2/6/2024 0:00,Hydro,0.206
2/6/2024 1:00,Hydro,0.193
2/6/2024 2:00,Hydro,0.194
2/6/2024 3:00,Hydro,0.195
2/6/2024 4:00,Hydro,0.198
2/6/2024 5:00,Hydro,0.313
2/6/2024 6:00,Hydro,0.697
2/6/2024 7:00,Hydro,0.889
2/6/2024 8:00,Hydro,0.723
2/6/2024 9:00,Hydro,0.493
2/6/2024 10:00,Hydro,0.329
2/6/2024 11:00,Hydro,0.269
2/6/2024 12:00,Hydro,0.286
2/6/2024 13:00,Hydro,0.238
2/6/2024 14:00,Hydro,0.264
2/6/2024 15:00,Hydro,0.342
2/6/2024 16:00,Hydro,0.354
2/6/2024 17:00,Hydro,0.45
2/6/2024 18:00,Hydro,0.674
2/6/2024 19:00,Hydro,0.746
2/6/2024 20:00,Hydro,0.673
2/6/2024 21:00,Hydro,0.453
2/6/2024 22:00,Hydro,0.255
2/6/2024 23:00,Hydro,0.235
2/7/2024 0:00,Hydro,0.198
2/7/2024 1:00,Hydro,0.175
2/7/2024 2:00,Hydro,0.169
2/7/2024 3:00,Hydro,0.187
2/7/2024 4:00,Hydro,0.212
2/7/2024 5:00,Hydro,0.421
2/7/2024 6:00,Hydro,0.757
2/7/2024 7:00,Hydro,0.816
2/7/2024 8:00,Hydro,0.674
2/7/2024 9:00,Hydro,0.411
2/7/2024 10:00,Hydro,0.245
2/7/2024 11:00,Hydro,0.208
2/7/2024 12:00,Hydro,0.245
2/7/2024 13:00,Hydro,0.274
2/7/2024 14:00,Hydro,0.269
2/7/2024 15:00,Hydro,0.35
2/7/2024 16:00,Hydro,0.436
2/7/2024 17:00,Hydro,0.461
2/7/2024 18:00,Hydro,0.443
2/7/2024 19:00,Hydro,0.455
2/7/2024 20:00,Hydro,0.449
2/7/2024 21:00,Hydro,0.342
2/7/2024 22:00,Hydro,0.265
2/7/2024 23:00,Hydro,0.25
2/8/2024 0:00,Hydro,0.222
2/8/2024 1:00,Hydro,0.215
2/8/2024 2:00,Hydro,0.208
2/8/2024 3:00,Hydro,0.205
2/8/2024 4:00,Hydro,0.212
2/8/2024 5:00,Hydro,0.312
2/8/2024 6:00,Hydro,0.69
2/8/2024 7:00,Hydro,0.824
2/8/2024 8:00,Hydro,0.641
2/8/2024 9:00,Hydro,0.394
2/8/2024 10:00,Hydro,0.216
2/8/2024 11:00,Hydro,0.199
2/8/2024 12:00,Hydro,0.157
2/8/2024 13:00,Hydro,0.144
2/8/2024 14:00,Hydro,0.128
2/8/2024 15:00,Hydro,0.177
2/8/2024 16:00,Hydro,0.28
2/8/2024 17:00,Hydro,0.47
2/8/2024 18:00,Hydro,0.652
2/8/2024 19:00,Hydro,0.59
2/8/2024 20:00,Hydro,0.422
2/8/2024 21:00,Hydro,0.308
2/8/2024 22:00,Hydro,0.25
2/8/2024 23:00,Hydro,0.229
2/9/2024 0:00,Hydro,0.185
2/9/2024 1:00,Hydro,0.169
2/9/2024 2:00,Hydro,0.169
2/9/2024 3:00,Hydro,0.171
2/9/2024 4:00,Hydro,0.202
2/9/2024 5:00,Hydro,0.271
2/9/2024 6:00,Hydro,0.608
2/9/2024 7:00,Hydro,0.819
2/9/2024 8:00,Hydro,0.82
2/9/2024 9:00,Hydro,0.51
2/9/2024 10:00,Hydro,0.258
2/9/2024 11:00,Hydro,0.197
2/9/2024 12:00,Hydro,0.189
2/9/2024 13:00,Hydro,0.157
2/9/2024 14:00,Hydro,0.156
2/9/2024 15:00,Hydro,0.217
2/9/2024 16:00,Hydro,0.32
2/9/2024 17:00,Hydro,0.697
2/9/2024 18:00,Hydro,0.783
2/9/2024 19:00,Hydro,0.574
2/9/2024 20:00,Hydro,0.444
2/9/2024 21:00,Hydro,0.298
2/9/2024 22:00,Hydro,0.227
2/9/2024 23:00,Hydro,0.219
2/10/2024 0:00,Hydro,0.172
2/10/2024 1:00,Hydro,0.166
2/10/2024 2:00,Hydro,0.164
2/10/2024 3:00,Hydro,0.164
2/10/2024 4:00,Hydro,0.164
2/10/2024 5:00,Hydro,0.174
2/10/2024 6:00,Hydro,0.22
2/10/2024 7:00,Hydro,0.254
2/10/2024 8:00,Hydro,0.241
2/10/2024 9:00,Hydro,0.238
2/10/2024 10:00,Hydro,0.218
2/10/2024 11:00,Hydro,0.177
2/10/2024 12:00,Hydro,0.154
2/10/2024 13:00,Hydro,0.154
2/10/2024 14:00,Hydro,0.153
2/10/2024 15:00,Hydro,0.175
2/10/2024 16:00,Hydro,0.281
2/10/2024 17:00,Hydro,0.613
2/10/2024 18:00,Hydro,0.758
2/10/2024 19:00,Hydro,0.706
2/10/2024 20:00,Hydro,0.553
2/10/2024 21:00,Hydro,0.326
2/10/2024 22:00,Hydro,0.201
2/10/2024 23:00,Hydro,0.191
2/11/2024 0:00,Hydro,0.153
2/11/2024 1:00,Hydro,0.137
2/11/2024 2:00,Hydro,0.132
2/11/2024 3:00,Hydro,0.132
2/11/2024 4:00,Hydro,0.133
2/11/2024 5:00,Hydro,0.135
2/11/2024 6:00,Hydro,0.15
2/11/2024 7:00,Hydro,0.201
2/11/2024 8:00,Hydro,0.256
2/11/2024 9:00,Hydro,0.268
2/11/2024 10:00,Hydro,0.266
2/11/2024 11:00,Hydro,0.202
2/11/2024 12:00,Hydro,0.17
2/11/2024 13:00,Hydro,0.155
2/11/2024 14:00,Hydro,0.171
2/11/2024 15:00,Hydro,0.223
2/11/2024 16:00,Hydro,0.282
2/11/2024 17:00,Hydro,0.504
2/11/2024 18:00,Hydro,0.768
2/11/2024 19:00,Hydro,0.672
2/11/2024 20:00,Hydro,0.506
2/11/2024 21:00,Hydro,0.277
2/11/2024 22:00,Hydro,0.195
2/11/2024 23:00,Hydro,0.169
2/12/2024 0:00,Hydro,0.153
2/12/2024 1:00,Hydro,0.146
2/12/2024 2:00,Hydro,0.134
2/12/2024 3:00,Hydro,0.127
2/12/2024 4:00,Hydro,0.143
2/12/2024 5:00,Hydro,0.193
2/12/2024 6:00,Hydro,0.388
2/12/2024 7:00,Hydro,0.732
2/12/2024 8:00,Hydro,0.76
2/12/2024 9:00,Hydro,0.608
2/12/2024 10:00,Hydro,0.474
2/12/2024 11:00,Hydro,0.374
2/12/2024 12:00,Hydro,0.169
2/12/2024 13:00,Hydro,0.148
2/12/2024 14:00,Hydro,0.149
2/12/2024 15:00,Hydro,0.211
2/12/2024 16:00,Hydro,0.299
2/12/2024 17:00,Hydro,0.591
2/12/2024 18:00,Hydro,0.745
2/12/2024 19:00,Hydro,0.606
2/12/2024 20:00,Hydro,0.383
2/12/2024 21:00,Hydro,0.279
2/12/2024 22:00,Hydro,0.193
2/12/2024 23:00,Hydro,0.179
2/13/2024 0:00,Hydro,0.12
2/13/2024 1:00,Hydro,0.103
2/13/2024 2:00,Hydro,0.103
2/13/2024 3:00,Hydro,0.108
2/13/2024 4:00,Hydro,0.115
2/13/2024 5:00,Hydro,0.223
2/13/2024 6:00,Hydro,0.595
2/13/2024 7:00,Hydro,0.763
2/13/2024 8:00,Hydro,0.757
2/13/2024 9:00,Hydro,0.613
2/13/2024 10:00,Hydro,0.419
2/13/2024 11:00,Hydro,0.209
2/13/2024 12:00,Hydro,0.166
2/13/2024 13:00,Hydro,0.143
2/13/2024 14:00,Hydro,0.158
2/13/2024 15:00,Hydro,0.243
2/13/2024 16:00,Hydro,0.299
2/13/2024 17:00,Hydro,0.507
2/13/2024 18:00,Hydro,0.811
2/13/2024 19:00,Hydro,0.804
2/13/2024 20:00,Hydro,0.696
2/13/2024 21:00,Hydro,0.502
2/13/2024 22:00,Hydro,0.248
2/13/2024 23:00,Hydro,0.174
2/14/2024 0:00,Hydro,0.134
2/14/2024 1:00,Hydro,0.122
2/14/2024 2:00,Hydro,0.116
2/14/2024 3:00,Hydro,0.111
2/14/2024 4:00,Hydro,0.121
2/14/2024 5:00,Hydro,0.206
2/14/2024 6:00,Hydro,0.631
2/14/2024 7:00,Hydro,0.784
2/14/2024 8:00,Hydro,0.672
2/14/2024 9:00,Hydro,0.362
2/14/2024 10:00,Hydro,0.224
2/14/2024 11:00,Hydro,0.169
2/14/2024 12:00,Hydro,0.156
2/14/2024 13:00,Hydro,0.178
2/14/2024 14:00,Hydro,0.235
2/14/2024 15:00,Hydro,0.24
2/14/2024 16:00,Hydro,0.315
2/14/2024 17:00,Hydro,0.58
2/14/2024 18:00,Hydro,0.664
2/14/2024 19:00,Hydro,0.715
2/14/2024 20:00,Hydro,0.672
2/14/2024 21:00,Hydro,0.404
2/14/2024 22:00,Hydro,0.181
2/14/2024 23:00,Hydro,0.174
2/15/2024 0:00,Hydro,0.158
2/15/2024 1:00,Hydro,0.136
2/15/2024 2:00,Hydro,0.121
2/15/2024 3:00,Hydro,0.142
2/15/2024 4:00,Hydro,0.258
2/15/2024 5:00,Hydro,0.477
2/15/2024 6:00,Hydro,0.737
2/15/2024 7:00,Hydro,0.811
2/15/2024 8:00,Hydro,0.635
2/15/2024 9:00,Hydro,0.372
2/15/2024 10:00,Hydro,0.181
2/15/2024 11:00,Hydro,0.15
2/15/2024 12:00,Hydro,0.142
2/15/2024 13:00,Hydro,0.14
2/15/2024 14:00,Hydro,0.147
2/15/2024 15:00,Hydro,0.207
2/15/2024 16:00,Hydro,0.292
2/15/2024 17:00,Hydro,0.426
2/15/2024 18:00,Hydro,0.764
2/15/2024 19:00,Hydro,0.78
2/15/2024 20:00,Hydro,0.624
2/15/2024 21:00,Hydro,0.351
2/15/2024 22:00,Hydro,0.197
2/15/2024 23:00,Hydro,0.178
2/16/2024 0:00,Hydro,0.19
2/16/2024 1:00,Hydro,0.191
2/16/2024 2:00,Hydro,0.144
2/16/2024 3:00,Hydro,0.137
2/16/2024 4:00,Hydro,0.132
2/16/2024 5:00,Hydro,0.206
2/16/2024 6:00,Hydro,0.6
2/16/2024 7:00,Hydro,0.654
2/16/2024 8:00,Hydro,0.639
2/16/2024 9:00,Hydro,0.44
2/16/2024 10:00,Hydro,0.251
2/16/2024 11:00,Hydro,0.164
2/16/2024 12:00,Hydro,0.147
2/16/2024 13:00,Hydro,0.153
2/16/2024 14:00,Hydro,0.144
2/16/2024 15:00,Hydro,0.201
2/16/2024 16:00,Hydro,0.353
2/16/2024 17:00,Hydro,0.53
2/16/2024 18:00,Hydro,0.769
2/16/2024 19:00,Hydro,0.773
2/16/2024 20:00,Hydro,0.521
2/16/2024 21:00,Hydro,0.301
2/16/2024 22:00,Hydro,0.206
2/16/2024 23:00,Hydro,0.161
2/17/2024 0:00,Hydro,0.146
2/17/2024 1:00,Hydro,0.139
2/17/2024 2:00,Hydro,0.132
2/17/2024 3:00,Hydro,0.129
2/17/2024 4:00,Hydro,0.129
2/17/2024 5:00,Hydro,0.154
2/17/2024 6:00,Hydro,0.189
2/17/2024 7:00,Hydro,0.369
2/17/2024 8:00,Hydro,0.605
2/17/2024 9:00,Hydro,0.597
2/17/2024 10:00,Hydro,0.422
2/17/2024 11:00,Hydro,0.182
2/17/2024 12:00,Hydro,0.151
2/17/2024 13:00,Hydro,0.152
2/17/2024 14:00,Hydro,0.152
2/17/2024 15:00,Hydro,0.22
2/17/2024 16:00,Hydro,0.274
2/17/2024 17:00,Hydro,0.521
2/17/2024 18:00,Hydro,0.82
2/17/2024 19:00,Hydro,0.777
2/17/2024 20:00,Hydro,0.758
2/17/2024 21:00,Hydro,0.591
2/17/2024 22:00,Hydro,0.368
2/17/2024 23:00,Hydro,0.273
2/18/2024 0:00,Hydro,0.181
2/18/2024 1:00,Hydro,0.153
2/18/2024 2:00,Hydro,0.151
2/18/2024 3:00,Hydro,0.149
2/18/2024 4:00,Hydro,0.133
2/18/2024 5:00,Hydro,0.274
2/18/2024 6:00,Hydro,0.434
2/18/2024 7:00,Hydro,0.619
2/18/2024 8:00,Hydro,0.468
2/18/2024 9:00,Hydro,0.221
2/18/2024 10:00,Hydro,0.204
2/18/2024 11:00,Hydro,0.169
2/18/2024 12:00,Hydro,0.14
2/18/2024 13:00,Hydro,0.143
2/18/2024 14:00,Hydro,0.139
2/18/2024 15:00,Hydro,0.208
2/18/2024 16:00,Hydro,0.263
2/18/2024 17:00,Hydro,0.36
2/18/2024 18:00,Hydro,0.56
2/18/2024 19:00,Hydro,0.583
2/18/2024 20:00,Hydro,0.472
2/18/2024 21:00,Hydro,0.255
2/18/2024 22:00,Hydro,0.168
2/18/2024 23:00,Hydro,0.157
2/19/2024 0:00,Hydro,0.164
2/19/2024 1:00,Hydro,0.135
2/19/2024 2:00,Hydro,0.116
2/19/2024 3:00,Hydro,0.117
2/19/2024 4:00,Hydro,0.206
2/19/2024 5:00,Hydro,0.411
2/19/2024 6:00,Hydro,0.667
2/19/2024 7:00,Hydro,0.759
2/19/2024 8:00,Hydro,0.642
2/19/2024 9:00,Hydro,0.311
2/19/2024 10:00,Hydro,0.162
2/19/2024 11:00,Hydro,0.146
2/19/2024 12:00,Hydro,0.146
2/19/2024 13:00,Hydro,0.151
2/19/2024 14:00,Hydro,0.151
2/19/2024 15:00,Hydro,0.213
2/19/2024 16:00,Hydro,0.307
2/19/2024 17:00,Hydro,0.425
2/19/2024 18:00,Hydro,0.756
2/19/2024 19:00,Hydro,0.773
2/19/2024 20:00,Hydro,0.683
2/19/2024 21:00,Hydro,0.399
2/19/2024 22:00,Hydro,0.21
2/19/2024 23:00,Hydro,0.152
2/20/2024 0:00,Hydro,0.122
2/20/2024 1:00,Hydro,0.113
2/20/2024 2:00,Hydro,0.117
2/20/2024 3:00,Hydro,0.136
2/20/2024 4:00,Hydro,0.18
2/20/2024 5:00,Hydro,0.443
2/20/2024 6:00,Hydro,0.736
2/20/2024 7:00,Hydro,0.798
2/20/2024 8:00,Hydro,0.598
2/20/2024 9:00,Hydro,0.343
2/20/2024 10:00,Hydro,0.196
2/20/2024 11:00,Hydro,0.146
2/20/2024 12:00,Hydro,0.143
2/20/2024 13:00,Hydro,0.142
2/20/2024 14:00,Hydro,0.147
2/20/2024 15:00,Hydro,0.208
2/20/2024 16:00,Hydro,0.284
2/20/2024 17:00,Hydro,0.444
2/20/2024 18:00,Hydro,0.732
2/20/2024 19:00,Hydro,0.684
2/20/2024 20:00,Hydro,0.541
2/20/2024 21:00,Hydro,0.302
2/20/2024 22:00,Hydro,0.188
2/20/2024 23:00,Hydro,0.144
2/21/2024 0:00,Hydro,0.11
2/21/2024 1:00,Hydro,0.099
2/21/2024 2:00,Hydro,0.109
2/21/2024 3:00,Hydro,0.121
2/21/2024 4:00,Hydro,0.18
2/21/2024 5:00,Hydro,0.407
2/21/2024 6:00,Hydro,0.729
2/21/2024 7:00,Hydro,0.809
2/21/2024 8:00,Hydro,0.545
2/21/2024 9:00,Hydro,0.254
2/21/2024 10:00,Hydro,0.143
2/21/2024 11:00,Hydro,0.13
2/21/2024 12:00,Hydro,0.149
2/21/2024 13:00,Hydro,0.152
2/21/2024 14:00,Hydro,0.149
2/21/2024 15:00,Hydro,0.211
2/21/2024 16:00,Hydro,0.329
2/21/2024 17:00,Hydro,0.56
2/21/2024 18:00,Hydro,0.774
2/21/2024 19:00,Hydro,0.726
2/21/2024 20:00,Hydro,0.641
2/21/2024 21:00,Hydro,0.426
2/21/2024 22:00,Hydro,0.205
2/21/2024 23:00,Hydro,0.166
2/22/2024 0:00,Hydro,0.123
2/22/2024 1:00,Hydro,0.119
2/22/2024 2:00,Hydro,0.115
2/22/2024 3:00,Hydro,0.113
2/22/2024 4:00,Hydro,0.114
2/22/2024 5:00,Hydro,0.259
2/22/2024 6:00,Hydro,0.721
2/22/2024 7:00,Hydro,0.783
2/22/2024 8:00,Hydro,0.669
2/22/2024 9:00,Hydro,0.404
2/22/2024 10:00,Hydro,0.175
2/22/2024 11:00,Hydro,0.143
2/22/2024 12:00,Hydro,0.118
2/22/2024 13:00,Hydro,0.109
2/22/2024 14:00,Hydro,0.117
2/22/2024 15:00,Hydro,0.202
2/22/2024 16:00,Hydro,0.297
2/22/2024 17:00,Hydro,0.508
2/22/2024 18:00,Hydro,0.809
2/22/2024 19:00,Hydro,0.768
2/22/2024 20:00,Hydro,0.562
2/22/2024 21:00,Hydro,0.309
2/22/2024 22:00,Hydro,0.182
2/22/2024 23:00,Hydro,0.158
2/23/2024 0:00,Hydro,0.141
2/23/2024 1:00,Hydro,0.106
2/23/2024 2:00,Hydro,0.1
2/23/2024 3:00,Hydro,0.109
2/23/2024 4:00,Hydro,0.107
2/23/2024 5:00,Hydro,0.115
2/23/2024 6:00,Hydro,0.289
2/23/2024 7:00,Hydro,0.596
2/23/2024 8:00,Hydro,0.643
2/23/2024 9:00,Hydro,0.533
2/23/2024 10:00,Hydro,0.526
2/23/2024 11:00,Hydro,0.339
2/23/2024 12:00,Hydro,0.186
2/23/2024 13:00,Hydro,0.151
2/23/2024 14:00,Hydro,0.132
2/23/2024 15:00,Hydro,0.143
2/23/2024 16:00,Hydro,0.231
2/23/2024 17:00,Hydro,0.453
2/23/2024 18:00,Hydro,0.617
2/23/2024 19:00,Hydro,0.544
2/23/2024 20:00,Hydro,0.43
2/23/2024 21:00,Hydro,0.27
2/23/2024 22:00,Hydro,0.141
2/23/2024 23:00,Hydro,0.132
2/24/2024 0:00,Hydro,0.146
2/24/2024 1:00,Hydro,0.135
2/24/2024 2:00,Hydro,0.145
2/24/2024 3:00,Hydro,0.144
2/24/2024 4:00,Hydro,0.157
2/24/2024 5:00,Hydro,0.155
2/24/2024 6:00,Hydro,0.167
2/24/2024 7:00,Hydro,0.199
2/24/2024 8:00,Hydro,0.192
2/24/2024 9:00,Hydro,0.189
2/24/2024 10:00,Hydro,0.196
2/24/2024 11:00,Hydro,0.153
2/24/2024 12:00,Hydro,0.142
2/24/2024 13:00,Hydro,0.136
2/24/2024 14:00,Hydro,0.133
2/24/2024 15:00,Hydro,0.145
2/24/2024 16:00,Hydro,0.239
2/24/2024 17:00,Hydro,0.494
2/24/2024 18:00,Hydro,0.745
2/24/2024 19:00,Hydro,0.708
2/24/2024 20:00,Hydro,0.673
2/24/2024 21:00,Hydro,0.608
2/24/2024 22:00,Hydro,0.401
2/24/2024 23:00,Hydro,0.207
2/25/2024 0:00,Hydro,0.178
2/25/2024 1:00,Hydro,0.183
2/25/2024 2:00,Hydro,0.22
2/25/2024 3:00,Hydro,0.204
2/25/2024 4:00,Hydro,0.192
2/25/2024 5:00,Hydro,0.328
2/25/2024 6:00,Hydro,0.568
2/25/2024 7:00,Hydro,0.588
2/25/2024 8:00,Hydro,0.381
2/25/2024 9:00,Hydro,0.224
2/25/2024 10:00,Hydro,0.181
2/25/2024 11:00,Hydro,0.168
2/25/2024 12:00,Hydro,0.158
2/25/2024 13:00,Hydro,0.145
2/25/2024 14:00,Hydro,0.139
2/25/2024 15:00,Hydro,0.154
2/25/2024 16:00,Hydro,0.233
2/25/2024 17:00,Hydro,0.349
2/25/2024 18:00,Hydro,0.707
2/25/2024 19:00,Hydro,0.642
2/25/2024 20:00,Hydro,0.465
2/25/2024 21:00,Hydro,0.285
2/25/2024 22:00,Hydro,0.166
2/25/2024 23:00,Hydro,0.139
2/26/2024 0:00,Hydro,0.129
2/26/2024 1:00,Hydro,0.127
2/26/2024 2:00,Hydro,0.115
2/26/2024 3:00,Hydro,0.117
2/26/2024 4:00,Hydro,0.179
2/26/2024 5:00,Hydro,0.359
2/26/2024 6:00,Hydro,0.628
2/26/2024 7:00,Hydro,0.709
2/26/2024 8:00,Hydro,0.59
2/26/2024 9:00,Hydro,0.356
2/26/2024 10:00,Hydro,0.214
2/26/2024 11:00,Hydro,0.164
2/26/2024 12:00,Hydro,0.158
2/26/2024 13:00,Hydro,0.141
2/26/2024 14:00,Hydro,0.141
2/26/2024 15:00,Hydro,0.146
2/26/2024 16:00,Hydro,0.232
2/26/2024 17:00,Hydro,0.338
2/26/2024 18:00,Hydro,0.626
2/26/2024 19:00,Hydro,0.564
2/26/2024 20:00,Hydro,0.37
2/26/2024 21:00,Hydro,0.238
2/26/2024 22:00,Hydro,0.152
2/26/2024 23:00,Hydro,0.137
2/27/2024 0:00,Hydro,0.129
2/27/2024 1:00,Hydro,0.134
2/27/2024 2:00,Hydro,0.132
2/27/2024 3:00,Hydro,0.131
2/27/2024 4:00,Hydro,0.123
2/27/2024 5:00,Hydro,0.153
2/27/2024 6:00,Hydro,0.617
2/27/2024 7:00,Hydro,0.696
2/27/2024 8:00,Hydro,0.446
2/27/2024 9:00,Hydro,0.17
2/27/2024 10:00,Hydro,0.172
2/27/2024 11:00,Hydro,0.155
2/27/2024 12:00,Hydro,0.167
2/27/2024 13:00,Hydro,0.181
2/27/2024 14:00,Hydro,0.164
2/27/2024 15:00,Hydro,0.171
2/27/2024 16:00,Hydro,0.244
2/27/2024 17:00,Hydro,0.491
2/27/2024 18:00,Hydro,0.722
2/27/2024 19:00,Hydro,0.608
2/27/2024 20:00,Hydro,0.476
2/27/2024 21:00,Hydro,0.264
2/27/2024 22:00,Hydro,0.174
2/27/2024 23:00,Hydro,0.124
2/28/2024 0:00,Hydro,0.114
2/28/2024 1:00,Hydro,0.115
2/28/2024 2:00,Hydro,0.113
2/28/2024 3:00,Hydro,0.12
2/28/2024 4:00,Hydro,0.117
2/28/2024 5:00,Hydro,0.117
2/28/2024 6:00,Hydro,0.243
2/28/2024 7:00,Hydro,0.332
2/28/2024 8:00,Hydro,0.355
2/28/2024 9:00,Hydro,0.282
2/28/2024 10:00,Hydro,0.258
2/28/2024 11:00,Hydro,0.224
2/28/2024 12:00,Hydro,0.162
2/28/2024 13:00,Hydro,0.145
2/28/2024 14:00,Hydro,0.132
2/28/2024 15:00,Hydro,0.154
2/28/2024 16:00,Hydro,0.219
2/28/2024 17:00,Hydro,0.476
2/28/2024 18:00,Hydro,0.798
2/28/2024 19:00,Hydro,0.808
2/28/2024 20:00,Hydro,0.762
2/28/2024 21:00,Hydro,0.5
2/28/2024 22:00,Hydro,0.239
2/28/2024 23:00,Hydro,0.155
2/29/2024 0:00,Hydro,0.143
2/29/2024 1:00,Hydro,0.136
2/29/2024 2:00,Hydro,0.122
2/29/2024 3:00,Hydro,0.146
2/29/2024 4:00,Hydro,0.332
2/29/2024 5:00,Hydro,0.363
2/29/2024 6:00,Hydro,0.582
2/29/2024 7:00,Hydro,0.685
2/29/2024 8:00,Hydro,0.582
2/29/2024 9:00,Hydro,0.385
2/29/2024 10:00,Hydro,0.211
2/29/2024 11:00,Hydro,0.179
2/29/2024 12:00,Hydro,0.169
2/29/2024 13:00,Hydro,0.168
2/29/2024 14:00,Hydro,0.164
2/29/2024 15:00,Hydro,0.171
2/29/2024 16:00,Hydro,0.26
2/29/2024 17:00,Hydro,0.417
2/29/2024 18:00,Hydro,0.736
2/29/2024 19:00,Hydro,0.816
2/29/2024 20:00,Hydro,0.75
2/29/2024 21:00,Hydro,0.451
2/29/2024 22:00,Hydro,0.207
2/29/2024 23:00,Hydro,0.163
3/1/2024 0:00,Hydro,0.165
3/1/2024 1:00,Hydro,0.168
3/1/2024 2:00,Hydro,0.172
3/1/2024 3:00,Hydro,0.193
3/1/2024 4:00,Hydro,0.299
3/1/2024 5:00,Hydro,0.507
3/1/2024 6:00,Hydro,0.673
3/1/2024 7:00,Hydro,0.736
3/1/2024 8:00,Hydro,0.558
3/1/2024 9:00,Hydro,0.324
3/1/2024 10:00,Hydro,0.199
3/1/2024 11:00,Hydro,0.204
3/1/2024 12:00,Hydro,0.194
3/1/2024 13:00,Hydro,0.195
3/1/2024 14:00,Hydro,0.194
3/1/2024 15:00,Hydro,0.218
3/1/2024 16:00,Hydro,0.326
3/1/2024 17:00,Hydro,0.504
3/1/2024 18:00,Hydro,0.553
3/1/2024 19:00,Hydro,0.53
3/1/2024 20:00,Hydro,0.481
3/1/2024 21:00,Hydro,0.362
3/1/2024 22:00,Hydro,0.211
3/1/2024 23:00,Hydro,0.199
3/2/2024 0:00,Hydro,0.195
3/2/2024 1:00,Hydro,0.202
3/2/2024 2:00,Hydro,0.177
3/2/2024 3:00,Hydro,0.173
3/2/2024 4:00,Hydro,0.174
3/2/2024 5:00,Hydro,0.182
3/2/2024 6:00,Hydro,0.257
3/2/2024 7:00,Hydro,0.303
3/2/2024 8:00,Hydro,0.444
3/2/2024 9:00,Hydro,0.513
3/2/2024 10:00,Hydro,0.517
3/2/2024 11:00,Hydro,0.294
3/2/2024 12:00,Hydro,0.217
3/2/2024 13:00,Hydro,0.218
3/2/2024 14:00,Hydro,0.221
3/2/2024 15:00,Hydro,0.23
3/2/2024 16:00,Hydro,0.309
3/2/2024 17:00,Hydro,0.396
3/2/2024 18:00,Hydro,0.474
3/2/2024 19:00,Hydro,0.474
3/2/2024 20:00,Hydro,0.399
3/2/2024 21:00,Hydro,0.314
3/2/2024 22:00,Hydro,0.251
3/2/2024 23:00,Hydro,0.227
3/3/2024 0:00,Hydro,0.221
3/3/2024 1:00,Hydro,0.219
3/3/2024 2:00,Hydro,0.22
3/3/2024 3:00,Hydro,0.22
3/3/2024 4:00,Hydro,0.22
3/3/2024 5:00,Hydro,0.22
3/3/2024 6:00,Hydro,0.289
3/3/2024 7:00,Hydro,0.359
3/3/2024 8:00,Hydro,0.313
3/3/2024 9:00,Hydro,0.254
3/3/2024 10:00,Hydro,0.235
3/3/2024 11:00,Hydro,0.237
3/3/2024 12:00,Hydro,0.236
3/3/2024 13:00,Hydro,0.237
3/3/2024 14:00,Hydro,0.23
3/3/2024 15:00,Hydro,0.233
3/3/2024 16:00,Hydro,0.292
3/3/2024 17:00,Hydro,0.425
3/3/2024 18:00,Hydro,0.613
3/3/2024 19:00,Hydro,0.61
3/3/2024 20:00,Hydro,0.561
3/3/2024 21:00,Hydro,0.36
3/3/2024 22:00,Hydro,0.248
3/3/2024 23:00,Hydro,0.225
3/4/2024 0:00,Hydro,0.225
3/4/2024 1:00,Hydro,0.226
3/4/2024 2:00,Hydro,0.225
3/4/2024 3:00,Hydro,0.225
3/4/2024 4:00,Hydro,0.224
3/4/2024 5:00,Hydro,0.243
3/4/2024 6:00,Hydro,0.526
3/4/2024 7:00,Hydro,0.599
3/4/2024 8:00,Hydro,0.552
3/4/2024 9:00,Hydro,0.47
3/4/2024 10:00,Hydro,0.287
3/4/2024 11:00,Hydro,0.207
3/4/2024 12:00,Hydro,0.208
3/4/2024 13:00,Hydro,0.203
3/4/2024 14:00,Hydro,0.204
3/4/2024 15:00,Hydro,0.208
3/4/2024 16:00,Hydro,0.302
3/4/2024 17:00,Hydro,0.521
3/4/2024 18:00,Hydro,0.619
3/4/2024 19:00,Hydro,0.683
3/4/2024 20:00,Hydro,0.55
3/4/2024 21:00,Hydro,0.371
3/4/2024 22:00,Hydro,0.252
3/4/2024 23:00,Hydro,0.226
3/5/2024 0:00,Hydro,0.231
3/5/2024 1:00,Hydro,0.23
3/5/2024 2:00,Hydro,0.226
3/5/2024 3:00,Hydro,0.223
3/5/2024 4:00,Hydro,0.223
3/5/2024 5:00,Hydro,0.245
3/5/2024 6:00,Hydro,0.47
3/5/2024 7:00,Hydro,0.564
3/5/2024 8:00,Hydro,0.547
3/5/2024 9:00,Hydro,0.388
3/5/2024 10:00,Hydro,0.308
3/5/2024 11:00,Hydro,0.291
3/5/2024 12:00,Hydro,0.239
3/5/2024 13:00,Hydro,0.215
3/5/2024 14:00,Hydro,0.214
3/5/2024 15:00,Hydro,0.216
3/5/2024 16:00,Hydro,0.32
3/5/2024 17:00,Hydro,0.569
3/5/2024 18:00,Hydro,0.697
3/5/2024 19:00,Hydro,0.716
3/5/2024 20:00,Hydro,0.672
3/5/2024 21:00,Hydro,0.413
3/5/2024 22:00,Hydro,0.26
3/5/2024 23:00,Hydro,0.238
3/6/2024 0:00,Hydro,0.259
3/6/2024 1:00,Hydro,0.262
3/6/2024 2:00,Hydro,0.261
3/6/2024 3:00,Hydro,0.26
3/6/2024 4:00,Hydro,0.261
3/6/2024 5:00,Hydro,0.281
3/6/2024 6:00,Hydro,0.366
3/6/2024 7:00,Hydro,0.442
3/6/2024 8:00,Hydro,0.555
3/6/2024 9:00,Hydro,0.52
3/6/2024 10:00,Hydro,0.437
3/6/2024 11:00,Hydro,0.365
3/6/2024 12:00,Hydro,0.328
3/6/2024 13:00,Hydro,0.319
3/6/2024 14:00,Hydro,0.314
3/6/2024 15:00,Hydro,0.284
3/6/2024 16:00,Hydro,0.35
3/6/2024 17:00,Hydro,0.498
3/6/2024 18:00,Hydro,0.697
3/6/2024 19:00,Hydro,0.708
3/6/2024 20:00,Hydro,0.647
3/6/2024 21:00,Hydro,0.422
3/6/2024 22:00,Hydro,0.286
3/6/2024 23:00,Hydro,0.265
3/7/2024 0:00,Hydro,0.241
3/7/2024 1:00,Hydro,0.235
3/7/2024 2:00,Hydro,0.249
3/7/2024 3:00,Hydro,0.251
3/7/2024 4:00,Hydro,0.245
3/7/2024 5:00,Hydro,0.258
3/7/2024 6:00,Hydro,0.55
3/7/2024 7:00,Hydro,0.627
3/7/2024 8:00,Hydro,0.553
3/7/2024 9:00,Hydro,0.427
3/7/2024 10:00,Hydro,0.341
3/7/2024 11:00,Hydro,0.289
3/7/2024 12:00,Hydro,0.281
3/7/2024 13:00,Hydro,0.282
3/7/2024 14:00,Hydro,0.277
3/7/2024 15:00,Hydro,0.277
3/7/2024 16:00,Hydro,0.336
3/7/2024 17:00,Hydro,0.535
3/7/2024 18:00,Hydro,0.716
3/7/2024 19:00,Hydro,0.709
3/7/2024 20:00,Hydro,0.563
3/7/2024 21:00,Hydro,0.361
3/7/2024 22:00,Hydro,0.275
3/7/2024 23:00,Hydro,0.269
3/8/2024 0:00,Hydro,0.267
3/8/2024 1:00,Hydro,0.267
3/8/2024 2:00,Hydro,0.266
3/8/2024 3:00,Hydro,0.269
3/8/2024 4:00,Hydro,0.278
3/8/2024 5:00,Hydro,0.355
3/8/2024 6:00,Hydro,0.573
3/8/2024 7:00,Hydro,0.535
3/8/2024 8:00,Hydro,0.406
3/8/2024 9:00,Hydro,0.323
3/8/2024 10:00,Hydro,0.293
3/8/2024 11:00,Hydro,0.274
3/8/2024 12:00,Hydro,0.275
3/8/2024 13:00,Hydro,0.279
3/8/2024 14:00,Hydro,0.284
3/8/2024 15:00,Hydro,0.286
3/8/2024 16:00,Hydro,0.347
3/8/2024 17:00,Hydro,0.519
3/8/2024 18:00,Hydro,0.66
3/8/2024 19:00,Hydro,0.641
3/8/2024 20:00,Hydro,0.557
3/8/2024 21:00,Hydro,0.384
3/8/2024 22:00,Hydro,0.291
3/8/2024 23:00,Hydro,0.276
3/9/2024 0:00,Hydro,0.267
3/9/2024 1:00,Hydro,0.262
3/9/2024 2:00,Hydro,0.26
3/9/2024 3:00,Hydro,0.257
3/9/2024 4:00,Hydro,0.245
3/9/2024 5:00,Hydro,0.246
3/9/2024 6:00,Hydro,0.257
3/9/2024 7:00,Hydro,0.274
3/9/2024 8:00,Hydro,0.329
3/9/2024 9:00,Hydro,0.372
3/9/2024 10:00,Hydro,0.397
3/9/2024 11:00,Hydro,0.396
3/9/2024 12:00,Hydro,0.323
3/9/2024 13:00,Hydro,0.27
3/9/2024 14:00,Hydro,0.27
3/9/2024 15:00,Hydro,0.287
3/9/2024 16:00,Hydro,0.392
3/9/2024 17:00,Hydro,0.533
3/9/2024 18:00,Hydro,0.641
3/9/2024 19:00,Hydro,0.634
3/9/2024 20:00,Hydro,0.518
3/9/2024 21:00,Hydro,0.367
3/9/2024 22:00,Hydro,0.295
3/9/2024 23:00,Hydro,0.275
3/10/2024 0:00,Hydro,0.273
3/10/2024 1:00,Hydro,0.272
3/10/2024 2:00,Hydro,0.271
3/10/2024 3:00,Hydro,0.271
3/10/2024 4:00,Hydro,0.269
3/10/2024 5:00,Hydro,0.269
3/10/2024 6:00,Hydro,0.3
3/10/2024 7:00,Hydro,0.328
3/10/2024 8:00,Hydro,0.352
3/10/2024 9:00,Hydro,0.339
3/10/2024 10:00,Hydro,0.337
3/10/2024 11:00,Hydro,0.278
3/10/2024 12:00,Hydro,0.264
3/10/2024 13:00,Hydro,0.264
3/10/2024 14:00,Hydro,0.272
3/10/2024 15:00,Hydro,0.273
3/10/2024 16:00,Hydro,0.324
3/10/2024 17:00,Hydro,0.483
3/10/2024 18:00,Hydro,0.608
3/10/2024 19:00,Hydro,0.745
3/10/2024 20:00,Hydro,0.712
3/10/2024 21:00,Hydro,0.622
3/10/2024 22:00,Hydro,0.396
3/10/2024 23:00,Hydro,0.317
3/11/2024 0:00,Hydro,0.32
3/11/2024 1:00,Hydro,0.275
3/11/2024 2:00,Hydro,0.253
3/11/2024 3:00,Hydro,0.252
3/11/2024 4:00,Hydro,0.42
3/11/2024 5:00,Hydro,0.497
3/11/2024 6:00,Hydro,0.608
3/11/2024 7:00,Hydro,0.622
3/11/2024 8:00,Hydro,0.631
3/11/2024 9:00,Hydro,0.479
3/11/2024 10:00,Hydro,0.355
3/11/2024 11:00,Hydro,0.266
3/11/2024 12:00,Hydro,0.251
3/11/2024 13:00,Hydro,0.254
3/11/2024 14:00,Hydro,0.255
3/11/2024 15:00,Hydro,0.259
3/11/2024 16:00,Hydro,0.319
3/11/2024 17:00,Hydro,0.429
3/11/2024 18:00,Hydro,0.585
3/11/2024 19:00,Hydro,0.665
3/11/2024 20:00,Hydro,0.678
3/11/2024 21:00,Hydro,0.471
3/11/2024 22:00,Hydro,0.314
3/11/2024 23:00,Hydro,0.266
3/12/2024 0:00,Hydro,0.225
3/12/2024 1:00,Hydro,0.223
3/12/2024 2:00,Hydro,0.222
3/12/2024 3:00,Hydro,0.242
3/12/2024 4:00,Hydro,0.333
3/12/2024 5:00,Hydro,0.405
3/12/2024 6:00,Hydro,0.629
3/12/2024 7:00,Hydro,0.644
3/12/2024 8:00,Hydro,0.575
3/12/2024 9:00,Hydro,0.384
3/12/2024 10:00,Hydro,0.248
3/12/2024 11:00,Hydro,0.224
3/12/2024 12:00,Hydro,0.225
3/12/2024 13:00,Hydro,0.226
3/12/2024 14:00,Hydro,0.244
3/12/2024 15:00,Hydro,0.25
3/12/2024 16:00,Hydro,0.309
3/12/2024 17:00,Hydro,0.388
3/12/2024 18:00,Hydro,0.573
3/12/2024 19:00,Hydro,0.641
3/12/2024 20:00,Hydro,0.643
3/12/2024 21:00,Hydro,0.414
3/12/2024 22:00,Hydro,0.258
3/12/2024 23:00,Hydro,0.236
3/13/2024 0:00,Hydro,0.251
3/13/2024 1:00,Hydro,0.253
3/13/2024 2:00,Hydro,0.252
3/13/2024 3:00,Hydro,0.252
3/13/2024 4:00,Hydro,0.272
3/13/2024 5:00,Hydro,0.34
3/13/2024 6:00,Hydro,0.598
3/13/2024 7:00,Hydro,0.633
3/13/2024 8:00,Hydro,0.616
3/13/2024 9:00,Hydro,0.463
3/13/2024 10:00,Hydro,0.278
3/13/2024 11:00,Hydro,0.257
3/13/2024 12:00,Hydro,0.256
3/13/2024 13:00,Hydro,0.254
3/13/2024 14:00,Hydro,0.255
3/13/2024 15:00,Hydro,0.257
3/13/2024 16:00,Hydro,0.304
3/13/2024 17:00,Hydro,0.448
3/13/2024 18:00,Hydro,0.615
3/13/2024 19:00,Hydro,0.709
3/13/2024 20:00,Hydro,0.709
3/13/2024 21:00,Hydro,0.447
3/13/2024 22:00,Hydro,0.286
3/13/2024 23:00,Hydro,0.255
3/14/2024 0:00,Hydro,0.25
3/14/2024 1:00,Hydro,0.251
3/14/2024 2:00,Hydro,0.252
3/14/2024 3:00,Hydro,0.253
3/14/2024 4:00,Hydro,0.271
3/14/2024 5:00,Hydro,0.343
3/14/2024 6:00,Hydro,0.585
3/14/2024 7:00,Hydro,0.639
3/14/2024 8:00,Hydro,0.503
3/14/2024 9:00,Hydro,0.368
3/14/2024 10:00,Hydro,0.312
3/14/2024 11:00,Hydro,0.271
3/14/2024 12:00,Hydro,0.263
3/14/2024 13:00,Hydro,0.257
3/14/2024 14:00,Hydro,0.259
3/14/2024 15:00,Hydro,0.258
3/14/2024 16:00,Hydro,0.315
3/14/2024 17:00,Hydro,0.498
3/14/2024 18:00,Hydro,0.624
3/14/2024 19:00,Hydro,0.722
3/14/2024 20:00,Hydro,0.697
3/14/2024 21:00,Hydro,0.487
3/14/2024 22:00,Hydro,0.289
3/14/2024 23:00,Hydro,0.256
3/15/2024 0:00,Hydro,0.252
3/15/2024 1:00,Hydro,0.252
3/15/2024 2:00,Hydro,0.252
3/15/2024 3:00,Hydro,0.251
3/15/2024 4:00,Hydro,0.248
3/15/2024 5:00,Hydro,0.252
3/15/2024 6:00,Hydro,0.314
3/15/2024 7:00,Hydro,0.439
3/15/2024 8:00,Hydro,0.482
3/15/2024 9:00,Hydro,0.4
3/15/2024 10:00,Hydro,0.355
3/15/2024 11:00,Hydro,0.371
3/15/2024 12:00,Hydro,0.332
3/15/2024 13:00,Hydro,0.302
3/15/2024 14:00,Hydro,0.269
3/15/2024 15:00,Hydro,0.314
3/15/2024 16:00,Hydro,0.45
3/15/2024 17:00,Hydro,0.564
3/15/2024 18:00,Hydro,0.632
3/15/2024 19:00,Hydro,0.67
3/15/2024 20:00,Hydro,0.618
3/15/2024 21:00,Hydro,0.483
3/15/2024 22:00,Hydro,0.318
3/15/2024 23:00,Hydro,0.244
3/16/2024 0:00,Hydro,0.216
3/16/2024 1:00,Hydro,0.216
3/16/2024 2:00,Hydro,0.215
3/16/2024 3:00,Hydro,0.213
3/16/2024 4:00,Hydro,0.212
3/16/2024 5:00,Hydro,0.233
3/16/2024 6:00,Hydro,0.249
3/16/2024 7:00,Hydro,0.421
3/16/2024 8:00,Hydro,0.378
3/16/2024 9:00,Hydro,0.322
3/16/2024 10:00,Hydro,0.32
3/16/2024 11:00,Hydro,0.317
3/16/2024 12:00,Hydro,0.253
3/16/2024 13:00,Hydro,0.244
3/16/2024 14:00,Hydro,0.245
3/16/2024 15:00,Hydro,0.25
3/16/2024 16:00,Hydro,0.316
3/16/2024 17:00,Hydro,0.332
3/16/2024 18:00,Hydro,0.434
3/16/2024 19:00,Hydro,0.646
3/16/2024 20:00,Hydro,0.673
3/16/2024 21:00,Hydro,0.528
3/16/2024 22:00,Hydro,0.311
3/16/2024 23:00,Hydro,0.233
3/17/2024 0:00,Hydro,0.235
3/17/2024 1:00,Hydro,0.232
3/17/2024 2:00,Hydro,0.229
3/17/2024 3:00,Hydro,0.23
3/17/2024 4:00,Hydro,0.22
3/17/2024 5:00,Hydro,0.218
3/17/2024 6:00,Hydro,0.23
3/17/2024 7:00,Hydro,0.242
3/17/2024 8:00,Hydro,0.223
3/17/2024 9:00,Hydro,0.28
3/17/2024 10:00,Hydro,0.305
3/17/2024 11:00,Hydro,0.295
3/17/2024 12:00,Hydro,0.219
3/17/2024 13:00,Hydro,0.195
3/17/2024 14:00,Hydro,0.192
3/17/2024 15:00,Hydro,0.197
3/17/2024 16:00,Hydro,0.258
3/17/2024 17:00,Hydro,0.289
3/17/2024 18:00,Hydro,0.389
3/17/2024 19:00,Hydro,0.56
3/17/2024 20:00,Hydro,0.588
3/17/2024 21:00,Hydro,0.511
3/17/2024 22:00,Hydro,0.305
3/17/2024 23:00,Hydro,0.203
3/18/2024 0:00,Hydro,0.196
3/18/2024 1:00,Hydro,0.191
3/18/2024 2:00,Hydro,0.192
3/18/2024 3:00,Hydro,0.191
3/18/2024 4:00,Hydro,0.19
3/18/2024 5:00,Hydro,0.221
3/18/2024 6:00,Hydro,0.55
3/18/2024 7:00,Hydro,0.685
3/18/2024 8:00,Hydro,0.641
3/18/2024 9:00,Hydro,0.456
3/18/2024 10:00,Hydro,0.316
3/18/2024 11:00,Hydro,0.217
3/18/2024 12:00,Hydro,0.218
3/18/2024 13:00,Hydro,0.212
3/18/2024 14:00,Hydro,0.205
3/18/2024 15:00,Hydro,0.199
3/18/2024 16:00,Hydro,0.265
3/18/2024 17:00,Hydro,0.316
3/18/2024 18:00,Hydro,0.576
3/18/2024 19:00,Hydro,0.691
3/18/2024 20:00,Hydro,0.704
3/18/2024 21:00,Hydro,0.615
3/18/2024 22:00,Hydro,0.432
3/18/2024 23:00,Hydro,0.299
3/19/2024 0:00,Hydro,0.255
3/19/2024 1:00,Hydro,0.225
3/19/2024 2:00,Hydro,0.209
3/19/2024 3:00,Hydro,0.245
3/19/2024 4:00,Hydro,0.302
3/19/2024 5:00,Hydro,0.402
3/19/2024 6:00,Hydro,0.544
3/19/2024 7:00,Hydro,0.579
3/19/2024 8:00,Hydro,0.511
3/19/2024 9:00,Hydro,0.294
3/19/2024 10:00,Hydro,0.19
3/19/2024 11:00,Hydro,0.23
3/19/2024 12:00,Hydro,0.23
3/19/2024 13:00,Hydro,0.189
3/19/2024 14:00,Hydro,0.18
3/19/2024 15:00,Hydro,0.179
3/19/2024 16:00,Hydro,0.253
3/19/2024 17:00,Hydro,0.292
3/19/2024 18:00,Hydro,0.379
3/19/2024 19:00,Hydro,0.491
3/19/2024 20:00,Hydro,0.562
3/19/2024 21:00,Hydro,0.449
3/19/2024 22:00,Hydro,0.318
3/19/2024 23:00,Hydro,0.23
3/20/2024 0:00,Hydro,0.157
3/20/2024 1:00,Hydro,0.155
3/20/2024 2:00,Hydro,0.155
3/20/2024 3:00,Hydro,0.155
3/20/2024 4:00,Hydro,0.177
3/20/2024 5:00,Hydro,0.239
3/20/2024 6:00,Hydro,0.462
3/20/2024 7:00,Hydro,0.517
3/20/2024 8:00,Hydro,0.446
3/20/2024 9:00,Hydro,0.235
3/20/2024 10:00,Hydro,0.165
3/20/2024 11:00,Hydro,0.153
3/20/2024 12:00,Hydro,0.15
3/20/2024 13:00,Hydro,0.152
3/20/2024 14:00,Hydro,0.151
3/20/2024 15:00,Hydro,0.17
3/20/2024 16:00,Hydro,0.242
3/20/2024 17:00,Hydro,0.26
3/20/2024 18:00,Hydro,0.285
3/20/2024 19:00,Hydro,0.47
3/20/2024 20:00,Hydro,0.531
3/20/2024 21:00,Hydro,0.469
3/20/2024 22:00,Hydro,0.315
3/20/2024 23:00,Hydro,0.201
3/21/2024 0:00,Hydro,0.175
3/21/2024 1:00,Hydro,0.168
3/21/2024 2:00,Hydro,0.171
3/21/2024 3:00,Hydro,0.183
3/21/2024 4:00,Hydro,0.225
3/21/2024 5:00,Hydro,0.31
3/21/2024 6:00,Hydro,0.463
3/21/2024 7:00,Hydro,0.498
3/21/2024 8:00,Hydro,0.405
3/21/2024 9:00,Hydro,0.256
3/21/2024 10:00,Hydro,0.203
3/21/2024 11:00,Hydro,0.157
3/21/2024 12:00,Hydro,0.153
3/21/2024 13:00,Hydro,0.158
3/21/2024 14:00,Hydro,0.157
3/21/2024 15:00,Hydro,0.159
3/21/2024 16:00,Hydro,0.213
3/21/2024 17:00,Hydro,0.268
3/21/2024 18:00,Hydro,0.305
3/21/2024 19:00,Hydro,0.512
3/21/2024 20:00,Hydro,0.548
3/21/2024 21:00,Hydro,0.462
3/21/2024 22:00,Hydro,0.316
3/21/2024 23:00,Hydro,0.24
3/22/2024 0:00,Hydro,0.177
3/22/2024 1:00,Hydro,0.16
3/22/2024 2:00,Hydro,0.162
3/22/2024 3:00,Hydro,0.182
3/22/2024 4:00,Hydro,0.241
3/22/2024 5:00,Hydro,0.302
3/22/2024 6:00,Hydro,0.491
3/22/2024 7:00,Hydro,0.522
3/22/2024 8:00,Hydro,0.504
3/22/2024 9:00,Hydro,0.37
3/22/2024 10:00,Hydro,0.249
3/22/2024 11:00,Hydro,0.25
3/22/2024 12:00,Hydro,0.237
3/22/2024 13:00,Hydro,0.215
3/22/2024 14:00,Hydro,0.189
3/22/2024 15:00,Hydro,0.183
3/22/2024 16:00,Hydro,0.244
3/22/2024 17:00,Hydro,0.246
3/22/2024 18:00,Hydro,0.318
3/22/2024 19:00,Hydro,0.334
3/22/2024 20:00,Hydro,0.349
3/22/2024 21:00,Hydro,0.348
3/22/2024 22:00,Hydro,0.223
3/22/2024 23:00,Hydro,0.18
3/23/2024 0:00,Hydro,0.159
3/23/2024 1:00,Hydro,0.151
3/23/2024 2:00,Hydro,0.147
3/23/2024 3:00,Hydro,0.144
3/23/2024 4:00,Hydro,0.155
3/23/2024 5:00,Hydro,0.153
3/23/2024 6:00,Hydro,0.212
3/23/2024 7:00,Hydro,0.24
3/23/2024 8:00,Hydro,0.306
3/23/2024 9:00,Hydro,0.355
3/23/2024 10:00,Hydro,0.336
3/23/2024 11:00,Hydro,0.25
3/23/2024 12:00,Hydro,0.187
3/23/2024 13:00,Hydro,0.175
3/23/2024 14:00,Hydro,0.181
3/23/2024 15:00,Hydro,0.185
3/23/2024 16:00,Hydro,0.272
3/23/2024 17:00,Hydro,0.29
3/23/2024 18:00,Hydro,0.351
3/23/2024 19:00,Hydro,0.455
3/23/2024 20:00,Hydro,0.577
3/23/2024 21:00,Hydro,0.46
3/23/2024 22:00,Hydro,0.312
3/23/2024 23:00,Hydro,0.233
3/24/2024 0:00,Hydro,0.2
3/24/2024 1:00,Hydro,0.193
3/24/2024 2:00,Hydro,0.178
3/24/2024 3:00,Hydro,0.176
3/24/2024 4:00,Hydro,0.233
3/24/2024 5:00,Hydro,0.287
3/24/2024 6:00,Hydro,0.468
3/24/2024 7:00,Hydro,0.488
3/24/2024 8:00,Hydro,0.41
3/24/2024 9:00,Hydro,0.248
3/24/2024 10:00,Hydro,0.202
3/24/2024 11:00,Hydro,0.214
3/24/2024 12:00,Hydro,0.191
3/24/2024 13:00,Hydro,0.19
3/24/2024 14:00,Hydro,0.185
3/24/2024 15:00,Hydro,0.202
3/24/2024 16:00,Hydro,0.271
3/24/2024 17:00,Hydro,0.316
3/24/2024 18:00,Hydro,0.384
3/24/2024 19:00,Hydro,0.511
3/24/2024 20:00,Hydro,0.606
3/24/2024 21:00,Hydro,0.442
3/24/2024 22:00,Hydro,0.25
3/24/2024 23:00,Hydro,0.196
3/25/2024 0:00,Hydro,0.185
3/25/2024 1:00,Hydro,0.167
3/25/2024 2:00,Hydro,0.189
3/25/2024 3:00,Hydro,0.233
3/25/2024 4:00,Hydro,0.225
3/25/2024 5:00,Hydro,0.329
3/25/2024 6:00,Hydro,0.455
3/25/2024 7:00,Hydro,0.51
3/25/2024 8:00,Hydro,0.43
3/25/2024 9:00,Hydro,0.246
3/25/2024 10:00,Hydro,0.188
3/25/2024 11:00,Hydro,0.18
3/25/2024 12:00,Hydro,0.172
3/25/2024 13:00,Hydro,0.169
3/25/2024 14:00,Hydro,0.17
3/25/2024 15:00,Hydro,0.169
3/25/2024 16:00,Hydro,0.228
3/25/2024 17:00,Hydro,0.275
3/25/2024 18:00,Hydro,0.399
3/25/2024 19:00,Hydro,0.548
3/25/2024 20:00,Hydro,0.574
3/25/2024 21:00,Hydro,0.46
3/25/2024 22:00,Hydro,0.297
3/25/2024 23:00,Hydro,0.185
3/26/2024 0:00,Hydro,0.162
3/26/2024 1:00,Hydro,0.161
3/26/2024 2:00,Hydro,0.157
3/26/2024 3:00,Hydro,0.153
3/26/2024 4:00,Hydro,0.186
3/26/2024 5:00,Hydro,0.239
3/26/2024 6:00,Hydro,0.481
3/26/2024 7:00,Hydro,0.491
3/26/2024 8:00,Hydro,0.444
3/26/2024 9:00,Hydro,0.361
3/26/2024 10:00,Hydro,0.3
3/26/2024 11:00,Hydro,0.263
3/26/2024 12:00,Hydro,0.225
3/26/2024 13:00,Hydro,0.188
3/26/2024 14:00,Hydro,0.189
3/26/2024 15:00,Hydro,0.205
3/26/2024 16:00,Hydro,0.267
3/26/2024 17:00,Hydro,0.305
3/26/2024 18:00,Hydro,0.345
3/26/2024 19:00,Hydro,0.47
3/26/2024 20:00,Hydro,0.478
3/26/2024 21:00,Hydro,0.327
3/26/2024 22:00,Hydro,0.234
3/26/2024 23:00,Hydro,0.196
3/27/2024 0:00,Hydro,0.199
3/27/2024 1:00,Hydro,0.184
3/27/2024 2:00,Hydro,0.166
3/27/2024 3:00,Hydro,0.154
3/27/2024 4:00,Hydro,0.149
3/27/2024 5:00,Hydro,0.159
3/27/2024 6:00,Hydro,0.348
3/27/2024 7:00,Hydro,0.473
3/27/2024 8:00,Hydro,0.528
3/27/2024 9:00,Hydro,0.429
3/27/2024 10:00,Hydro,0.358
3/27/2024 11:00,Hydro,0.288
3/27/2024 12:00,Hydro,0.245
3/27/2024 13:00,Hydro,0.19
3/27/2024 14:00,Hydro,0.172
3/27/2024 15:00,Hydro,0.168
3/27/2024 16:00,Hydro,0.228
3/27/2024 17:00,Hydro,0.274
3/27/2024 18:00,Hydro,0.301
3/27/2024 19:00,Hydro,0.441
3/27/2024 20:00,Hydro,0.587
3/27/2024 21:00,Hydro,0.526
3/27/2024 22:00,Hydro,0.358
3/27/2024 23:00,Hydro,0.249
3/28/2024 0:00,Hydro,0.163
3/28/2024 1:00,Hydro,0.157
3/28/2024 2:00,Hydro,0.149
3/28/2024 3:00,Hydro,0.13
3/28/2024 4:00,Hydro,0.12
3/28/2024 5:00,Hydro,0.173
3/28/2024 6:00,Hydro,0.434
3/28/2024 7:00,Hydro,0.513
3/28/2024 8:00,Hydro,0.501
3/28/2024 9:00,Hydro,0.414
3/28/2024 10:00,Hydro,0.343
3/28/2024 11:00,Hydro,0.235
3/28/2024 12:00,Hydro,0.176
3/28/2024 13:00,Hydro,0.159
3/28/2024 14:00,Hydro,0.162
3/28/2024 15:00,Hydro,0.162
3/28/2024 16:00,Hydro,0.184
3/28/2024 17:00,Hydro,0.281
3/28/2024 18:00,Hydro,0.327
3/28/2024 19:00,Hydro,0.48
3/28/2024 20:00,Hydro,0.557
3/28/2024 21:00,Hydro,0.448
3/28/2024 22:00,Hydro,0.241
3/28/2024 23:00,Hydro,0.152
3/29/2024 0:00,Hydro,0.132
3/29/2024 1:00,Hydro,0.129
3/29/2024 2:00,Hydro,0.123
3/29/2024 3:00,Hydro,0.116
3/29/2024 4:00,Hydro,0.199
3/29/2024 5:00,Hydro,0.246
3/29/2024 6:00,Hydro,0.365
3/29/2024 7:00,Hydro,0.429
3/29/2024 8:00,Hydro,0.396
3/29/2024 9:00,Hydro,0.297
3/29/2024 10:00,Hydro,0.22
3/29/2024 11:00,Hydro,0.223
3/29/2024 12:00,Hydro,0.213
3/29/2024 13:00,Hydro,0.184
3/29/2024 14:00,Hydro,0.176
3/29/2024 15:00,Hydro,0.174
3/29/2024 16:00,Hydro,0.205
3/29/2024 17:00,Hydro,0.28
3/29/2024 18:00,Hydro,0.297
3/29/2024 19:00,Hydro,0.448
3/29/2024 20:00,Hydro,0.52
3/29/2024 21:00,Hydro,0.448
3/29/2024 22:00,Hydro,0.282
3/29/2024 23:00,Hydro,0.188
3/30/2024 0:00,Hydro,0.182
3/30/2024 1:00,Hydro,0.174
3/30/2024 2:00,Hydro,0.172
3/30/2024 3:00,Hydro,0.168
3/30/2024 4:00,Hydro,0.152
3/30/2024 5:00,Hydro,0.155
3/30/2024 6:00,Hydro,0.222
3/30/2024 7:00,Hydro,0.25
3/30/2024 8:00,Hydro,0.237
3/30/2024 9:00,Hydro,0.244
3/30/2024 10:00,Hydro,0.231
3/30/2024 11:00,Hydro,0.232
3/30/2024 12:00,Hydro,0.22
3/30/2024 13:00,Hydro,0.18
3/30/2024 14:00,Hydro,0.168
3/30/2024 15:00,Hydro,0.169
3/30/2024 16:00,Hydro,0.225
3/30/2024 17:00,Hydro,0.253
3/30/2024 18:00,Hydro,0.312
3/30/2024 19:00,Hydro,0.502
3/30/2024 20:00,Hydro,0.565
3/30/2024 21:00,Hydro,0.486
3/30/2024 22:00,Hydro,0.263
3/30/2024 23:00,Hydro,0.19
3/31/2024 0:00,Hydro,0.153
3/31/2024 1:00,Hydro,0.15
3/31/2024 2:00,Hydro,0.149
3/31/2024 3:00,Hydro,0.153
3/31/2024 4:00,Hydro,0.149
3/31/2024 5:00,Hydro,0.145
3/31/2024 6:00,Hydro,0.167
3/31/2024 7:00,Hydro,0.169
3/31/2024 8:00,Hydro,0.17
3/31/2024 9:00,Hydro,0.171
3/31/2024 10:00,Hydro,0.166
3/31/2024 11:00,Hydro,0.188
3/31/2024 12:00,Hydro,0.178
3/31/2024 13:00,Hydro,0.172
3/31/2024 14:00,Hydro,0.176
3/31/2024 15:00,Hydro,0.195
3/31/2024 16:00,Hydro,0.264
3/31/2024 17:00,Hydro,0.348
3/31/2024 18:00,Hydro,0.339
3/31/2024 19:00,Hydro,0.512
3/31/2024 20:00,Hydro,0.534
3/31/2024 21:00,Hydro,0.443
3/31/2024 22:00,Hydro,0.293
3/31/2024 23:00,Hydro,0.184
4/1/2024 0:00,Hydro,0.167
4/1/2024 1:00,Hydro,0.158
4/1/2024 2:00,Hydro,0.148
4/1/2024 3:00,Hydro,0.141
4/1/2024 4:00,Hydro,0.14
4/1/2024 5:00,Hydro,0.145
4/1/2024 6:00,Hydro,0.233
4/1/2024 7:00,Hydro,0.347
4/1/2024 8:00,Hydro,0.452
4/1/2024 9:00,Hydro,0.401
4/1/2024 10:00,Hydro,0.379
4/1/2024 11:00,Hydro,0.356
4/1/2024 12:00,Hydro,0.362
4/1/2024 13:00,Hydro,0.352
4/1/2024 14:00,Hydro,0.321
4/1/2024 15:00,Hydro,0.289
4/1/2024 16:00,Hydro,0.344
4/1/2024 17:00,Hydro,0.407
4/1/2024 18:00,Hydro,0.52
4/1/2024 19:00,Hydro,0.577
4/1/2024 20:00,Hydro,0.586
4/1/2024 21:00,Hydro,0.481
4/1/2024 22:00,Hydro,0.27
4/1/2024 23:00,Hydro,0.211
4/2/2024 0:00,Hydro,0.19
4/2/2024 1:00,Hydro,0.164
4/2/2024 2:00,Hydro,0.158
4/2/2024 3:00,Hydro,0.161
4/2/2024 4:00,Hydro,0.164
4/2/2024 5:00,Hydro,0.177
4/2/2024 6:00,Hydro,0.261
4/2/2024 7:00,Hydro,0.383
4/2/2024 8:00,Hydro,0.462
4/2/2024 9:00,Hydro,0.429
4/2/2024 10:00,Hydro,0.398
4/2/2024 11:00,Hydro,0.372
4/2/2024 12:00,Hydro,0.391
4/2/2024 13:00,Hydro,0.283
4/2/2024 14:00,Hydro,0.207
4/2/2024 15:00,Hydro,0.199
4/2/2024 16:00,Hydro,0.266
4/2/2024 17:00,Hydro,0.383
4/2/2024 18:00,Hydro,0.475
4/2/2024 19:00,Hydro,0.499
4/2/2024 20:00,Hydro,0.528
4/2/2024 21:00,Hydro,0.471
4/2/2024 22:00,Hydro,0.292
4/2/2024 23:00,Hydro,0.219
4/3/2024 0:00,Hydro,0.222
4/3/2024 1:00,Hydro,0.228
4/3/2024 2:00,Hydro,0.214
4/3/2024 3:00,Hydro,0.21
4/3/2024 4:00,Hydro,0.21
4/3/2024 5:00,Hydro,0.243
4/3/2024 6:00,Hydro,0.322
4/3/2024 7:00,Hydro,0.41
4/3/2024 8:00,Hydro,0.453
4/3/2024 9:00,Hydro,0.347
4/3/2024 10:00,Hydro,0.307
4/3/2024 11:00,Hydro,0.331
4/3/2024 12:00,Hydro,0.422
4/3/2024 13:00,Hydro,0.341
4/3/2024 14:00,Hydro,0.255
4/3/2024 15:00,Hydro,0.257
4/3/2024 16:00,Hydro,0.312
4/3/2024 17:00,Hydro,0.417
4/3/2024 18:00,Hydro,0.492
4/3/2024 19:00,Hydro,0.572
4/3/2024 20:00,Hydro,0.576
4/3/2024 21:00,Hydro,0.453
4/3/2024 22:00,Hydro,0.321
4/3/2024 23:00,Hydro,0.247
4/4/2024 0:00,Hydro,0.226
4/4/2024 1:00,Hydro,0.223
4/4/2024 2:00,Hydro,0.222
4/4/2024 3:00,Hydro,0.22
4/4/2024 4:00,Hydro,0.238
4/4/2024 5:00,Hydro,0.307
4/4/2024 6:00,Hydro,0.489
4/4/2024 7:00,Hydro,0.53
4/4/2024 8:00,Hydro,0.522
4/4/2024 9:00,Hydro,0.401
4/4/2024 10:00,Hydro,0.271
4/4/2024 11:00,Hydro,0.254
4/4/2024 12:00,Hydro,0.212
4/4/2024 13:00,Hydro,0.205
4/4/2024 14:00,Hydro,0.201
4/4/2024 15:00,Hydro,0.202
4/4/2024 16:00,Hydro,0.233
4/4/2024 17:00,Hydro,0.274
4/4/2024 18:00,Hydro,0.342
4/4/2024 19:00,Hydro,0.445
4/4/2024 20:00,Hydro,0.557
4/4/2024 21:00,Hydro,0.483
4/4/2024 22:00,Hydro,0.289
4/4/2024 23:00,Hydro,0.235
4/5/2024 0:00,Hydro,0.215
4/5/2024 1:00,Hydro,0.21
4/5/2024 2:00,Hydro,0.21
4/5/2024 3:00,Hydro,0.227
4/5/2024 4:00,Hydro,0.267
4/5/2024 5:00,Hydro,0.394
4/5/2024 6:00,Hydro,0.484
4/5/2024 7:00,Hydro,0.507
4/5/2024 8:00,Hydro,0.382
4/5/2024 9:00,Hydro,0.323
4/5/2024 10:00,Hydro,0.296
4/5/2024 11:00,Hydro,0.256
4/5/2024 12:00,Hydro,0.257
4/5/2024 13:00,Hydro,0.205
4/5/2024 14:00,Hydro,0.196
4/5/2024 15:00,Hydro,0.197
4/5/2024 16:00,Hydro,0.197
4/5/2024 17:00,Hydro,0.213
4/5/2024 18:00,Hydro,0.235
4/5/2024 19:00,Hydro,0.293
4/5/2024 20:00,Hydro,0.448
4/5/2024 21:00,Hydro,0.368
4/5/2024 22:00,Hydro,0.29
4/5/2024 23:00,Hydro,0.262
4/6/2024 0:00,Hydro,0.226
4/6/2024 1:00,Hydro,0.192
4/6/2024 2:00,Hydro,0.207
4/6/2024 3:00,Hydro,0.229
4/6/2024 4:00,Hydro,0.253
4/6/2024 5:00,Hydro,0.26
4/6/2024 6:00,Hydro,0.315
4/6/2024 7:00,Hydro,0.38
4/6/2024 8:00,Hydro,0.323
4/6/2024 9:00,Hydro,0.246
4/6/2024 10:00,Hydro,0.23
4/6/2024 11:00,Hydro,0.226
4/6/2024 12:00,Hydro,0.203
4/6/2024 13:00,Hydro,0.196
4/6/2024 14:00,Hydro,0.196
4/6/2024 15:00,Hydro,0.197
4/6/2024 16:00,Hydro,0.259
4/6/2024 17:00,Hydro,0.306
4/6/2024 18:00,Hydro,0.313
4/6/2024 19:00,Hydro,0.492
4/6/2024 20:00,Hydro,0.531
4/6/2024 21:00,Hydro,0.464
4/6/2024 22:00,Hydro,0.336
4/6/2024 23:00,Hydro,0.269
4/7/2024 0:00,Hydro,0.201
4/7/2024 1:00,Hydro,0.196
4/7/2024 2:00,Hydro,0.197
4/7/2024 3:00,Hydro,0.238
4/7/2024 4:00,Hydro,0.257
4/7/2024 5:00,Hydro,0.285
4/7/2024 6:00,Hydro,0.298
4/7/2024 7:00,Hydro,0.336
4/7/2024 8:00,Hydro,0.314
4/7/2024 9:00,Hydro,0.234
4/7/2024 10:00,Hydro,0.203
4/7/2024 11:00,Hydro,0.202
4/7/2024 12:00,Hydro,0.202
4/7/2024 13:00,Hydro,0.202
4/7/2024 14:00,Hydro,0.202
4/7/2024 15:00,Hydro,0.201
4/7/2024 16:00,Hydro,0.262
4/7/2024 17:00,Hydro,0.287
4/7/2024 18:00,Hydro,0.341
4/7/2024 19:00,Hydro,0.541
4/7/2024 20:00,Hydro,0.62
4/7/2024 21:00,Hydro,0.539
4/7/2024 22:00,Hydro,0.355
4/7/2024 23:00,Hydro,0.213
4/8/2024 0:00,Hydro,0.208
4/8/2024 1:00,Hydro,0.203
4/8/2024 2:00,Hydro,0.202
4/8/2024 3:00,Hydro,0.202
4/8/2024 4:00,Hydro,0.203
4/8/2024 5:00,Hydro,0.343
4/8/2024 6:00,Hydro,0.509
4/8/2024 7:00,Hydro,0.569
4/8/2024 8:00,Hydro,0.413
4/8/2024 9:00,Hydro,0.22
4/8/2024 10:00,Hydro,0.204
4/8/2024 11:00,Hydro,0.204
4/8/2024 12:00,Hydro,0.205
4/8/2024 13:00,Hydro,0.205
4/8/2024 14:00,Hydro,0.208
4/8/2024 15:00,Hydro,0.313
4/8/2024 16:00,Hydro,0.28
4/8/2024 17:00,Hydro,0.343
4/8/2024 18:00,Hydro,0.425
4/8/2024 19:00,Hydro,0.553
4/8/2024 20:00,Hydro,0.617
4/8/2024 21:00,Hydro,0.466
4/8/2024 22:00,Hydro,0.325
4/8/2024 23:00,Hydro,0.233
4/9/2024 0:00,Hydro,0.211
4/9/2024 1:00,Hydro,0.205
4/9/2024 2:00,Hydro,0.203
4/9/2024 3:00,Hydro,0.203
4/9/2024 4:00,Hydro,0.204
4/9/2024 5:00,Hydro,0.205
4/9/2024 6:00,Hydro,0.363
4/9/2024 7:00,Hydro,0.503
4/9/2024 8:00,Hydro,0.398
4/9/2024 9:00,Hydro,0.284
4/9/2024 10:00,Hydro,0.245
4/9/2024 11:00,Hydro,0.215
4/9/2024 12:00,Hydro,0.211
4/9/2024 13:00,Hydro,0.214
4/9/2024 14:00,Hydro,0.238
4/9/2024 15:00,Hydro,0.239
4/9/2024 16:00,Hydro,0.293
4/9/2024 17:00,Hydro,0.483
4/9/2024 18:00,Hydro,0.547
4/9/2024 19:00,Hydro,0.595
4/9/2024 20:00,Hydro,0.613
4/9/2024 21:00,Hydro,0.531
4/9/2024 22:00,Hydro,0.349
4/9/2024 23:00,Hydro,0.256
4/10/2024 0:00,Hydro,0.21
4/10/2024 1:00,Hydro,0.204
4/10/2024 2:00,Hydro,0.206
4/10/2024 3:00,Hydro,0.206
4/10/2024 4:00,Hydro,0.205
4/10/2024 5:00,Hydro,0.224
4/10/2024 6:00,Hydro,0.294
4/10/2024 7:00,Hydro,0.346
4/10/2024 8:00,Hydro,0.311
4/10/2024 9:00,Hydro,0.23
4/10/2024 10:00,Hydro,0.21
4/10/2024 11:00,Hydro,0.211
4/10/2024 12:00,Hydro,0.211
4/10/2024 13:00,Hydro,0.234
4/10/2024 14:00,Hydro,0.264
4/10/2024 15:00,Hydro,0.281
4/10/2024 16:00,Hydro,0.352
4/10/2024 17:00,Hydro,0.516
4/10/2024 18:00,Hydro,0.614
4/10/2024 19:00,Hydro,0.633
4/10/2024 20:00,Hydro,0.628
4/10/2024 21:00,Hydro,0.557
4/10/2024 22:00,Hydro,0.421
4/10/2024 23:00,Hydro,0.263
4/11/2024 0:00,Hydro,0.205
4/11/2024 1:00,Hydro,0.197
4/11/2024 2:00,Hydro,0.195
4/11/2024 3:00,Hydro,0.195
4/11/2024 4:00,Hydro,0.194
4/11/2024 5:00,Hydro,0.208
4/11/2024 6:00,Hydro,0.329
4/11/2024 7:00,Hydro,0.422
4/11/2024 8:00,Hydro,0.37
4/11/2024 9:00,Hydro,0.263
4/11/2024 10:00,Hydro,0.259
4/11/2024 11:00,Hydro,0.292
4/11/2024 12:00,Hydro,0.331
4/11/2024 13:00,Hydro,0.366
4/11/2024 14:00,Hydro,0.335
4/11/2024 15:00,Hydro,0.335
4/11/2024 16:00,Hydro,0.336
4/11/2024 17:00,Hydro,0.37
4/11/2024 18:00,Hydro,0.506
4/11/2024 19:00,Hydro,0.559
4/11/2024 20:00,Hydro,0.559
4/11/2024 21:00,Hydro,0.444
4/11/2024 22:00,Hydro,0.324
4/11/2024 23:00,Hydro,0.258
4/12/2024 0:00,Hydro,0.203
4/12/2024 1:00,Hydro,0.184
4/12/2024 2:00,Hydro,0.154
4/12/2024 3:00,Hydro,0.146
4/12/2024 4:00,Hydro,0.159
4/12/2024 5:00,Hydro,0.164
4/12/2024 6:00,Hydro,0.326
4/12/2024 7:00,Hydro,0.38
4/12/2024 8:00,Hydro,0.343
4/12/2024 9:00,Hydro,0.308
4/12/2024 10:00,Hydro,0.285
4/12/2024 11:00,Hydro,0.254
4/12/2024 12:00,Hydro,0.225
4/12/2024 13:00,Hydro,0.221
4/12/2024 14:00,Hydro,0.222
4/12/2024 15:00,Hydro,0.216
4/12/2024 16:00,Hydro,0.215
4/12/2024 17:00,Hydro,0.274
4/12/2024 18:00,Hydro,0.341
4/12/2024 19:00,Hydro,0.425
4/12/2024 20:00,Hydro,0.458
4/12/2024 21:00,Hydro,0.424
4/12/2024 22:00,Hydro,0.331
4/12/2024 23:00,Hydro,0.222
4/13/2024 0:00,Hydro,0.211
4/13/2024 1:00,Hydro,0.203
4/13/2024 2:00,Hydro,0.202
4/13/2024 3:00,Hydro,0.203
4/13/2024 4:00,Hydro,0.203
4/13/2024 5:00,Hydro,0.202
4/13/2024 6:00,Hydro,0.252
4/13/2024 7:00,Hydro,0.295
4/13/2024 8:00,Hydro,0.286
4/13/2024 9:00,Hydro,0.262
4/13/2024 10:00,Hydro,0.259
4/13/2024 11:00,Hydro,0.216
4/13/2024 12:00,Hydro,0.207
4/13/2024 13:00,Hydro,0.207
4/13/2024 14:00,Hydro,0.207
4/13/2024 15:00,Hydro,0.215
4/13/2024 16:00,Hydro,0.226
4/13/2024 17:00,Hydro,0.291
4/13/2024 18:00,Hydro,0.356
4/13/2024 19:00,Hydro,0.468
4/13/2024 20:00,Hydro,0.553
4/13/2024 21:00,Hydro,0.547
4/13/2024 22:00,Hydro,0.388
4/13/2024 23:00,Hydro,0.227
4/14/2024 0:00,Hydro,0.205
4/14/2024 1:00,Hydro,0.205
4/14/2024 2:00,Hydro,0.205
4/14/2024 3:00,Hydro,0.204
4/14/2024 4:00,Hydro,0.203
4/14/2024 5:00,Hydro,0.236
4/14/2024 6:00,Hydro,0.238
4/14/2024 7:00,Hydro,0.236
4/14/2024 8:00,Hydro,0.237
4/14/2024 9:00,Hydro,0.239
4/14/2024 10:00,Hydro,0.214
4/14/2024 11:00,Hydro,0.207
4/14/2024 12:00,Hydro,0.207
4/14/2024 13:00,Hydro,0.207
4/14/2024 14:00,Hydro,0.206
4/14/2024 15:00,Hydro,0.206
4/14/2024 16:00,Hydro,0.259
4/14/2024 17:00,Hydro,0.35
4/14/2024 18:00,Hydro,0.517
4/14/2024 19:00,Hydro,0.614
4/14/2024 20:00,Hydro,0.637
4/14/2024 21:00,Hydro,0.552
4/14/2024 22:00,Hydro,0.38
4/14/2024 23:00,Hydro,0.215
4/15/2024 0:00,Hydro,0.2
4/15/2024 1:00,Hydro,0.2
4/15/2024 2:00,Hydro,0.2
4/15/2024 3:00,Hydro,0.2
4/15/2024 4:00,Hydro,0.2
4/15/2024 5:00,Hydro,0.205
4/15/2024 6:00,Hydro,0.252
4/15/2024 7:00,Hydro,0.264
4/15/2024 8:00,Hydro,0.254
4/15/2024 9:00,Hydro,0.225
4/15/2024 10:00,Hydro,0.199
4/15/2024 11:00,Hydro,0.203
4/15/2024 12:00,Hydro,0.25
4/15/2024 13:00,Hydro,0.254
4/15/2024 14:00,Hydro,0.326
4/15/2024 15:00,Hydro,0.474
4/15/2024 16:00,Hydro,0.557
4/15/2024 17:00,Hydro,0.589
4/15/2024 18:00,Hydro,0.597
4/15/2024 19:00,Hydro,0.619
4/15/2024 20:00,Hydro,0.646
4/15/2024 21:00,Hydro,0.564
4/15/2024 22:00,Hydro,0.356
4/15/2024 23:00,Hydro,0.239
4/16/2024 0:00,Hydro,0.204
4/16/2024 1:00,Hydro,0.205
4/16/2024 2:00,Hydro,0.207
4/16/2024 3:00,Hydro,0.207
4/16/2024 4:00,Hydro,0.207
4/16/2024 5:00,Hydro,0.236
4/16/2024 6:00,Hydro,0.389
4/16/2024 7:00,Hydro,0.389
4/16/2024 8:00,Hydro,0.358
4/16/2024 9:00,Hydro,0.263
4/16/2024 10:00,Hydro,0.245
4/16/2024 11:00,Hydro,0.214
4/16/2024 12:00,Hydro,0.207
4/16/2024 13:00,Hydro,0.21
4/16/2024 14:00,Hydro,0.216
4/16/2024 15:00,Hydro,0.3
4/16/2024 16:00,Hydro,0.447
4/16/2024 17:00,Hydro,0.559
4/16/2024 18:00,Hydro,0.565
4/16/2024 19:00,Hydro,0.621
4/16/2024 20:00,Hydro,0.623
4/16/2024 21:00,Hydro,0.564
4/16/2024 22:00,Hydro,0.488
4/16/2024 23:00,Hydro,0.288
4/17/2024 0:00,Hydro,0.222
4/17/2024 1:00,Hydro,0.218
4/17/2024 2:00,Hydro,0.216
4/17/2024 3:00,Hydro,0.215
4/17/2024 4:00,Hydro,0.214
4/17/2024 5:00,Hydro,0.224
4/17/2024 6:00,Hydro,0.352
4/17/2024 7:00,Hydro,0.342
4/17/2024 8:00,Hydro,0.316
4/17/2024 9:00,Hydro,0.256
4/17/2024 10:00,Hydro,0.235
4/17/2024 11:00,Hydro,0.219
4/17/2024 12:00,Hydro,0.258
4/17/2024 13:00,Hydro,0.281
4/17/2024 14:00,Hydro,0.346
4/17/2024 15:00,Hydro,0.405
4/17/2024 16:00,Hydro,0.454
4/17/2024 17:00,Hydro,0.566
4/17/2024 18:00,Hydro,0.576
4/17/2024 19:00,Hydro,0.613
4/17/2024 20:00,Hydro,0.618
4/17/2024 21:00,Hydro,0.568
4/17/2024 22:00,Hydro,0.432
4/17/2024 23:00,Hydro,0.288
4/18/2024 0:00,Hydro,0.218
4/18/2024 1:00,Hydro,0.215
4/18/2024 2:00,Hydro,0.214
4/18/2024 3:00,Hydro,0.212
4/18/2024 4:00,Hydro,0.21
4/18/2024 5:00,Hydro,0.211
4/18/2024 6:00,Hydro,0.276
4/18/2024 7:00,Hydro,0.28
4/18/2024 8:00,Hydro,0.269
4/18/2024 9:00,Hydro,0.251
4/18/2024 10:00,Hydro,0.245
4/18/2024 11:00,Hydro,0.245
4/18/2024 12:00,Hydro,0.252
4/18/2024 13:00,Hydro,0.333
4/18/2024 14:00,Hydro,0.343
4/18/2024 15:00,Hydro,0.375
4/18/2024 16:00,Hydro,0.491
4/18/2024 17:00,Hydro,0.555
4/18/2024 18:00,Hydro,0.571
4/18/2024 19:00,Hydro,0.584
4/18/2024 20:00,Hydro,0.589
4/18/2024 21:00,Hydro,0.481
4/18/2024 22:00,Hydro,0.317
4/18/2024 23:00,Hydro,0.224
4/19/2024 0:00,Hydro,0.203
4/19/2024 1:00,Hydro,0.191
4/19/2024 2:00,Hydro,0.195
4/19/2024 3:00,Hydro,0.202
4/19/2024 4:00,Hydro,0.204
4/19/2024 5:00,Hydro,0.231
4/19/2024 6:00,Hydro,0.407
4/19/2024 7:00,Hydro,0.511
4/19/2024 8:00,Hydro,0.524
4/19/2024 9:00,Hydro,0.43
4/19/2024 10:00,Hydro,0.316
4/19/2024 11:00,Hydro,0.217
4/19/2024 12:00,Hydro,0.203
4/19/2024 13:00,Hydro,0.203
4/19/2024 14:00,Hydro,0.207
4/19/2024 15:00,Hydro,0.236
4/19/2024 16:00,Hydro,0.282
4/19/2024 17:00,Hydro,0.333
4/19/2024 18:00,Hydro,0.427
4/19/2024 19:00,Hydro,0.504
4/19/2024 20:00,Hydro,0.493
4/19/2024 21:00,Hydro,0.472
4/19/2024 22:00,Hydro,0.373
4/19/2024 23:00,Hydro,0.227
4/20/2024 0:00,Hydro,0.196
4/20/2024 1:00,Hydro,0.197
4/20/2024 2:00,Hydro,0.199
4/20/2024 3:00,Hydro,0.201
4/20/2024 4:00,Hydro,0.2
4/20/2024 5:00,Hydro,0.199
4/20/2024 6:00,Hydro,0.251
4/20/2024 7:00,Hydro,0.263
4/20/2024 8:00,Hydro,0.263
4/20/2024 9:00,Hydro,0.264
4/20/2024 10:00,Hydro,0.216
4/20/2024 11:00,Hydro,0.204
4/20/2024 12:00,Hydro,0.206
4/20/2024 13:00,Hydro,0.2
4/20/2024 14:00,Hydro,0.203
4/20/2024 15:00,Hydro,0.214
4/20/2024 16:00,Hydro,0.24
4/20/2024 17:00,Hydro,0.271
4/20/2024 18:00,Hydro,0.359
4/20/2024 19:00,Hydro,0.413
4/20/2024 20:00,Hydro,0.43
4/20/2024 21:00,Hydro,0.439
4/20/2024 22:00,Hydro,0.326
4/20/2024 23:00,Hydro,0.212
4/21/2024 0:00,Hydro,0.185
4/21/2024 1:00,Hydro,0.185
4/21/2024 2:00,Hydro,0.185
4/21/2024 3:00,Hydro,0.186
4/21/2024 4:00,Hydro,0.179
4/21/2024 5:00,Hydro,0.185
4/21/2024 6:00,Hydro,0.246
4/21/2024 7:00,Hydro,0.257
4/21/2024 8:00,Hydro,0.258
4/21/2024 9:00,Hydro,0.273
4/21/2024 10:00,Hydro,0.282
4/21/2024 11:00,Hydro,0.269
4/21/2024 12:00,Hydro,0.206
4/21/2024 13:00,Hydro,0.194
4/21/2024 14:00,Hydro,0.2
4/21/2024 15:00,Hydro,0.223
4/21/2024 16:00,Hydro,0.263
4/21/2024 17:00,Hydro,0.261
4/21/2024 18:00,Hydro,0.395
4/21/2024 19:00,Hydro,0.517
4/21/2024 20:00,Hydro,0.673
4/21/2024 21:00,Hydro,0.661
4/21/2024 22:00,Hydro,0.492
4/21/2024 23:00,Hydro,0.286
4/22/2024 0:00,Hydro,0.2
4/22/2024 1:00,Hydro,0.193
4/22/2024 2:00,Hydro,0.191
4/22/2024 3:00,Hydro,0.177
4/22/2024 4:00,Hydro,0.185
4/22/2024 5:00,Hydro,0.462
4/22/2024 6:00,Hydro,0.618
4/22/2024 7:00,Hydro,0.642
4/22/2024 8:00,Hydro,0.553
4/22/2024 9:00,Hydro,0.354
4/22/2024 10:00,Hydro,0.206
4/22/2024 11:00,Hydro,0.134
4/22/2024 12:00,Hydro,0.133
4/22/2024 13:00,Hydro,0.132
4/22/2024 14:00,Hydro,0.15
4/22/2024 15:00,Hydro,0.21
4/22/2024 16:00,Hydro,0.247
4/22/2024 17:00,Hydro,0.32
4/22/2024 18:00,Hydro,0.419
4/22/2024 19:00,Hydro,0.552
4/22/2024 20:00,Hydro,0.657
4/22/2024 21:00,Hydro,0.591
4/22/2024 22:00,Hydro,0.408
4/22/2024 23:00,Hydro,0.228
4/23/2024 0:00,Hydro,0.174
4/23/2024 1:00,Hydro,0.176
4/23/2024 2:00,Hydro,0.181
4/23/2024 3:00,Hydro,0.182
4/23/2024 4:00,Hydro,0.184
4/23/2024 5:00,Hydro,0.303
4/23/2024 6:00,Hydro,0.575
4/23/2024 7:00,Hydro,0.626
4/23/2024 8:00,Hydro,0.43
4/23/2024 9:00,Hydro,0.211
4/23/2024 10:00,Hydro,0.191
4/23/2024 11:00,Hydro,0.178
4/23/2024 12:00,Hydro,0.181
4/23/2024 13:00,Hydro,0.183
4/23/2024 14:00,Hydro,0.18
4/23/2024 15:00,Hydro,0.183
4/23/2024 16:00,Hydro,0.216
4/23/2024 17:00,Hydro,0.259
4/23/2024 18:00,Hydro,0.368
4/23/2024 19:00,Hydro,0.593
4/23/2024 20:00,Hydro,0.614
4/23/2024 21:00,Hydro,0.592
4/23/2024 22:00,Hydro,0.358
4/23/2024 23:00,Hydro,0.201
4/24/2024 0:00,Hydro,0.174
4/24/2024 1:00,Hydro,0.175
4/24/2024 2:00,Hydro,0.168
4/24/2024 3:00,Hydro,0.176
4/24/2024 4:00,Hydro,0.184
4/24/2024 5:00,Hydro,0.19
4/24/2024 6:00,Hydro,0.373
4/24/2024 7:00,Hydro,0.479
4/24/2024 8:00,Hydro,0.435
4/24/2024 9:00,Hydro,0.335
4/24/2024 10:00,Hydro,0.244
4/24/2024 11:00,Hydro,0.173
4/24/2024 12:00,Hydro,0.158
4/24/2024 13:00,Hydro,0.166
4/24/2024 14:00,Hydro,0.167
4/24/2024 15:00,Hydro,0.171
4/24/2024 16:00,Hydro,0.215
4/24/2024 17:00,Hydro,0.245
4/24/2024 18:00,Hydro,0.396
4/24/2024 19:00,Hydro,0.627
4/24/2024 20:00,Hydro,0.67
4/24/2024 21:00,Hydro,0.615
4/24/2024 22:00,Hydro,0.402
4/24/2024 23:00,Hydro,0.241
4/25/2024 0:00,Hydro,0.195
4/25/2024 1:00,Hydro,0.164
4/25/2024 2:00,Hydro,0.161
4/25/2024 3:00,Hydro,0.16
4/25/2024 4:00,Hydro,0.165
4/25/2024 5:00,Hydro,0.376
4/25/2024 6:00,Hydro,0.62
4/25/2024 7:00,Hydro,0.652
4/25/2024 8:00,Hydro,0.498
4/25/2024 9:00,Hydro,0.329
4/25/2024 10:00,Hydro,0.225
4/25/2024 11:00,Hydro,0.157
4/25/2024 12:00,Hydro,0.155
4/25/2024 13:00,Hydro,0.157
4/25/2024 14:00,Hydro,0.167
4/25/2024 15:00,Hydro,0.169
4/25/2024 16:00,Hydro,0.207
4/25/2024 17:00,Hydro,0.24
4/25/2024 18:00,Hydro,0.335
4/25/2024 19:00,Hydro,0.52
4/25/2024 20:00,Hydro,0.547
4/25/2024 21:00,Hydro,0.591
4/25/2024 22:00,Hydro,0.38
4/25/2024 23:00,Hydro,0.215
4/26/2024 0:00,Hydro,0.167
4/26/2024 1:00,Hydro,0.158
4/26/2024 2:00,Hydro,0.156
4/26/2024 3:00,Hydro,0.157
4/26/2024 4:00,Hydro,0.154
4/26/2024 5:00,Hydro,0.215
4/26/2024 6:00,Hydro,0.524
4/26/2024 7:00,Hydro,0.603
4/26/2024 8:00,Hydro,0.499
4/26/2024 9:00,Hydro,0.254
4/26/2024 10:00,Hydro,0.214
4/26/2024 11:00,Hydro,0.163
4/26/2024 12:00,Hydro,0.147
4/26/2024 13:00,Hydro,0.14
4/26/2024 14:00,Hydro,0.147
4/26/2024 15:00,Hydro,0.15
4/26/2024 16:00,Hydro,0.184
4/26/2024 17:00,Hydro,0.238
4/26/2024 18:00,Hydro,0.313
4/26/2024 19:00,Hydro,0.368
4/26/2024 20:00,Hydro,0.493
4/26/2024 21:00,Hydro,0.452
4/26/2024 22:00,Hydro,0.265
4/26/2024 23:00,Hydro,0.16
4/27/2024 0:00,Hydro,0.141
4/27/2024 1:00,Hydro,0.141
4/27/2024 2:00,Hydro,0.135
4/27/2024 3:00,Hydro,0.136
4/27/2024 4:00,Hydro,0.138
4/27/2024 5:00,Hydro,0.144
4/27/2024 6:00,Hydro,0.148
4/27/2024 7:00,Hydro,0.151
4/27/2024 8:00,Hydro,0.218
4/27/2024 9:00,Hydro,0.226
4/27/2024 10:00,Hydro,0.221
4/27/2024 11:00,Hydro,0.226
4/27/2024 12:00,Hydro,0.157
4/27/2024 13:00,Hydro,0.143
4/27/2024 14:00,Hydro,0.144
4/27/2024 15:00,Hydro,0.153
4/27/2024 16:00,Hydro,0.185
4/27/2024 17:00,Hydro,0.279
4/27/2024 18:00,Hydro,0.349
4/27/2024 19:00,Hydro,0.477
4/27/2024 20:00,Hydro,0.543
4/27/2024 21:00,Hydro,0.483
4/27/2024 22:00,Hydro,0.292
4/27/2024 23:00,Hydro,0.206
4/28/2024 0:00,Hydro,0.152
4/28/2024 1:00,Hydro,0.136
4/28/2024 2:00,Hydro,0.132
4/28/2024 3:00,Hydro,0.133
4/28/2024 4:00,Hydro,0.133
4/28/2024 5:00,Hydro,0.143
4/28/2024 6:00,Hydro,0.151
4/28/2024 7:00,Hydro,0.15
4/28/2024 8:00,Hydro,0.15
4/28/2024 9:00,Hydro,0.147
4/28/2024 10:00,Hydro,0.142
4/28/2024 11:00,Hydro,0.139
4/28/2024 12:00,Hydro,0.165
4/28/2024 13:00,Hydro,0.196
4/28/2024 14:00,Hydro,0.18
4/28/2024 15:00,Hydro,0.2
4/28/2024 16:00,Hydro,0.278
4/28/2024 17:00,Hydro,0.446
4/28/2024 18:00,Hydro,0.646
4/28/2024 19:00,Hydro,0.665
4/28/2024 20:00,Hydro,0.691
4/28/2024 21:00,Hydro,0.594
4/28/2024 22:00,Hydro,0.365
4/28/2024 23:00,Hydro,0.166
4/29/2024 0:00,Hydro,0.147
4/29/2024 1:00,Hydro,0.151
4/29/2024 2:00,Hydro,0.155
4/29/2024 3:00,Hydro,0.152
4/29/2024 4:00,Hydro,0.142
4/29/2024 5:00,Hydro,0.15
4/29/2024 6:00,Hydro,0.253
4/29/2024 7:00,Hydro,0.246
4/29/2024 8:00,Hydro,0.243
4/29/2024 9:00,Hydro,0.273
4/29/2024 10:00,Hydro,0.259
4/29/2024 11:00,Hydro,0.243
4/29/2024 12:00,Hydro,0.263
4/29/2024 13:00,Hydro,0.309
4/29/2024 14:00,Hydro,0.372
4/29/2024 15:00,Hydro,0.47
4/29/2024 16:00,Hydro,0.506
4/29/2024 17:00,Hydro,0.518
4/29/2024 18:00,Hydro,0.586
4/29/2024 19:00,Hydro,0.546
4/29/2024 20:00,Hydro,0.57
4/29/2024 21:00,Hydro,0.521
4/29/2024 22:00,Hydro,0.403
4/29/2024 23:00,Hydro,0.255
4/30/2024 0:00,Hydro,0.154
4/30/2024 1:00,Hydro,0.149
4/30/2024 2:00,Hydro,0.143
4/30/2024 3:00,Hydro,0.139
4/30/2024 4:00,Hydro,0.133
4/30/2024 5:00,Hydro,0.137
4/30/2024 6:00,Hydro,0.185
4/30/2024 7:00,Hydro,0.156
4/30/2024 8:00,Hydro,0.126
4/30/2024 9:00,Hydro,0.127
4/30/2024 10:00,Hydro,0.123
4/30/2024 11:00,Hydro,0.118
4/30/2024 12:00,Hydro,0.152
4/30/2024 13:00,Hydro,0.185
4/30/2024 14:00,Hydro,0.285
4/30/2024 15:00,Hydro,0.315
4/30/2024 16:00,Hydro,0.344
4/30/2024 17:00,Hydro,0.363
4/30/2024 18:00,Hydro,0.413
4/30/2024 19:00,Hydro,0.543
4/30/2024 20:00,Hydro,0.576
4/30/2024 21:00,Hydro,0.557
4/30/2024 22:00,Hydro,0.381
4/30/2024 23:00,Hydro,0.241
5/1/2024 0:00,Hydro,0.161
5/1/2024 1:00,Hydro,0.15
5/1/2024 2:00,Hydro,0.137
5/1/2024 3:00,Hydro,0.137
5/1/2024 4:00,Hydro,0.139
5/1/2024 5:00,Hydro,0.142
5/1/2024 6:00,Hydro,0.149
5/1/2024 7:00,Hydro,0.124
5/1/2024 8:00,Hydro,0.114
5/1/2024 9:00,Hydro,0.114
5/1/2024 10:00,Hydro,0.113
5/1/2024 11:00,Hydro,0.112
5/1/2024 12:00,Hydro,0.186
5/1/2024 13:00,Hydro,0.206
5/1/2024 14:00,Hydro,0.265
5/1/2024 15:00,Hydro,0.295
5/1/2024 16:00,Hydro,0.467
5/1/2024 17:00,Hydro,0.568
5/1/2024 18:00,Hydro,0.625
5/1/2024 19:00,Hydro,0.62
5/1/2024 20:00,Hydro,0.601
5/1/2024 21:00,Hydro,0.529
5/1/2024 22:00,Hydro,0.31
5/1/2024 23:00,Hydro,0.166
5/2/2024 0:00,Hydro,0.13
5/2/2024 1:00,Hydro,0.131
5/2/2024 2:00,Hydro,0.123
5/2/2024 3:00,Hydro,0.121
5/2/2024 4:00,Hydro,0.126
5/2/2024 5:00,Hydro,0.127
5/2/2024 6:00,Hydro,0.121
5/2/2024 7:00,Hydro,0.114
5/2/2024 8:00,Hydro,0.113
5/2/2024 9:00,Hydro,0.114
5/2/2024 10:00,Hydro,0.107
5/2/2024 11:00,Hydro,0.106
5/2/2024 12:00,Hydro,0.158
5/2/2024 13:00,Hydro,0.21
5/2/2024 14:00,Hydro,0.281
5/2/2024 15:00,Hydro,0.331
5/2/2024 16:00,Hydro,0.514
5/2/2024 17:00,Hydro,0.539
5/2/2024 18:00,Hydro,0.589
5/2/2024 19:00,Hydro,0.565
5/2/2024 20:00,Hydro,0.516
5/2/2024 21:00,Hydro,0.43
5/2/2024 22:00,Hydro,0.316
5/2/2024 23:00,Hydro,0.152
5/3/2024 0:00,Hydro,0.132
5/3/2024 1:00,Hydro,0.128
5/3/2024 2:00,Hydro,0.124
5/3/2024 3:00,Hydro,0.123
5/3/2024 4:00,Hydro,0.127
5/3/2024 5:00,Hydro,0.132
5/3/2024 6:00,Hydro,0.131
5/3/2024 7:00,Hydro,0.131
5/3/2024 8:00,Hydro,0.13
5/3/2024 9:00,Hydro,0.134
5/3/2024 10:00,Hydro,0.132
5/3/2024 11:00,Hydro,0.247
5/3/2024 12:00,Hydro,0.355
5/3/2024 13:00,Hydro,0.41
5/3/2024 14:00,Hydro,0.436
5/3/2024 15:00,Hydro,0.516
5/3/2024 16:00,Hydro,0.537
5/3/2024 17:00,Hydro,0.575
5/3/2024 18:00,Hydro,0.491
5/3/2024 19:00,Hydro,0.423
5/3/2024 20:00,Hydro,0.398
5/3/2024 21:00,Hydro,0.321
5/3/2024 22:00,Hydro,0.186
5/3/2024 23:00,Hydro,0.111
5/4/2024 0:00,Hydro,0.08
5/4/2024 1:00,Hydro,0.076
5/4/2024 2:00,Hydro,0.08
5/4/2024 3:00,Hydro,0.082
5/4/2024 4:00,Hydro,0.093
5/4/2024 5:00,Hydro,0.097
5/4/2024 6:00,Hydro,0.103
5/4/2024 7:00,Hydro,0.144
5/4/2024 8:00,Hydro,0.151
5/4/2024 9:00,Hydro,0.123
5/4/2024 10:00,Hydro,0.131
5/4/2024 11:00,Hydro,0.13
5/4/2024 12:00,Hydro,0.167
5/4/2024 13:00,Hydro,0.231
5/4/2024 14:00,Hydro,0.245
5/4/2024 15:00,Hydro,0.301
5/4/2024 16:00,Hydro,0.42
5/4/2024 17:00,Hydro,0.439
5/4/2024 18:00,Hydro,0.461
5/4/2024 19:00,Hydro,0.506
5/4/2024 20:00,Hydro,0.513
5/4/2024 21:00,Hydro,0.444
5/4/2024 22:00,Hydro,0.274
5/4/2024 23:00,Hydro,0.155
5/5/2024 0:00,Hydro,0.129
5/5/2024 1:00,Hydro,0.105
5/5/2024 2:00,Hydro,0.103
5/5/2024 3:00,Hydro,0.1
5/5/2024 4:00,Hydro,0.098
5/5/2024 5:00,Hydro,0.105
5/5/2024 6:00,Hydro,0.115
5/5/2024 7:00,Hydro,0.152
5/5/2024 8:00,Hydro,0.152
5/5/2024 9:00,Hydro,0.129
5/5/2024 10:00,Hydro,0.113
5/5/2024 11:00,Hydro,0.117
5/5/2024 12:00,Hydro,0.183
5/5/2024 13:00,Hydro,0.229
5/5/2024 14:00,Hydro,0.293
5/5/2024 15:00,Hydro,0.302
5/5/2024 16:00,Hydro,0.322
5/5/2024 17:00,Hydro,0.464
5/5/2024 18:00,Hydro,0.578
5/5/2024 19:00,Hydro,0.607
5/5/2024 20:00,Hydro,0.578
5/5/2024 21:00,Hydro,0.487
5/5/2024 22:00,Hydro,0.283
5/5/2024 23:00,Hydro,0.154
5/6/2024 0:00,Hydro,0.115
5/6/2024 1:00,Hydro,0.123
5/6/2024 2:00,Hydro,0.119
5/6/2024 3:00,Hydro,0.117
5/6/2024 4:00,Hydro,0.119
5/6/2024 5:00,Hydro,0.12
5/6/2024 6:00,Hydro,0.126
5/6/2024 7:00,Hydro,0.127
5/6/2024 8:00,Hydro,0.127
5/6/2024 9:00,Hydro,0.145
5/6/2024 10:00,Hydro,0.159
5/6/2024 11:00,Hydro,0.142
5/6/2024 12:00,Hydro,0.185
5/6/2024 13:00,Hydro,0.337
5/6/2024 14:00,Hydro,0.429
5/6/2024 15:00,Hydro,0.456
5/6/2024 16:00,Hydro,0.534
5/6/2024 17:00,Hydro,0.646
5/6/2024 18:00,Hydro,0.657
5/6/2024 19:00,Hydro,0.675
5/6/2024 20:00,Hydro,0.676
5/6/2024 21:00,Hydro,0.561
5/6/2024 22:00,Hydro,0.25
5/6/2024 23:00,Hydro,0.148
5/7/2024 0:00,Hydro,0.119
5/7/2024 1:00,Hydro,0.116
5/7/2024 2:00,Hydro,0.114
5/7/2024 3:00,Hydro,0.114
5/7/2024 4:00,Hydro,0.113
5/7/2024 5:00,Hydro,0.114
5/7/2024 6:00,Hydro,0.117
5/7/2024 7:00,Hydro,0.118
5/7/2024 8:00,Hydro,0.12
5/7/2024 9:00,Hydro,0.134
5/7/2024 10:00,Hydro,0.141
5/7/2024 11:00,Hydro,0.139
5/7/2024 12:00,Hydro,0.195
5/7/2024 13:00,Hydro,0.263
5/7/2024 14:00,Hydro,0.422
5/7/2024 15:00,Hydro,0.549
5/7/2024 16:00,Hydro,0.587
5/7/2024 17:00,Hydro,0.672
5/7/2024 18:00,Hydro,0.716
5/7/2024 19:00,Hydro,0.662
5/7/2024 20:00,Hydro,0.675
5/7/2024 21:00,Hydro,0.618
5/7/2024 22:00,Hydro,0.306
5/7/2024 23:00,Hydro,0.128
5/8/2024 0:00,Hydro,0.105
5/8/2024 1:00,Hydro,0.098
5/8/2024 2:00,Hydro,0.099
5/8/2024 3:00,Hydro,0.101
5/8/2024 4:00,Hydro,0.105
5/8/2024 5:00,Hydro,0.109
5/8/2024 6:00,Hydro,0.119
5/8/2024 7:00,Hydro,0.12
5/8/2024 8:00,Hydro,0.119
5/8/2024 9:00,Hydro,0.127
5/8/2024 10:00,Hydro,0.232
5/8/2024 11:00,Hydro,0.288
5/8/2024 12:00,Hydro,0.355
5/8/2024 13:00,Hydro,0.416
5/8/2024 14:00,Hydro,0.469
5/8/2024 15:00,Hydro,0.507
5/8/2024 16:00,Hydro,0.571
5/8/2024 17:00,Hydro,0.623
5/8/2024 18:00,Hydro,0.653
5/8/2024 19:00,Hydro,0.685
5/8/2024 20:00,Hydro,0.646
5/8/2024 21:00,Hydro,0.561
5/8/2024 22:00,Hydro,0.319
5/8/2024 23:00,Hydro,0.158
5/9/2024 0:00,Hydro,0.124
5/9/2024 1:00,Hydro,0.112
5/9/2024 2:00,Hydro,0.11
5/9/2024 3:00,Hydro,0.112
5/9/2024 4:00,Hydro,0.12
5/9/2024 5:00,Hydro,0.14
5/9/2024 6:00,Hydro,0.135
5/9/2024 7:00,Hydro,0.193
5/9/2024 8:00,Hydro,0.2
5/9/2024 9:00,Hydro,0.246
5/9/2024 10:00,Hydro,0.188
5/9/2024 11:00,Hydro,0.198
5/9/2024 12:00,Hydro,0.264
5/9/2024 13:00,Hydro,0.31
5/9/2024 14:00,Hydro,0.332
5/9/2024 15:00,Hydro,0.351
5/9/2024 16:00,Hydro,0.373
5/9/2024 17:00,Hydro,0.455
5/9/2024 18:00,Hydro,0.543
5/9/2024 19:00,Hydro,0.563
5/9/2024 20:00,Hydro,0.591
5/9/2024 21:00,Hydro,0.53
5/9/2024 22:00,Hydro,0.222
5/9/2024 23:00,Hydro,0.118
5/10/2024 0:00,Hydro,0.117
5/10/2024 1:00,Hydro,0.121
5/10/2024 2:00,Hydro,0.11
5/10/2024 3:00,Hydro,0.112
5/10/2024 4:00,Hydro,0.121
5/10/2024 5:00,Hydro,0.109
5/10/2024 6:00,Hydro,0.219
5/10/2024 7:00,Hydro,0.306
5/10/2024 8:00,Hydro,0.312
5/10/2024 9:00,Hydro,0.321
5/10/2024 10:00,Hydro,0.237
5/10/2024 11:00,Hydro,0.164
5/10/2024 12:00,Hydro,0.132
5/10/2024 13:00,Hydro,0.171
5/10/2024 14:00,Hydro,0.215
5/10/2024 15:00,Hydro,0.259
5/10/2024 16:00,Hydro,0.285
5/10/2024 17:00,Hydro,0.346
5/10/2024 18:00,Hydro,0.377
5/10/2024 19:00,Hydro,0.51
5/10/2024 20:00,Hydro,0.56
5/10/2024 21:00,Hydro,0.494
5/10/2024 22:00,Hydro,0.261
5/10/2024 23:00,Hydro,0.178
5/11/2024 0:00,Hydro,0.139
5/11/2024 1:00,Hydro,0.133
5/11/2024 2:00,Hydro,0.136
5/11/2024 3:00,Hydro,0.127
5/11/2024 4:00,Hydro,0.136
5/11/2024 5:00,Hydro,0.124
5/11/2024 6:00,Hydro,0.177
5/11/2024 7:00,Hydro,0.191
5/11/2024 8:00,Hydro,0.197
5/11/2024 9:00,Hydro,0.154
5/11/2024 10:00,Hydro,0.146
5/11/2024 11:00,Hydro,0.158
5/11/2024 12:00,Hydro,0.158
5/11/2024 13:00,Hydro,0.155
5/11/2024 14:00,Hydro,0.183
5/11/2024 15:00,Hydro,0.214
5/11/2024 16:00,Hydro,0.23
5/11/2024 17:00,Hydro,0.37
5/11/2024 18:00,Hydro,0.476
5/11/2024 19:00,Hydro,0.742
5/11/2024 20:00,Hydro,0.808
5/11/2024 21:00,Hydro,0.739
5/11/2024 22:00,Hydro,0.659
5/11/2024 23:00,Hydro,0.387
5/12/2024 0:00,Hydro,0.207
5/12/2024 1:00,Hydro,0.195
5/12/2024 2:00,Hydro,0.192
5/12/2024 3:00,Hydro,0.186
5/12/2024 4:00,Hydro,0.177
5/12/2024 5:00,Hydro,0.18
5/12/2024 6:00,Hydro,0.171
5/12/2024 7:00,Hydro,0.173
5/12/2024 8:00,Hydro,0.173
5/12/2024 9:00,Hydro,0.18
5/12/2024 10:00,Hydro,0.174
5/12/2024 11:00,Hydro,0.18
5/12/2024 12:00,Hydro,0.18
5/12/2024 13:00,Hydro,0.219
5/12/2024 14:00,Hydro,0.245
5/12/2024 15:00,Hydro,0.286
5/12/2024 16:00,Hydro,0.346
5/12/2024 17:00,Hydro,0.391
5/12/2024 18:00,Hydro,0.474
5/12/2024 19:00,Hydro,0.747
5/12/2024 20:00,Hydro,0.78
5/12/2024 21:00,Hydro,0.73
5/12/2024 22:00,Hydro,0.424
5/12/2024 23:00,Hydro,0.235
5/13/2024 0:00,Hydro,0.212
5/13/2024 1:00,Hydro,0.208
5/13/2024 2:00,Hydro,0.175
5/13/2024 3:00,Hydro,0.164
5/13/2024 4:00,Hydro,0.179
5/13/2024 5:00,Hydro,0.176
5/13/2024 6:00,Hydro,0.241
5/13/2024 7:00,Hydro,0.257
5/13/2024 8:00,Hydro,0.226
5/13/2024 9:00,Hydro,0.213
5/13/2024 10:00,Hydro,0.215
5/13/2024 11:00,Hydro,0.236
5/13/2024 12:00,Hydro,0.262
5/13/2024 13:00,Hydro,0.263
5/13/2024 14:00,Hydro,0.279
5/13/2024 15:00,Hydro,0.335
5/13/2024 16:00,Hydro,0.578
5/13/2024 17:00,Hydro,0.703
5/13/2024 18:00,Hydro,0.835
5/13/2024 19:00,Hydro,0.836
5/13/2024 20:00,Hydro,0.843
5/13/2024 21:00,Hydro,0.771
5/13/2024 22:00,Hydro,0.402
5/13/2024 23:00,Hydro,0.237
5/14/2024 0:00,Hydro,0.219
5/14/2024 1:00,Hydro,0.215
5/14/2024 2:00,Hydro,0.193
5/14/2024 3:00,Hydro,0.188
5/14/2024 4:00,Hydro,0.188
5/14/2024 5:00,Hydro,0.2
5/14/2024 6:00,Hydro,0.265
5/14/2024 7:00,Hydro,0.288
5/14/2024 8:00,Hydro,0.267
5/14/2024 9:00,Hydro,0.244
5/14/2024 10:00,Hydro,0.216
5/14/2024 11:00,Hydro,0.213
5/14/2024 12:00,Hydro,0.283
5/14/2024 13:00,Hydro,0.509
5/14/2024 14:00,Hydro,0.555
5/14/2024 15:00,Hydro,0.59
5/14/2024 16:00,Hydro,0.644
5/14/2024 17:00,Hydro,0.717
5/14/2024 18:00,Hydro,0.783
5/14/2024 19:00,Hydro,0.79
5/14/2024 20:00,Hydro,0.784
5/14/2024 21:00,Hydro,0.643
5/14/2024 22:00,Hydro,0.356
5/14/2024 23:00,Hydro,0.206
5/15/2024 0:00,Hydro,0.191
5/15/2024 1:00,Hydro,0.189
5/15/2024 2:00,Hydro,0.188
5/15/2024 3:00,Hydro,0.186
5/15/2024 4:00,Hydro,0.186
5/15/2024 5:00,Hydro,0.198
5/15/2024 6:00,Hydro,0.257
5/15/2024 7:00,Hydro,0.305
5/15/2024 8:00,Hydro,0.31
5/15/2024 9:00,Hydro,0.292
5/15/2024 10:00,Hydro,0.341
5/15/2024 11:00,Hydro,0.357
5/15/2024 12:00,Hydro,0.308
5/15/2024 13:00,Hydro,0.252
5/15/2024 14:00,Hydro,0.233
5/15/2024 15:00,Hydro,0.292
5/15/2024 16:00,Hydro,0.465
5/15/2024 17:00,Hydro,0.673
5/15/2024 18:00,Hydro,0.724
5/15/2024 19:00,Hydro,0.812
5/15/2024 20:00,Hydro,0.829
5/15/2024 21:00,Hydro,0.727
5/15/2024 22:00,Hydro,0.416
5/15/2024 23:00,Hydro,0.239
5/16/2024 0:00,Hydro,0.219
5/16/2024 1:00,Hydro,0.203
5/16/2024 2:00,Hydro,0.187
5/16/2024 3:00,Hydro,0.188
5/16/2024 4:00,Hydro,0.188
5/16/2024 5:00,Hydro,0.198
5/16/2024 6:00,Hydro,0.22
5/16/2024 7:00,Hydro,0.347
5/16/2024 8:00,Hydro,0.303
5/16/2024 9:00,Hydro,0.297
5/16/2024 10:00,Hydro,0.293
5/16/2024 11:00,Hydro,0.256
5/16/2024 12:00,Hydro,0.247
5/16/2024 13:00,Hydro,0.267
5/16/2024 14:00,Hydro,0.273
5/16/2024 15:00,Hydro,0.341
5/16/2024 16:00,Hydro,0.666
5/16/2024 17:00,Hydro,0.733
5/16/2024 18:00,Hydro,0.752
5/16/2024 19:00,Hydro,0.815
5/16/2024 20:00,Hydro,0.812
5/16/2024 21:00,Hydro,0.689
5/16/2024 22:00,Hydro,0.477
5/16/2024 23:00,Hydro,0.291
5/17/2024 0:00,Hydro,0.232
5/17/2024 1:00,Hydro,0.232
5/17/2024 2:00,Hydro,0.232
5/17/2024 3:00,Hydro,0.229
5/17/2024 4:00,Hydro,0.222
5/17/2024 5:00,Hydro,0.227
5/17/2024 6:00,Hydro,0.293
5/17/2024 7:00,Hydro,0.295
5/17/2024 8:00,Hydro,0.256
5/17/2024 9:00,Hydro,0.239
5/17/2024 10:00,Hydro,0.241
5/17/2024 11:00,Hydro,0.288
5/17/2024 12:00,Hydro,0.294
5/17/2024 13:00,Hydro,0.31
5/17/2024 14:00,Hydro,0.442
5/17/2024 15:00,Hydro,0.537
5/17/2024 16:00,Hydro,0.643
5/17/2024 17:00,Hydro,0.719
5/17/2024 18:00,Hydro,0.738
5/17/2024 19:00,Hydro,0.729
5/17/2024 20:00,Hydro,0.751
5/17/2024 21:00,Hydro,0.528
5/17/2024 22:00,Hydro,0.314
5/17/2024 23:00,Hydro,0.224
5/18/2024 0:00,Hydro,0.206
5/18/2024 1:00,Hydro,0.199
5/18/2024 2:00,Hydro,0.203
5/18/2024 3:00,Hydro,0.211
5/18/2024 4:00,Hydro,0.217
5/18/2024 5:00,Hydro,0.209
5/18/2024 6:00,Hydro,0.209
5/18/2024 7:00,Hydro,0.212
5/18/2024 8:00,Hydro,0.213
5/18/2024 9:00,Hydro,0.211
5/18/2024 10:00,Hydro,0.22
5/18/2024 11:00,Hydro,0.224
5/18/2024 12:00,Hydro,0.216
5/18/2024 13:00,Hydro,0.215
5/18/2024 14:00,Hydro,0.229
5/18/2024 15:00,Hydro,0.41
5/18/2024 16:00,Hydro,0.651
5/18/2024 17:00,Hydro,0.814
5/18/2024 18:00,Hydro,0.809
5/18/2024 19:00,Hydro,0.763
5/18/2024 20:00,Hydro,0.726
5/18/2024 21:00,Hydro,0.646
5/18/2024 22:00,Hydro,0.454
5/18/2024 23:00,Hydro,0.272
5/19/2024 0:00,Hydro,0.241
5/19/2024 1:00,Hydro,0.223
5/19/2024 2:00,Hydro,0.233
5/19/2024 3:00,Hydro,0.241
5/19/2024 4:00,Hydro,0.231
5/19/2024 5:00,Hydro,0.227
5/19/2024 6:00,Hydro,0.226
5/19/2024 7:00,Hydro,0.226
5/19/2024 8:00,Hydro,0.233
5/19/2024 9:00,Hydro,0.232
5/19/2024 10:00,Hydro,0.231
5/19/2024 11:00,Hydro,0.226
5/19/2024 12:00,Hydro,0.271
5/19/2024 13:00,Hydro,0.296
5/19/2024 14:00,Hydro,0.311
5/19/2024 15:00,Hydro,0.466
5/19/2024 16:00,Hydro,0.708
5/19/2024 17:00,Hydro,0.766
5/19/2024 18:00,Hydro,0.8
5/19/2024 19:00,Hydro,0.851
5/19/2024 20:00,Hydro,0.859
5/19/2024 21:00,Hydro,0.782
5/19/2024 22:00,Hydro,0.433
5/19/2024 23:00,Hydro,0.276
5/20/2024 0:00,Hydro,0.22
5/20/2024 1:00,Hydro,0.205
5/20/2024 2:00,Hydro,0.191
5/20/2024 3:00,Hydro,0.191
5/20/2024 4:00,Hydro,0.191
5/20/2024 5:00,Hydro,0.197
5/20/2024 6:00,Hydro,0.225
5/20/2024 7:00,Hydro,0.223
5/20/2024 8:00,Hydro,0.205
5/20/2024 9:00,Hydro,0.21
5/20/2024 10:00,Hydro,0.199
5/20/2024 11:00,Hydro,0.195
5/20/2024 12:00,Hydro,0.287
5/20/2024 13:00,Hydro,0.356
5/20/2024 14:00,Hydro,0.509
5/20/2024 15:00,Hydro,0.606
5/20/2024 16:00,Hydro,0.804
5/20/2024 17:00,Hydro,0.809
5/20/2024 18:00,Hydro,0.807
5/20/2024 19:00,Hydro,0.851
5/20/2024 20:00,Hydro,0.836
5/20/2024 21:00,Hydro,0.71
5/20/2024 22:00,Hydro,0.367
5/20/2024 23:00,Hydro,0.218
5/21/2024 0:00,Hydro,0.19
5/21/2024 1:00,Hydro,0.184
5/21/2024 2:00,Hydro,0.181
5/21/2024 3:00,Hydro,0.186
5/21/2024 4:00,Hydro,0.19
5/21/2024 5:00,Hydro,0.193
5/21/2024 6:00,Hydro,0.195
5/21/2024 7:00,Hydro,0.196
5/21/2024 8:00,Hydro,0.195
5/21/2024 9:00,Hydro,0.195
5/21/2024 10:00,Hydro,0.191
5/21/2024 11:00,Hydro,0.194
5/21/2024 12:00,Hydro,0.31
5/21/2024 13:00,Hydro,0.39
5/21/2024 14:00,Hydro,0.536
5/21/2024 15:00,Hydro,0.661
5/21/2024 16:00,Hydro,0.768
5/21/2024 17:00,Hydro,0.823
5/21/2024 18:00,Hydro,0.793
5/21/2024 19:00,Hydro,0.789
5/21/2024 20:00,Hydro,0.808
5/21/2024 21:00,Hydro,0.667
5/21/2024 22:00,Hydro,0.293
5/21/2024 23:00,Hydro,0.214
5/22/2024 0:00,Hydro,0.192
5/22/2024 1:00,Hydro,0.152
5/22/2024 2:00,Hydro,0.157
5/22/2024 3:00,Hydro,0.168
5/22/2024 4:00,Hydro,0.168
5/22/2024 5:00,Hydro,0.171
5/22/2024 6:00,Hydro,0.174
5/22/2024 7:00,Hydro,0.182
5/22/2024 8:00,Hydro,0.181
5/22/2024 9:00,Hydro,0.18
5/22/2024 10:00,Hydro,0.179
5/22/2024 11:00,Hydro,0.177
5/22/2024 12:00,Hydro,0.266
5/22/2024 13:00,Hydro,0.463
5/22/2024 14:00,Hydro,0.571
5/22/2024 15:00,Hydro,0.694
5/22/2024 16:00,Hydro,0.777
5/22/2024 17:00,Hydro,0.822
5/22/2024 18:00,Hydro,0.9
5/22/2024 19:00,Hydro,0.891
5/22/2024 20:00,Hydro,0.878
5/22/2024 21:00,Hydro,0.777
5/22/2024 22:00,Hydro,0.454
5/22/2024 23:00,Hydro,0.2
5/23/2024 0:00,Hydro,0.152
5/23/2024 1:00,Hydro,0.159
5/23/2024 2:00,Hydro,0.171
5/23/2024 3:00,Hydro,0.159
5/23/2024 4:00,Hydro,0.167
5/23/2024 5:00,Hydro,0.179
5/23/2024 6:00,Hydro,0.19
5/23/2024 7:00,Hydro,0.192
5/23/2024 8:00,Hydro,0.175
5/23/2024 9:00,Hydro,0.172
5/23/2024 10:00,Hydro,0.169
5/23/2024 11:00,Hydro,0.188
5/23/2024 12:00,Hydro,0.35
5/23/2024 13:00,Hydro,0.602
5/23/2024 14:00,Hydro,0.595
5/23/2024 15:00,Hydro,0.685
5/23/2024 16:00,Hydro,0.734
5/23/2024 17:00,Hydro,0.783
5/23/2024 18:00,Hydro,0.847
5/23/2024 19:00,Hydro,0.809
5/23/2024 20:00,Hydro,0.78
5/23/2024 21:00,Hydro,0.596
5/23/2024 22:00,Hydro,0.331
5/23/2024 23:00,Hydro,0.185
5/24/2024 0:00,Hydro,0.163
5/24/2024 1:00,Hydro,0.161
5/24/2024 2:00,Hydro,0.159
5/24/2024 3:00,Hydro,0.159
5/24/2024 4:00,Hydro,0.167
5/24/2024 5:00,Hydro,0.163
5/24/2024 6:00,Hydro,0.164
5/24/2024 7:00,Hydro,0.168
5/24/2024 8:00,Hydro,0.172
5/24/2024 9:00,Hydro,0.186
5/24/2024 10:00,Hydro,0.192
5/24/2024 11:00,Hydro,0.194
5/24/2024 12:00,Hydro,0.274
5/24/2024 13:00,Hydro,0.322
5/24/2024 14:00,Hydro,0.459
5/24/2024 15:00,Hydro,0.759
5/24/2024 16:00,Hydro,0.845
5/24/2024 17:00,Hydro,0.924
5/24/2024 18:00,Hydro,0.894
5/24/2024 19:00,Hydro,0.92
5/24/2024 20:00,Hydro,0.858
5/24/2024 21:00,Hydro,0.713
5/24/2024 22:00,Hydro,0.31
5/24/2024 23:00,Hydro,0.19
5/25/2024 0:00,Hydro,0.173
5/25/2024 1:00,Hydro,0.16
5/25/2024 2:00,Hydro,0.156
5/25/2024 3:00,Hydro,0.157
5/25/2024 4:00,Hydro,0.16
5/25/2024 5:00,Hydro,0.163
5/25/2024 6:00,Hydro,0.161
5/25/2024 7:00,Hydro,0.156
5/25/2024 8:00,Hydro,0.156
5/25/2024 9:00,Hydro,0.189
5/25/2024 10:00,Hydro,0.199
5/25/2024 11:00,Hydro,0.201
5/25/2024 12:00,Hydro,0.252
5/25/2024 13:00,Hydro,0.337
5/25/2024 14:00,Hydro,0.472
5/25/2024 15:00,Hydro,0.726
5/25/2024 16:00,Hydro,0.81
5/25/2024 17:00,Hydro,0.947
5/25/2024 18:00,Hydro,0.938
5/25/2024 19:00,Hydro,0.932
5/25/2024 20:00,Hydro,0.907
5/25/2024 21:00,Hydro,0.699
5/25/2024 22:00,Hydro,0.393
5/25/2024 23:00,Hydro,0.198
5/26/2024 0:00,Hydro,0.142
5/26/2024 1:00,Hydro,0.137
5/26/2024 2:00,Hydro,0.139
5/26/2024 3:00,Hydro,0.139
5/26/2024 4:00,Hydro,0.139
5/26/2024 5:00,Hydro,0.139
5/26/2024 6:00,Hydro,0.148
5/26/2024 7:00,Hydro,0.154
5/26/2024 8:00,Hydro,0.16
5/26/2024 9:00,Hydro,0.163
5/26/2024 10:00,Hydro,0.165
5/26/2024 11:00,Hydro,0.166
5/26/2024 12:00,Hydro,0.232
5/26/2024 13:00,Hydro,0.354
5/26/2024 14:00,Hydro,0.55
5/26/2024 15:00,Hydro,0.728
5/26/2024 16:00,Hydro,0.813
5/26/2024 17:00,Hydro,0.852
5/26/2024 18:00,Hydro,0.875
5/26/2024 19:00,Hydro,0.861
5/26/2024 20:00,Hydro,0.875
5/26/2024 21:00,Hydro,0.851
5/26/2024 22:00,Hydro,0.47
5/26/2024 23:00,Hydro,0.217
5/27/2024 0:00,Hydro,0.165
5/27/2024 1:00,Hydro,0.165
5/27/2024 2:00,Hydro,0.162
5/27/2024 3:00,Hydro,0.162
5/27/2024 4:00,Hydro,0.155
5/27/2024 5:00,Hydro,0.152
5/27/2024 6:00,Hydro,0.15
5/27/2024 7:00,Hydro,0.145
5/27/2024 8:00,Hydro,0.16
5/27/2024 9:00,Hydro,0.153
5/27/2024 10:00,Hydro,0.164
5/27/2024 11:00,Hydro,0.195
5/27/2024 12:00,Hydro,0.253
5/27/2024 13:00,Hydro,0.322
5/27/2024 14:00,Hydro,0.495
5/27/2024 15:00,Hydro,0.571
5/27/2024 16:00,Hydro,0.752
5/27/2024 17:00,Hydro,0.919
5/27/2024 18:00,Hydro,0.933
5/27/2024 19:00,Hydro,0.932
5/27/2024 20:00,Hydro,0.915
5/27/2024 21:00,Hydro,0.728
5/27/2024 22:00,Hydro,0.33
5/27/2024 23:00,Hydro,0.162
5/28/2024 0:00,Hydro,0.154
5/28/2024 1:00,Hydro,0.154
5/28/2024 2:00,Hydro,0.16
5/28/2024 3:00,Hydro,0.164
5/28/2024 4:00,Hydro,0.168
5/28/2024 5:00,Hydro,0.169
5/28/2024 6:00,Hydro,0.165
5/28/2024 7:00,Hydro,0.17
5/28/2024 8:00,Hydro,0.172
5/28/2024 9:00,Hydro,0.17
5/28/2024 10:00,Hydro,0.172
5/28/2024 11:00,Hydro,0.186
5/28/2024 12:00,Hydro,0.233
5/28/2024 13:00,Hydro,0.38
5/28/2024 14:00,Hydro,0.517
5/28/2024 15:00,Hydro,0.677
5/28/2024 16:00,Hydro,0.88
5/28/2024 17:00,Hydro,0.859
5/28/2024 18:00,Hydro,0.845
5/28/2024 19:00,Hydro,0.805
5/28/2024 20:00,Hydro,0.74
5/28/2024 21:00,Hydro,0.613
5/28/2024 22:00,Hydro,0.336
5/28/2024 23:00,Hydro,0.204
5/29/2024 0:00,Hydro,0.205
5/29/2024 1:00,Hydro,0.209
5/29/2024 2:00,Hydro,0.209
5/29/2024 3:00,Hydro,0.208
5/29/2024 4:00,Hydro,0.203
5/29/2024 5:00,Hydro,0.194
5/29/2024 6:00,Hydro,0.158
5/29/2024 7:00,Hydro,0.151
5/29/2024 8:00,Hydro,0.197
5/29/2024 9:00,Hydro,0.228
5/29/2024 10:00,Hydro,0.17
5/29/2024 11:00,Hydro,0.133
5/29/2024 12:00,Hydro,0.188
5/29/2024 13:00,Hydro,0.28
5/29/2024 14:00,Hydro,0.28
5/29/2024 15:00,Hydro,0.316
5/29/2024 16:00,Hydro,0.332
5/29/2024 17:00,Hydro,0.649
5/29/2024 18:00,Hydro,0.853
5/29/2024 19:00,Hydro,0.88
5/29/2024 20:00,Hydro,0.81
5/29/2024 21:00,Hydro,0.652
5/29/2024 22:00,Hydro,0.337
5/29/2024 23:00,Hydro,0.22
5/30/2024 0:00,Hydro,0.172
5/30/2024 1:00,Hydro,0.159
5/30/2024 2:00,Hydro,0.157
5/30/2024 3:00,Hydro,0.157
5/30/2024 4:00,Hydro,0.156
5/30/2024 5:00,Hydro,0.158
5/30/2024 6:00,Hydro,0.188
5/30/2024 7:00,Hydro,0.176
5/30/2024 8:00,Hydro,0.16
5/30/2024 9:00,Hydro,0.125
5/30/2024 10:00,Hydro,0.119
5/30/2024 11:00,Hydro,0.135
5/30/2024 12:00,Hydro,0.191
5/30/2024 13:00,Hydro,0.188
5/30/2024 14:00,Hydro,0.209
5/30/2024 15:00,Hydro,0.244
5/30/2024 16:00,Hydro,0.519
5/30/2024 17:00,Hydro,0.767
5/30/2024 18:00,Hydro,0.821
5/30/2024 19:00,Hydro,0.903
5/30/2024 20:00,Hydro,0.863
5/30/2024 21:00,Hydro,0.697
5/30/2024 22:00,Hydro,0.323
5/30/2024 23:00,Hydro,0.159
5/31/2024 0:00,Hydro,0.133
5/31/2024 1:00,Hydro,0.13
5/31/2024 2:00,Hydro,0.129
5/31/2024 3:00,Hydro,0.13
5/31/2024 4:00,Hydro,0.142
5/31/2024 5:00,Hydro,0.154
5/31/2024 6:00,Hydro,0.177
5/31/2024 7:00,Hydro,0.171
5/31/2024 8:00,Hydro,0.132
5/31/2024 9:00,Hydro,0.117
5/31/2024 10:00,Hydro,0.098
5/31/2024 11:00,Hydro,0.096
5/31/2024 12:00,Hydro,0.171
5/31/2024 13:00,Hydro,0.189
5/31/2024 14:00,Hydro,0.213
5/31/2024 15:00,Hydro,0.314
5/31/2024 16:00,Hydro,0.715
5/31/2024 17:00,Hydro,0.81
5/31/2024 18:00,Hydro,0.829
5/31/2024 19:00,Hydro,0.875
5/31/2024 20:00,Hydro,0.853
5/31/2024 21:00,Hydro,0.66
5/31/2024 22:00,Hydro,0.291
5/31/2024 23:00,Hydro,0.13
6/1/2024 0:00,Hydro,0.099
6/1/2024 1:00,Hydro,0.097
6/1/2024 2:00,Hydro,0.099
6/1/2024 3:00,Hydro,0.106
6/1/2024 4:00,Hydro,0.129
6/1/2024 5:00,Hydro,0.137
6/1/2024 6:00,Hydro,0.138
6/1/2024 7:00,Hydro,0.137
6/1/2024 8:00,Hydro,0.14
6/1/2024 9:00,Hydro,0.135
6/1/2024 10:00,Hydro,0.141
6/1/2024 11:00,Hydro,0.16
6/1/2024 12:00,Hydro,0.184
6/1/2024 13:00,Hydro,0.239
6/1/2024 14:00,Hydro,0.306
6/1/2024 15:00,Hydro,0.553
6/1/2024 16:00,Hydro,0.784
6/1/2024 17:00,Hydro,0.858
6/1/2024 18:00,Hydro,0.926
6/1/2024 19:00,Hydro,0.936
6/1/2024 20:00,Hydro,0.887
6/1/2024 21:00,Hydro,0.797
6/1/2024 22:00,Hydro,0.389
6/1/2024 23:00,Hydro,0.155
6/2/2024 0:00,Hydro,0.109
6/2/2024 1:00,Hydro,0.114
6/2/2024 2:00,Hydro,0.111
6/2/2024 3:00,Hydro,0.114
6/2/2024 4:00,Hydro,0.115
6/2/2024 5:00,Hydro,0.115
6/2/2024 6:00,Hydro,0.119
6/2/2024 7:00,Hydro,0.123
6/2/2024 8:00,Hydro,0.117
6/2/2024 9:00,Hydro,0.118
6/2/2024 10:00,Hydro,0.15
6/2/2024 11:00,Hydro,0.187
6/2/2024 12:00,Hydro,0.227
6/2/2024 13:00,Hydro,0.257
6/2/2024 14:00,Hydro,0.309
6/2/2024 15:00,Hydro,0.496
6/2/2024 16:00,Hydro,0.731
6/2/2024 17:00,Hydro,0.887
6/2/2024 18:00,Hydro,0.955
6/2/2024 19:00,Hydro,0.947
6/2/2024 20:00,Hydro,0.836
6/2/2024 21:00,Hydro,0.577
6/2/2024 22:00,Hydro,0.341
6/2/2024 23:00,Hydro,0.232
6/3/2024 0:00,Hydro,0.087
6/3/2024 1:00,Hydro,0.084
6/3/2024 2:00,Hydro,0.083
6/3/2024 3:00,Hydro,0.084
6/3/2024 4:00,Hydro,0.092
6/3/2024 5:00,Hydro,0.105
6/3/2024 6:00,Hydro,0.116
6/3/2024 7:00,Hydro,0.118
6/3/2024 8:00,Hydro,0.124
6/3/2024 9:00,Hydro,0.122
6/3/2024 10:00,Hydro,0.127
6/3/2024 11:00,Hydro,0.14
6/3/2024 12:00,Hydro,0.21
6/3/2024 13:00,Hydro,0.346
6/3/2024 14:00,Hydro,0.501
6/3/2024 15:00,Hydro,0.641
6/3/2024 16:00,Hydro,0.81
6/3/2024 17:00,Hydro,0.854
6/3/2024 18:00,Hydro,0.886
6/3/2024 19:00,Hydro,0.952
6/3/2024 20:00,Hydro,0.869
6/3/2024 21:00,Hydro,0.643
6/3/2024 22:00,Hydro,0.27
6/3/2024 23:00,Hydro,0.113
6/4/2024 0:00,Hydro,0.106
6/4/2024 1:00,Hydro,0.103
6/4/2024 2:00,Hydro,0.104
6/4/2024 3:00,Hydro,0.104
6/4/2024 4:00,Hydro,0.103
6/4/2024 5:00,Hydro,0.106
6/4/2024 6:00,Hydro,0.105
6/4/2024 7:00,Hydro,0.103
6/4/2024 8:00,Hydro,0.098
6/4/2024 9:00,Hydro,0.099
6/4/2024 10:00,Hydro,0.1
6/4/2024 11:00,Hydro,0.101
6/4/2024 12:00,Hydro,0.137
6/4/2024 13:00,Hydro,0.196
6/4/2024 14:00,Hydro,0.408
6/4/2024 15:00,Hydro,0.69
6/4/2024 16:00,Hydro,0.748
6/4/2024 17:00,Hydro,0.775
6/4/2024 18:00,Hydro,0.805
6/4/2024 19:00,Hydro,0.816
6/4/2024 20:00,Hydro,0.723
6/4/2024 21:00,Hydro,0.445
6/4/2024 22:00,Hydro,0.183
6/4/2024 23:00,Hydro,0.118
6/5/2024 0:00,Hydro,0.097
6/5/2024 1:00,Hydro,0.095
6/5/2024 2:00,Hydro,0.095
6/5/2024 3:00,Hydro,0.094
6/5/2024 4:00,Hydro,0.095
6/5/2024 5:00,Hydro,0.1
6/5/2024 6:00,Hydro,0.1
6/5/2024 7:00,Hydro,0.101
6/5/2024 8:00,Hydro,0.1
6/5/2024 9:00,Hydro,0.105
6/5/2024 10:00,Hydro,0.11
6/5/2024 11:00,Hydro,0.127
6/5/2024 12:00,Hydro,0.336
6/5/2024 13:00,Hydro,0.454
6/5/2024 14:00,Hydro,0.554
6/5/2024 15:00,Hydro,0.624
6/5/2024 16:00,Hydro,0.639
6/5/2024 17:00,Hydro,0.694
6/5/2024 18:00,Hydro,0.666
6/5/2024 19:00,Hydro,0.672
6/5/2024 20:00,Hydro,0.7
6/5/2024 21:00,Hydro,0.46
6/5/2024 22:00,Hydro,0.201
6/5/2024 23:00,Hydro,0.117
6/6/2024 0:00,Hydro,0.088
6/6/2024 1:00,Hydro,0.086
6/6/2024 2:00,Hydro,0.088
6/6/2024 3:00,Hydro,0.09
6/6/2024 4:00,Hydro,0.088
6/6/2024 5:00,Hydro,0.09
6/6/2024 6:00,Hydro,0.094
6/6/2024 7:00,Hydro,0.104
6/6/2024 8:00,Hydro,0.109
6/6/2024 9:00,Hydro,0.134
6/6/2024 10:00,Hydro,0.137
6/6/2024 11:00,Hydro,0.16
6/6/2024 12:00,Hydro,0.258
6/6/2024 13:00,Hydro,0.396
6/6/2024 14:00,Hydro,0.428
6/6/2024 15:00,Hydro,0.525
6/6/2024 16:00,Hydro,0.638
6/6/2024 17:00,Hydro,0.643
6/6/2024 18:00,Hydro,0.653
6/6/2024 19:00,Hydro,0.642
6/6/2024 20:00,Hydro,0.522
6/6/2024 21:00,Hydro,0.405
6/6/2024 22:00,Hydro,0.213
6/6/2024 23:00,Hydro,0.145
6/7/2024 0:00,Hydro,0.111
6/7/2024 1:00,Hydro,0.103
6/7/2024 2:00,Hydro,0.112
6/7/2024 3:00,Hydro,0.11
6/7/2024 4:00,Hydro,0.11
6/7/2024 5:00,Hydro,0.114
6/7/2024 6:00,Hydro,0.112
6/7/2024 7:00,Hydro,0.141
6/7/2024 8:00,Hydro,0.135
6/7/2024 9:00,Hydro,0.163
6/7/2024 10:00,Hydro,0.267
6/7/2024 11:00,Hydro,0.296
6/7/2024 12:00,Hydro,0.307
6/7/2024 13:00,Hydro,0.33
6/7/2024 14:00,Hydro,0.397
6/7/2024 15:00,Hydro,0.515
6/7/2024 16:00,Hydro,0.648
6/7/2024 17:00,Hydro,0.736
6/7/2024 18:00,Hydro,0.78
6/7/2024 19:00,Hydro,0.845
6/7/2024 20:00,Hydro,0.84
6/7/2024 21:00,Hydro,0.693
6/7/2024 22:00,Hydro,0.329
6/7/2024 23:00,Hydro,0.169
6/8/2024 0:00,Hydro,0.103
6/8/2024 1:00,Hydro,0.111
6/8/2024 2:00,Hydro,0.108
6/8/2024 3:00,Hydro,0.113
6/8/2024 4:00,Hydro,0.102
6/8/2024 5:00,Hydro,0.102
6/8/2024 6:00,Hydro,0.098
6/8/2024 7:00,Hydro,0.102
6/8/2024 8:00,Hydro,0.106
6/8/2024 9:00,Hydro,0.111
6/8/2024 10:00,Hydro,0.115
6/8/2024 11:00,Hydro,0.119
6/8/2024 12:00,Hydro,0.147
6/8/2024 13:00,Hydro,0.231
6/8/2024 14:00,Hydro,0.281
6/8/2024 15:00,Hydro,0.381
6/8/2024 16:00,Hydro,0.698
6/8/2024 17:00,Hydro,0.817
6/8/2024 18:00,Hydro,0.859
6/8/2024 19:00,Hydro,0.807
6/8/2024 20:00,Hydro,0.678
6/8/2024 21:00,Hydro,0.578
6/8/2024 22:00,Hydro,0.297
6/8/2024 23:00,Hydro,0.122
6/9/2024 0:00,Hydro,0.099
6/9/2024 1:00,Hydro,0.095
6/9/2024 2:00,Hydro,0.097
6/9/2024 3:00,Hydro,0.102
6/9/2024 4:00,Hydro,0.108
6/9/2024 5:00,Hydro,0.107
6/9/2024 6:00,Hydro,0.102
6/9/2024 7:00,Hydro,0.11
6/9/2024 8:00,Hydro,0.111
6/9/2024 9:00,Hydro,0.105
6/9/2024 10:00,Hydro,0.103
6/9/2024 11:00,Hydro,0.101
6/9/2024 12:00,Hydro,0.098
6/9/2024 13:00,Hydro,0.166
6/9/2024 14:00,Hydro,0.281
6/9/2024 15:00,Hydro,0.501
6/9/2024 16:00,Hydro,0.582
6/9/2024 17:00,Hydro,0.622
6/9/2024 18:00,Hydro,0.625
6/9/2024 19:00,Hydro,0.706
6/9/2024 20:00,Hydro,0.592
6/9/2024 21:00,Hydro,0.562
6/9/2024 22:00,Hydro,0.231
6/9/2024 23:00,Hydro,0.115
6/10/2024 0:00,Hydro,0.094
6/10/2024 1:00,Hydro,0.09
6/10/2024 2:00,Hydro,0.09
6/10/2024 3:00,Hydro,0.092
6/10/2024 4:00,Hydro,0.092
6/10/2024 5:00,Hydro,0.093
6/10/2024 6:00,Hydro,0.103
6/10/2024 7:00,Hydro,0.111
6/10/2024 8:00,Hydro,0.112
6/10/2024 9:00,Hydro,0.111
6/10/2024 10:00,Hydro,0.107
6/10/2024 11:00,Hydro,0.112
6/10/2024 12:00,Hydro,0.167
6/10/2024 13:00,Hydro,0.189
6/10/2024 14:00,Hydro,0.251
6/10/2024 15:00,Hydro,0.323
6/10/2024 16:00,Hydro,0.584
6/10/2024 17:00,Hydro,0.771
6/10/2024 18:00,Hydro,0.801
6/10/2024 19:00,Hydro,0.856
6/10/2024 20:00,Hydro,0.795
6/10/2024 21:00,Hydro,0.644
6/10/2024 22:00,Hydro,0.258
6/10/2024 23:00,Hydro,0.083
6/11/2024 0:00,Hydro,0.067
6/11/2024 1:00,Hydro,0.067
6/11/2024 2:00,Hydro,0.066
6/11/2024 3:00,Hydro,0.063
6/11/2024 4:00,Hydro,0.063
6/11/2024 5:00,Hydro,0.064
6/11/2024 6:00,Hydro,0.076
6/11/2024 7:00,Hydro,0.077
6/11/2024 8:00,Hydro,0.087
6/11/2024 9:00,Hydro,0.085
6/11/2024 10:00,Hydro,0.089
6/11/2024 11:00,Hydro,0.109
6/11/2024 12:00,Hydro,0.129
6/11/2024 13:00,Hydro,0.147
6/11/2024 14:00,Hydro,0.176
6/11/2024 15:00,Hydro,0.241
6/11/2024 16:00,Hydro,0.442
6/11/2024 17:00,Hydro,0.684
6/11/2024 18:00,Hydro,0.706
6/11/2024 19:00,Hydro,0.737
6/11/2024 20:00,Hydro,0.691
6/11/2024 21:00,Hydro,0.516
6/11/2024 22:00,Hydro,0.185
6/11/2024 23:00,Hydro,0.074
6/12/2024 0:00,Hydro,0.066
6/12/2024 1:00,Hydro,0.065
6/12/2024 2:00,Hydro,0.064
6/12/2024 3:00,Hydro,0.079
6/12/2024 4:00,Hydro,0.079
6/12/2024 5:00,Hydro,0.081
6/12/2024 6:00,Hydro,0.09
6/12/2024 7:00,Hydro,0.075
6/12/2024 8:00,Hydro,0.073
6/12/2024 9:00,Hydro,0.075
6/12/2024 10:00,Hydro,0.078
6/12/2024 11:00,Hydro,0.081
6/12/2024 12:00,Hydro,0.101
6/12/2024 13:00,Hydro,0.218
6/12/2024 14:00,Hydro,0.429
6/12/2024 15:00,Hydro,0.461
6/12/2024 16:00,Hydro,0.729
6/12/2024 17:00,Hydro,0.802
6/12/2024 18:00,Hydro,0.813
6/12/2024 19:00,Hydro,0.844
6/12/2024 20:00,Hydro,0.685
6/12/2024 21:00,Hydro,0.548
6/12/2024 22:00,Hydro,0.124
6/12/2024 23:00,Hydro,0.08
6/13/2024 0:00,Hydro,0.073
6/13/2024 1:00,Hydro,0.071
6/13/2024 2:00,Hydro,0.071
6/13/2024 3:00,Hydro,0.067
6/13/2024 4:00,Hydro,0.068
6/13/2024 5:00,Hydro,0.07
6/13/2024 6:00,Hydro,0.074
6/13/2024 7:00,Hydro,0.077
6/13/2024 8:00,Hydro,0.074
6/13/2024 9:00,Hydro,0.081
6/13/2024 10:00,Hydro,0.084
6/13/2024 11:00,Hydro,0.091
6/13/2024 12:00,Hydro,0.135
6/13/2024 13:00,Hydro,0.351
6/13/2024 14:00,Hydro,0.663
6/13/2024 15:00,Hydro,0.711
6/13/2024 16:00,Hydro,0.776
6/13/2024 17:00,Hydro,0.782
6/13/2024 18:00,Hydro,0.777
6/13/2024 19:00,Hydro,0.815
6/13/2024 20:00,Hydro,0.746
6/13/2024 21:00,Hydro,0.646
6/13/2024 22:00,Hydro,0.254
6/13/2024 23:00,Hydro,0.084
6/14/2024 0:00,Hydro,0.07
6/14/2024 1:00,Hydro,0.065
6/14/2024 2:00,Hydro,0.064
6/14/2024 3:00,Hydro,0.063
6/14/2024 4:00,Hydro,0.067
6/14/2024 5:00,Hydro,0.071
6/14/2024 6:00,Hydro,0.078
6/14/2024 7:00,Hydro,0.081
6/14/2024 8:00,Hydro,0.08
6/14/2024 9:00,Hydro,0.086
6/14/2024 10:00,Hydro,0.083
6/14/2024 11:00,Hydro,0.083
6/14/2024 12:00,Hydro,0.187
6/14/2024 13:00,Hydro,0.486
6/14/2024 14:00,Hydro,0.688
6/14/2024 15:00,Hydro,0.723
6/14/2024 16:00,Hydro,0.816
6/14/2024 17:00,Hydro,0.843
6/14/2024 18:00,Hydro,0.843
6/14/2024 19:00,Hydro,0.819
6/14/2024 20:00,Hydro,0.707
6/14/2024 21:00,Hydro,0.435
6/14/2024 22:00,Hydro,0.116
6/14/2024 23:00,Hydro,0.075
6/15/2024 0:00,Hydro,0.059
6/15/2024 1:00,Hydro,0.049
6/15/2024 2:00,Hydro,0.048
6/15/2024 3:00,Hydro,0.048
6/15/2024 4:00,Hydro,0.048
6/15/2024 5:00,Hydro,0.048
6/15/2024 6:00,Hydro,0.06
6/15/2024 7:00,Hydro,0.063
6/15/2024 8:00,Hydro,0.065
6/15/2024 9:00,Hydro,0.068
6/15/2024 10:00,Hydro,0.068
6/15/2024 11:00,Hydro,0.079
6/15/2024 12:00,Hydro,0.105
6/15/2024 13:00,Hydro,0.185
6/15/2024 14:00,Hydro,0.392
6/15/2024 15:00,Hydro,0.626
6/15/2024 16:00,Hydro,0.756
6/15/2024 17:00,Hydro,0.792
6/15/2024 18:00,Hydro,0.837
6/15/2024 19:00,Hydro,0.788
6/15/2024 20:00,Hydro,0.684
6/15/2024 21:00,Hydro,0.451
6/15/2024 22:00,Hydro,0.198
6/15/2024 23:00,Hydro,0.087
6/16/2024 0:00,Hydro,0.062
6/16/2024 1:00,Hydro,0.06
6/16/2024 2:00,Hydro,0.059
6/16/2024 3:00,Hydro,0.059
6/16/2024 4:00,Hydro,0.074
6/16/2024 5:00,Hydro,0.08
6/16/2024 6:00,Hydro,0.087
6/16/2024 7:00,Hydro,0.095
6/16/2024 8:00,Hydro,0.091
6/16/2024 9:00,Hydro,0.079
6/16/2024 10:00,Hydro,0.072
6/16/2024 11:00,Hydro,0.067
6/16/2024 12:00,Hydro,0.09
6/16/2024 13:00,Hydro,0.175
6/16/2024 14:00,Hydro,0.246
6/16/2024 15:00,Hydro,0.454
6/16/2024 16:00,Hydro,0.624
6/16/2024 17:00,Hydro,0.679
6/16/2024 18:00,Hydro,0.724
6/16/2024 19:00,Hydro,0.787
6/16/2024 20:00,Hydro,0.692
6/16/2024 21:00,Hydro,0.536
6/16/2024 22:00,Hydro,0.12
6/16/2024 23:00,Hydro,0.051
6/17/2024 0:00,Hydro,0.051
6/17/2024 1:00,Hydro,0.05
6/17/2024 2:00,Hydro,0.048
6/17/2024 3:00,Hydro,0.048
6/17/2024 4:00,Hydro,0.05
6/17/2024 5:00,Hydro,0.052
6/17/2024 6:00,Hydro,0.052
6/17/2024 7:00,Hydro,0.052
6/17/2024 8:00,Hydro,0.049
6/17/2024 9:00,Hydro,0.056
6/17/2024 10:00,Hydro,0.056
6/17/2024 11:00,Hydro,0.058
6/17/2024 12:00,Hydro,0.189
6/17/2024 13:00,Hydro,0.39
6/17/2024 14:00,Hydro,0.626
6/17/2024 15:00,Hydro,0.639
6/17/2024 16:00,Hydro,0.755
6/17/2024 17:00,Hydro,0.806
6/17/2024 18:00,Hydro,0.853
6/17/2024 19:00,Hydro,0.813
6/17/2024 20:00,Hydro,0.723
6/17/2024 21:00,Hydro,0.513
6/17/2024 22:00,Hydro,0.166
6/17/2024 23:00,Hydro,0.06
6/18/2024 0:00,Hydro,0.053
6/18/2024 1:00,Hydro,0.052
6/18/2024 2:00,Hydro,0.052
6/18/2024 3:00,Hydro,0.052
6/18/2024 4:00,Hydro,0.068
6/18/2024 5:00,Hydro,0.072
6/18/2024 6:00,Hydro,0.063
6/18/2024 7:00,Hydro,0.055
6/18/2024 8:00,Hydro,0.051
6/18/2024 9:00,Hydro,0.058
6/18/2024 10:00,Hydro,0.078
6/18/2024 11:00,Hydro,0.098
6/18/2024 12:00,Hydro,0.211
6/18/2024 13:00,Hydro,0.474
6/18/2024 14:00,Hydro,0.659
6/18/2024 15:00,Hydro,0.744
6/18/2024 16:00,Hydro,0.776
6/18/2024 17:00,Hydro,0.841
6/18/2024 18:00,Hydro,0.874
6/18/2024 19:00,Hydro,0.879
6/18/2024 20:00,Hydro,0.73
6/18/2024 21:00,Hydro,0.501
6/18/2024 22:00,Hydro,0.127
6/18/2024 23:00,Hydro,0.095
6/19/2024 0:00,Hydro,0.07
6/19/2024 1:00,Hydro,0.064
6/19/2024 2:00,Hydro,0.06
6/19/2024 3:00,Hydro,0.06
6/19/2024 4:00,Hydro,0.063
6/19/2024 5:00,Hydro,0.067
6/19/2024 6:00,Hydro,0.079
6/19/2024 7:00,Hydro,0.083
6/19/2024 8:00,Hydro,0.083
6/19/2024 9:00,Hydro,0.084
6/19/2024 10:00,Hydro,0.081
6/19/2024 11:00,Hydro,0.094
6/19/2024 12:00,Hydro,0.293
6/19/2024 13:00,Hydro,0.621
6/19/2024 14:00,Hydro,0.709
6/19/2024 15:00,Hydro,0.763
6/19/2024 16:00,Hydro,0.828
6/19/2024 17:00,Hydro,0.909
6/19/2024 18:00,Hydro,0.976
6/19/2024 19:00,Hydro,0.88
6/19/2024 20:00,Hydro,0.687
6/19/2024 21:00,Hydro,0.392
6/19/2024 22:00,Hydro,0.106
6/19/2024 23:00,Hydro,0.058
6/20/2024 0:00,Hydro,0.049
6/20/2024 1:00,Hydro,0.051
6/20/2024 2:00,Hydro,0.049
6/20/2024 3:00,Hydro,0.048
6/20/2024 4:00,Hydro,0.047
6/20/2024 5:00,Hydro,0.054
6/20/2024 6:00,Hydro,0.06
6/20/2024 7:00,Hydro,0.063
6/20/2024 8:00,Hydro,0.064
6/20/2024 9:00,Hydro,0.064
6/20/2024 10:00,Hydro,0.065
6/20/2024 11:00,Hydro,0.098
6/20/2024 12:00,Hydro,0.218
6/20/2024 13:00,Hydro,0.539
6/20/2024 14:00,Hydro,0.701
6/20/2024 15:00,Hydro,0.768
6/20/2024 16:00,Hydro,0.774
6/20/2024 17:00,Hydro,0.816
6/20/2024 18:00,Hydro,0.846
6/20/2024 19:00,Hydro,0.885
6/20/2024 20:00,Hydro,0.68
6/20/2024 21:00,Hydro,0.451
6/20/2024 22:00,Hydro,0.08
6/20/2024 23:00,Hydro,0.041
6/21/2024 0:00,Hydro,0.038
6/21/2024 1:00,Hydro,0.038
6/21/2024 2:00,Hydro,0.037
6/21/2024 3:00,Hydro,0.037
6/21/2024 4:00,Hydro,0.037
6/21/2024 5:00,Hydro,0.04
6/21/2024 6:00,Hydro,0.05
6/21/2024 7:00,Hydro,0.059
6/21/2024 8:00,Hydro,0.06
6/21/2024 9:00,Hydro,0.062
6/21/2024 10:00,Hydro,0.061
6/21/2024 11:00,Hydro,0.066
6/21/2024 12:00,Hydro,0.222
6/21/2024 13:00,Hydro,0.514
6/21/2024 14:00,Hydro,0.756
6/21/2024 15:00,Hydro,0.788
6/21/2024 16:00,Hydro,0.796
6/21/2024 17:00,Hydro,0.804
6/21/2024 18:00,Hydro,0.828
6/21/2024 19:00,Hydro,0.809
6/21/2024 20:00,Hydro,0.737
6/21/2024 21:00,Hydro,0.485
6/21/2024 22:00,Hydro,0.077
6/21/2024 23:00,Hydro,0.049
6/22/2024 0:00,Hydro,0.049
6/22/2024 1:00,Hydro,0.049
6/22/2024 2:00,Hydro,0.049
6/22/2024 3:00,Hydro,0.049
6/22/2024 4:00,Hydro,0.05
6/22/2024 5:00,Hydro,0.05
6/22/2024 6:00,Hydro,0.054
6/22/2024 7:00,Hydro,0.056
6/22/2024 8:00,Hydro,0.06
6/22/2024 9:00,Hydro,0.061
6/22/2024 10:00,Hydro,0.06
6/22/2024 11:00,Hydro,0.06
6/22/2024 12:00,Hydro,0.069
6/22/2024 13:00,Hydro,0.342
6/22/2024 14:00,Hydro,0.486
6/22/2024 15:00,Hydro,0.685
6/22/2024 16:00,Hydro,0.727
6/22/2024 17:00,Hydro,0.767
6/22/2024 18:00,Hydro,0.836
6/22/2024 19:00,Hydro,0.865
6/22/2024 20:00,Hydro,0.707
6/22/2024 21:00,Hydro,0.556
6/22/2024 22:00,Hydro,0.209
6/22/2024 23:00,Hydro,0.04
6/23/2024 0:00,Hydro,0.038
6/23/2024 1:00,Hydro,0.041
6/23/2024 2:00,Hydro,0.042
6/23/2024 3:00,Hydro,0.044
6/23/2024 4:00,Hydro,0.045
6/23/2024 5:00,Hydro,0.045
6/23/2024 6:00,Hydro,0.049
6/23/2024 7:00,Hydro,0.054
6/23/2024 8:00,Hydro,0.059
6/23/2024 9:00,Hydro,0.06
6/23/2024 10:00,Hydro,0.061
6/23/2024 11:00,Hydro,0.071
6/23/2024 12:00,Hydro,0.233
6/23/2024 13:00,Hydro,0.454
6/23/2024 14:00,Hydro,0.509
6/23/2024 15:00,Hydro,0.598
6/23/2024 16:00,Hydro,0.72
6/23/2024 17:00,Hydro,0.73
6/23/2024 18:00,Hydro,0.776
6/23/2024 19:00,Hydro,0.681
6/23/2024 20:00,Hydro,0.593
6/23/2024 21:00,Hydro,0.322
6/23/2024 22:00,Hydro,0.101
6/23/2024 23:00,Hydro,0.039
6/24/2024 0:00,Hydro,0.035
6/24/2024 1:00,Hydro,0.035
6/24/2024 2:00,Hydro,0.036
6/24/2024 3:00,Hydro,0.036
6/24/2024 4:00,Hydro,0.036
6/24/2024 5:00,Hydro,0.037
6/24/2024 6:00,Hydro,0.044
6/24/2024 7:00,Hydro,0.048
6/24/2024 8:00,Hydro,0.049
6/24/2024 9:00,Hydro,0.049
6/24/2024 10:00,Hydro,0.05
6/24/2024 11:00,Hydro,0.055
6/24/2024 12:00,Hydro,0.133
6/24/2024 13:00,Hydro,0.265
6/24/2024 14:00,Hydro,0.467
6/24/2024 15:00,Hydro,0.651
6/24/2024 16:00,Hydro,0.724
6/24/2024 17:00,Hydro,0.763
6/24/2024 18:00,Hydro,0.781
6/24/2024 19:00,Hydro,0.759
6/24/2024 20:00,Hydro,0.611
6/24/2024 21:00,Hydro,0.342
6/24/2024 22:00,Hydro,0.094
6/24/2024 23:00,Hydro,0.066
6/25/2024 0:00,Hydro,0.057
6/25/2024 1:00,Hydro,0.058
6/25/2024 2:00,Hydro,0.06
6/25/2024 3:00,Hydro,0.06
6/25/2024 4:00,Hydro,0.053
6/25/2024 5:00,Hydro,0.056
6/25/2024 6:00,Hydro,0.063
6/25/2024 7:00,Hydro,0.065
6/25/2024 8:00,Hydro,0.064
6/25/2024 9:00,Hydro,0.067
6/25/2024 10:00,Hydro,0.063
6/25/2024 11:00,Hydro,0.062
6/25/2024 12:00,Hydro,0.102
6/25/2024 13:00,Hydro,0.259
6/25/2024 14:00,Hydro,0.439
6/25/2024 15:00,Hydro,0.708
6/25/2024 16:00,Hydro,0.689
6/25/2024 17:00,Hydro,0.813
6/25/2024 18:00,Hydro,0.859
6/25/2024 19:00,Hydro,0.776
6/25/2024 20:00,Hydro,0.635
6/25/2024 21:00,Hydro,0.42
6/25/2024 22:00,Hydro,0.11
6/25/2024 23:00,Hydro,0.042
6/26/2024 0:00,Hydro,0.04
6/26/2024 1:00,Hydro,0.039
6/26/2024 2:00,Hydro,0.038
6/26/2024 3:00,Hydro,0.037
6/26/2024 4:00,Hydro,0.04
6/26/2024 5:00,Hydro,0.043
6/26/2024 6:00,Hydro,0.045
6/26/2024 7:00,Hydro,0.045
6/26/2024 8:00,Hydro,0.045
6/26/2024 9:00,Hydro,0.045
6/26/2024 10:00,Hydro,0.05
6/26/2024 11:00,Hydro,0.116
6/26/2024 12:00,Hydro,0.321
6/26/2024 13:00,Hydro,0.691
6/26/2024 14:00,Hydro,0.838
6/26/2024 15:00,Hydro,0.845
6/26/2024 16:00,Hydro,0.865
6/26/2024 17:00,Hydro,0.883
6/26/2024 18:00,Hydro,0.805
6/26/2024 19:00,Hydro,0.761
6/26/2024 20:00,Hydro,0.624
6/26/2024 21:00,Hydro,0.291
6/26/2024 22:00,Hydro,0.12
6/26/2024 23:00,Hydro,0.059
6/27/2024 0:00,Hydro,0.05
6/27/2024 1:00,Hydro,0.049
6/27/2024 2:00,Hydro,0.047
6/27/2024 3:00,Hydro,0.038
6/27/2024 4:00,Hydro,0.031
6/27/2024 5:00,Hydro,0.035
6/27/2024 6:00,Hydro,0.037
6/27/2024 7:00,Hydro,0.038
6/27/2024 8:00,Hydro,0.039
6/27/2024 9:00,Hydro,0.046
6/27/2024 10:00,Hydro,0.049
6/27/2024 11:00,Hydro,0.096
6/27/2024 12:00,Hydro,0.168
6/27/2024 13:00,Hydro,0.492
6/27/2024 14:00,Hydro,0.637
6/27/2024 15:00,Hydro,0.721
6/27/2024 16:00,Hydro,0.832
6/27/2024 17:00,Hydro,0.855
6/27/2024 18:00,Hydro,0.779
6/27/2024 19:00,Hydro,0.707
6/27/2024 20:00,Hydro,0.595
6/27/2024 21:00,Hydro,0.274
6/27/2024 22:00,Hydro,0.094
6/27/2024 23:00,Hydro,0.064
6/28/2024 0:00,Hydro,0.053
6/28/2024 1:00,Hydro,0.052
6/28/2024 2:00,Hydro,0.047
6/28/2024 3:00,Hydro,0.048
6/28/2024 4:00,Hydro,0.057
6/28/2024 5:00,Hydro,0.061
6/28/2024 6:00,Hydro,0.065
6/28/2024 7:00,Hydro,0.07
6/28/2024 8:00,Hydro,0.068
6/28/2024 9:00,Hydro,0.068
6/28/2024 10:00,Hydro,0.071
6/28/2024 11:00,Hydro,0.084
6/28/2024 12:00,Hydro,0.188
6/28/2024 13:00,Hydro,0.316
6/28/2024 14:00,Hydro,0.55
6/28/2024 15:00,Hydro,0.74
6/28/2024 16:00,Hydro,0.902
6/28/2024 17:00,Hydro,0.901
6/28/2024 18:00,Hydro,0.919
6/28/2024 19:00,Hydro,0.894
6/28/2024 20:00,Hydro,0.762
6/28/2024 21:00,Hydro,0.556
6/28/2024 22:00,Hydro,0.212
6/28/2024 23:00,Hydro,0.101
6/29/2024 0:00,Hydro,0.053
6/29/2024 1:00,Hydro,0.05
6/29/2024 2:00,Hydro,0.049
6/29/2024 3:00,Hydro,0.048
6/29/2024 4:00,Hydro,0.048
6/29/2024 5:00,Hydro,0.059
6/29/2024 6:00,Hydro,0.07
6/29/2024 7:00,Hydro,0.072
6/29/2024 8:00,Hydro,0.078
6/29/2024 9:00,Hydro,0.073
6/29/2024 10:00,Hydro,0.061
6/29/2024 11:00,Hydro,0.098
6/29/2024 12:00,Hydro,0.218
6/29/2024 13:00,Hydro,0.325
6/29/2024 14:00,Hydro,0.561
6/29/2024 15:00,Hydro,0.77
6/29/2024 16:00,Hydro,0.911
6/29/2024 17:00,Hydro,0.94
6/29/2024 18:00,Hydro,0.88
6/29/2024 19:00,Hydro,0.872
6/29/2024 20:00,Hydro,0.767
6/29/2024 21:00,Hydro,0.505
6/29/2024 22:00,Hydro,0.162
6/29/2024 23:00,Hydro,0.06
6/30/2024 0:00,Hydro,0.059
6/30/2024 1:00,Hydro,0.064
6/30/2024 2:00,Hydro,0.065
6/30/2024 3:00,Hydro,0.066
6/30/2024 4:00,Hydro,0.07
6/30/2024 5:00,Hydro,0.077
6/30/2024 6:00,Hydro,0.08
6/30/2024 7:00,Hydro,0.075
6/30/2024 8:00,Hydro,0.075
6/30/2024 9:00,Hydro,0.078
6/30/2024 10:00,Hydro,0.084
6/30/2024 11:00,Hydro,0.192
6/30/2024 12:00,Hydro,0.361
6/30/2024 13:00,Hydro,0.463
6/30/2024 14:00,Hydro,0.614
6/30/2024 15:00,Hydro,0.725
6/30/2024 16:00,Hydro,0.825
6/30/2024 17:00,Hydro,0.797
6/30/2024 18:00,Hydro,0.715
6/30/2024 19:00,Hydro,0.675
6/30/2024 20:00,Hydro,0.5
6/30/2024 21:00,Hydro,0.308
6/30/2024 22:00,Hydro,0.095
6/30/2024 23:00,Hydro,0.074
7/1/2024 0:00,Hydro,0.063
7/1/2024 1:00,Hydro,0.06
7/1/2024 2:00,Hydro,0.06
7/1/2024 3:00,Hydro,0.071
7/1/2024 4:00,Hydro,0.076
7/1/2024 5:00,Hydro,0.074
7/1/2024 6:00,Hydro,0.073
7/1/2024 7:00,Hydro,0.073
7/1/2024 8:00,Hydro,0.075
7/1/2024 9:00,Hydro,0.077
7/1/2024 10:00,Hydro,0.075
7/1/2024 11:00,Hydro,0.08
7/1/2024 12:00,Hydro,0.112
7/1/2024 13:00,Hydro,0.12
7/1/2024 14:00,Hydro,0.228
7/1/2024 15:00,Hydro,0.49
7/1/2024 16:00,Hydro,0.682
7/1/2024 17:00,Hydro,0.748
7/1/2024 18:00,Hydro,0.787
7/1/2024 19:00,Hydro,0.814
7/1/2024 20:00,Hydro,0.737
7/1/2024 21:00,Hydro,0.469
7/1/2024 22:00,Hydro,0.151
7/1/2024 23:00,Hydro,0.068
7/2/2024 0:00,Hydro,0.054
7/2/2024 1:00,Hydro,0.048
7/2/2024 2:00,Hydro,0.049
7/2/2024 3:00,Hydro,0.048
7/2/2024 4:00,Hydro,0.056
7/2/2024 5:00,Hydro,0.059
7/2/2024 6:00,Hydro,0.073
7/2/2024 7:00,Hydro,0.073
7/2/2024 8:00,Hydro,0.072
7/2/2024 9:00,Hydro,0.072
7/2/2024 10:00,Hydro,0.07
7/2/2024 11:00,Hydro,0.073
7/2/2024 12:00,Hydro,0.148
7/2/2024 13:00,Hydro,0.202
7/2/2024 14:00,Hydro,0.388
7/2/2024 15:00,Hydro,0.632
7/2/2024 16:00,Hydro,0.801
7/2/2024 17:00,Hydro,0.827
7/2/2024 18:00,Hydro,0.844
7/2/2024 19:00,Hydro,0.877
7/2/2024 20:00,Hydro,0.762
7/2/2024 21:00,Hydro,0.554
7/2/2024 22:00,Hydro,0.221
7/2/2024 23:00,Hydro,0.054
7/3/2024 0:00,Hydro,0.055
7/3/2024 1:00,Hydro,0.056
7/3/2024 2:00,Hydro,0.057
7/3/2024 3:00,Hydro,0.051
7/3/2024 4:00,Hydro,0.051
7/3/2024 5:00,Hydro,0.057
7/3/2024 6:00,Hydro,0.067
7/3/2024 7:00,Hydro,0.07
7/3/2024 8:00,Hydro,0.071
7/3/2024 9:00,Hydro,0.079
7/3/2024 10:00,Hydro,0.077
7/3/2024 11:00,Hydro,0.083
7/3/2024 12:00,Hydro,0.203
7/3/2024 13:00,Hydro,0.35
7/3/2024 14:00,Hydro,0.534
7/3/2024 15:00,Hydro,0.748
7/3/2024 16:00,Hydro,0.868
7/3/2024 17:00,Hydro,0.918
7/3/2024 18:00,Hydro,0.869
7/3/2024 19:00,Hydro,0.777
7/3/2024 20:00,Hydro,0.711
7/3/2024 21:00,Hydro,0.519
7/3/2024 22:00,Hydro,0.214
7/3/2024 23:00,Hydro,0.055
7/4/2024 0:00,Hydro,0.054
7/4/2024 1:00,Hydro,0.054
7/4/2024 2:00,Hydro,0.049
7/4/2024 3:00,Hydro,0.048
7/4/2024 4:00,Hydro,0.047
7/4/2024 5:00,Hydro,0.048
7/4/2024 6:00,Hydro,0.054
7/4/2024 7:00,Hydro,0.055
7/4/2024 8:00,Hydro,0.059
7/4/2024 9:00,Hydro,0.068
7/4/2024 10:00,Hydro,0.078
7/4/2024 11:00,Hydro,0.09
7/4/2024 12:00,Hydro,0.219
7/4/2024 13:00,Hydro,0.474
7/4/2024 14:00,Hydro,0.599
7/4/2024 15:00,Hydro,0.67
7/4/2024 16:00,Hydro,0.833
7/4/2024 17:00,Hydro,0.821
7/4/2024 18:00,Hydro,0.833
7/4/2024 19:00,Hydro,0.72
7/4/2024 20:00,Hydro,0.625
7/4/2024 21:00,Hydro,0.387
7/4/2024 22:00,Hydro,0.117
7/4/2024 23:00,Hydro,0.054
7/5/2024 0:00,Hydro,0.048
7/5/2024 1:00,Hydro,0.048
7/5/2024 2:00,Hydro,0.048
7/5/2024 3:00,Hydro,0.048
7/5/2024 4:00,Hydro,0.048
7/5/2024 5:00,Hydro,0.049
7/5/2024 6:00,Hydro,0.055
7/5/2024 7:00,Hydro,0.064
7/5/2024 8:00,Hydro,0.06
7/5/2024 9:00,Hydro,0.058
7/5/2024 10:00,Hydro,0.063
7/5/2024 11:00,Hydro,0.128
7/5/2024 12:00,Hydro,0.402
7/5/2024 13:00,Hydro,0.601
7/5/2024 14:00,Hydro,0.738
7/5/2024 15:00,Hydro,0.835
7/5/2024 16:00,Hydro,0.936
7/5/2024 17:00,Hydro,0.905
7/5/2024 18:00,Hydro,0.919
7/5/2024 19:00,Hydro,0.875
7/5/2024 20:00,Hydro,0.598
7/5/2024 21:00,Hydro,0.319
7/5/2024 22:00,Hydro,0.109
7/5/2024 23:00,Hydro,0.056
7/6/2024 0:00,Hydro,0.056
7/6/2024 1:00,Hydro,0.055
7/6/2024 2:00,Hydro,0.055
7/6/2024 3:00,Hydro,0.055
7/6/2024 4:00,Hydro,0.055
7/6/2024 5:00,Hydro,0.056
7/6/2024 6:00,Hydro,0.065
7/6/2024 7:00,Hydro,0.072
7/6/2024 8:00,Hydro,0.072
7/6/2024 9:00,Hydro,0.082
7/6/2024 10:00,Hydro,0.072
7/6/2024 11:00,Hydro,0.09
7/6/2024 12:00,Hydro,0.172
7/6/2024 13:00,Hydro,0.441
7/6/2024 14:00,Hydro,0.646
7/6/2024 15:00,Hydro,0.711
7/6/2024 16:00,Hydro,0.788
7/6/2024 17:00,Hydro,0.814
7/6/2024 18:00,Hydro,0.817
7/6/2024 19:00,Hydro,0.801
7/6/2024 20:00,Hydro,0.751
7/6/2024 21:00,Hydro,0.452
7/6/2024 22:00,Hydro,0.152
7/6/2024 23:00,Hydro,0.07
7/7/2024 0:00,Hydro,0.055
7/7/2024 1:00,Hydro,0.055
7/7/2024 2:00,Hydro,0.055
7/7/2024 3:00,Hydro,0.057
7/7/2024 4:00,Hydro,0.057
7/7/2024 5:00,Hydro,0.064
7/7/2024 6:00,Hydro,0.065
7/7/2024 7:00,Hydro,0.07
7/7/2024 8:00,Hydro,0.074
7/7/2024 9:00,Hydro,0.072
7/7/2024 10:00,Hydro,0.072
7/7/2024 11:00,Hydro,0.077
7/7/2024 12:00,Hydro,0.169
7/7/2024 13:00,Hydro,0.316
7/7/2024 14:00,Hydro,0.459
7/7/2024 15:00,Hydro,0.589
7/7/2024 16:00,Hydro,0.699
7/7/2024 17:00,Hydro,0.774
7/7/2024 18:00,Hydro,0.822
7/7/2024 19:00,Hydro,0.745
7/7/2024 20:00,Hydro,0.602
7/7/2024 21:00,Hydro,0.454
7/7/2024 22:00,Hydro,0.175
7/7/2024 23:00,Hydro,0.058
7/8/2024 0:00,Hydro,0.061
7/8/2024 1:00,Hydro,0.066
7/8/2024 2:00,Hydro,0.067
7/8/2024 3:00,Hydro,0.066
7/8/2024 4:00,Hydro,0.069
7/8/2024 5:00,Hydro,0.065
7/8/2024 6:00,Hydro,0.069
7/8/2024 7:00,Hydro,0.069
7/8/2024 8:00,Hydro,0.066
7/8/2024 9:00,Hydro,0.067
7/8/2024 10:00,Hydro,0.064
7/8/2024 11:00,Hydro,0.084
7/8/2024 12:00,Hydro,0.325
7/8/2024 13:00,Hydro,0.607
7/8/2024 14:00,Hydro,0.712
7/8/2024 15:00,Hydro,0.784
7/8/2024 16:00,Hydro,0.805
7/8/2024 17:00,Hydro,0.932
7/8/2024 18:00,Hydro,0.947
7/8/2024 19:00,Hydro,0.782
7/8/2024 20:00,Hydro,0.616
7/8/2024 21:00,Hydro,0.354
7/8/2024 22:00,Hydro,0.08
7/8/2024 23:00,Hydro,0.06
7/9/2024 0:00,Hydro,0.052
7/9/2024 1:00,Hydro,0.05
7/9/2024 2:00,Hydro,0.05
7/9/2024 3:00,Hydro,0.05
7/9/2024 4:00,Hydro,0.05
7/9/2024 5:00,Hydro,0.052
7/9/2024 6:00,Hydro,0.056
7/9/2024 7:00,Hydro,0.058
7/9/2024 8:00,Hydro,0.09
7/9/2024 9:00,Hydro,0.09
7/9/2024 10:00,Hydro,0.058
7/9/2024 11:00,Hydro,0.102
7/9/2024 12:00,Hydro,0.377
7/9/2024 13:00,Hydro,0.609
7/9/2024 14:00,Hydro,0.803
7/9/2024 15:00,Hydro,0.85
7/9/2024 16:00,Hydro,0.85
7/9/2024 17:00,Hydro,0.864
7/9/2024 18:00,Hydro,0.867
7/9/2024 19:00,Hydro,0.85
7/9/2024 20:00,Hydro,0.777
7/9/2024 21:00,Hydro,0.441
7/9/2024 22:00,Hydro,0.145
7/9/2024 23:00,Hydro,0.075
7/10/2024 0:00,Hydro,0.048
7/10/2024 1:00,Hydro,0.044
7/10/2024 2:00,Hydro,0.043
7/10/2024 3:00,Hydro,0.043
7/10/2024 4:00,Hydro,0.043
7/10/2024 5:00,Hydro,0.045
7/10/2024 6:00,Hydro,0.05
7/10/2024 7:00,Hydro,0.051
7/10/2024 8:00,Hydro,0.052
7/10/2024 9:00,Hydro,0.05
7/10/2024 10:00,Hydro,0.045
7/10/2024 11:00,Hydro,0.075
7/10/2024 12:00,Hydro,0.335
7/10/2024 13:00,Hydro,0.417
7/10/2024 14:00,Hydro,0.691
7/10/2024 15:00,Hydro,0.788
7/10/2024 16:00,Hydro,0.848
7/10/2024 17:00,Hydro,0.831
7/10/2024 18:00,Hydro,0.862
7/10/2024 19:00,Hydro,0.811
7/10/2024 20:00,Hydro,0.68
7/10/2024 21:00,Hydro,0.473
7/10/2024 22:00,Hydro,0.103
7/10/2024 23:00,Hydro,0.057
7/11/2024 0:00,Hydro,0.041
7/11/2024 1:00,Hydro,0.038
7/11/2024 2:00,Hydro,0.039
7/11/2024 3:00,Hydro,0.039
7/11/2024 4:00,Hydro,0.039
7/11/2024 5:00,Hydro,0.044
7/11/2024 6:00,Hydro,0.048
7/11/2024 7:00,Hydro,0.049
7/11/2024 8:00,Hydro,0.049
7/11/2024 9:00,Hydro,0.049
7/11/2024 10:00,Hydro,0.052
7/11/2024 11:00,Hydro,0.055
7/11/2024 12:00,Hydro,0.207
7/11/2024 13:00,Hydro,0.673
7/11/2024 14:00,Hydro,0.737
7/11/2024 15:00,Hydro,0.749
7/11/2024 16:00,Hydro,0.832
7/11/2024 17:00,Hydro,0.911
7/11/2024 18:00,Hydro,0.851
7/11/2024 19:00,Hydro,0.827
7/11/2024 20:00,Hydro,0.733
7/11/2024 21:00,Hydro,0.284
7/11/2024 22:00,Hydro,0.087
7/11/2024 23:00,Hydro,0.06
7/12/2024 0:00,Hydro,0.046
7/12/2024 1:00,Hydro,0.043
7/12/2024 2:00,Hydro,0.043
7/12/2024 3:00,Hydro,0.043
7/12/2024 4:00,Hydro,0.042
7/12/2024 5:00,Hydro,0.044
7/12/2024 6:00,Hydro,0.046
7/12/2024 7:00,Hydro,0.046
7/12/2024 8:00,Hydro,0.046
7/12/2024 9:00,Hydro,0.05
7/12/2024 10:00,Hydro,0.054
7/12/2024 11:00,Hydro,0.059
7/12/2024 12:00,Hydro,0.256
7/12/2024 13:00,Hydro,0.526
7/12/2024 14:00,Hydro,0.61
7/12/2024 15:00,Hydro,0.672
7/12/2024 16:00,Hydro,0.709
7/12/2024 17:00,Hydro,0.761
7/12/2024 18:00,Hydro,0.758
7/12/2024 19:00,Hydro,0.738
7/12/2024 20:00,Hydro,0.555
7/12/2024 21:00,Hydro,0.343
7/12/2024 22:00,Hydro,0.106
7/12/2024 23:00,Hydro,0.051
7/13/2024 0:00,Hydro,0.041
7/13/2024 1:00,Hydro,0.038
7/13/2024 2:00,Hydro,0.038
7/13/2024 3:00,Hydro,0.037
7/13/2024 4:00,Hydro,0.036
7/13/2024 5:00,Hydro,0.038
7/13/2024 6:00,Hydro,0.039
7/13/2024 7:00,Hydro,0.041
7/13/2024 8:00,Hydro,0.041
7/13/2024 9:00,Hydro,0.041
7/13/2024 10:00,Hydro,0.05
7/13/2024 11:00,Hydro,0.056
7/13/2024 12:00,Hydro,0.143
7/13/2024 13:00,Hydro,0.226
7/13/2024 14:00,Hydro,0.554
7/13/2024 15:00,Hydro,0.657
7/13/2024 16:00,Hydro,0.706
7/13/2024 17:00,Hydro,0.806
7/13/2024 18:00,Hydro,0.81
7/13/2024 19:00,Hydro,0.749
7/13/2024 20:00,Hydro,0.605
7/13/2024 21:00,Hydro,0.404
7/13/2024 22:00,Hydro,0.11
7/13/2024 23:00,Hydro,0.037
7/14/2024 0:00,Hydro,0.032
7/14/2024 1:00,Hydro,0.031
7/14/2024 2:00,Hydro,0.031
7/14/2024 3:00,Hydro,0.031
7/14/2024 4:00,Hydro,0.032
7/14/2024 5:00,Hydro,0.034
7/14/2024 6:00,Hydro,0.036
7/14/2024 7:00,Hydro,0.037
7/14/2024 8:00,Hydro,0.037
7/14/2024 9:00,Hydro,0.041
7/14/2024 10:00,Hydro,0.046
7/14/2024 11:00,Hydro,0.074
7/14/2024 12:00,Hydro,0.103
7/14/2024 13:00,Hydro,0.178
7/14/2024 14:00,Hydro,0.4
7/14/2024 15:00,Hydro,0.525
7/14/2024 16:00,Hydro,0.609
7/14/2024 17:00,Hydro,0.654
7/14/2024 18:00,Hydro,0.75
7/14/2024 19:00,Hydro,0.707
7/14/2024 20:00,Hydro,0.644
7/14/2024 21:00,Hydro,0.415
7/14/2024 22:00,Hydro,0.109
7/14/2024 23:00,Hydro,0.051
7/15/2024 0:00,Hydro,0.038
7/15/2024 1:00,Hydro,0.029
7/15/2024 2:00,Hydro,0.029
7/15/2024 3:00,Hydro,0.029
7/15/2024 4:00,Hydro,0.029
7/15/2024 5:00,Hydro,0.03
7/15/2024 6:00,Hydro,0.032
7/15/2024 7:00,Hydro,0.034
7/15/2024 8:00,Hydro,0.035
7/15/2024 9:00,Hydro,0.038
7/15/2024 10:00,Hydro,0.044
7/15/2024 11:00,Hydro,0.16
7/15/2024 12:00,Hydro,0.392
7/15/2024 13:00,Hydro,0.633
7/15/2024 14:00,Hydro,0.69
7/15/2024 15:00,Hydro,0.765
7/15/2024 16:00,Hydro,0.758
7/15/2024 17:00,Hydro,0.738
7/15/2024 18:00,Hydro,0.81
7/15/2024 19:00,Hydro,0.753
7/15/2024 20:00,Hydro,0.674
7/15/2024 21:00,Hydro,0.491
7/15/2024 22:00,Hydro,0.122
7/15/2024 23:00,Hydro,0.042
7/16/2024 0:00,Hydro,0.031
7/16/2024 1:00,Hydro,0.03
7/16/2024 2:00,Hydro,0.031
7/16/2024 3:00,Hydro,0.03
7/16/2024 4:00,Hydro,0.032
7/16/2024 5:00,Hydro,0.033
7/16/2024 6:00,Hydro,0.034
7/16/2024 7:00,Hydro,0.033
7/16/2024 8:00,Hydro,0.033
7/16/2024 9:00,Hydro,0.036
7/16/2024 10:00,Hydro,0.037
7/16/2024 11:00,Hydro,0.088
7/16/2024 12:00,Hydro,0.205
7/16/2024 13:00,Hydro,0.562
7/16/2024 14:00,Hydro,0.788
7/16/2024 15:00,Hydro,0.794
7/16/2024 16:00,Hydro,0.869
7/16/2024 17:00,Hydro,0.887
7/16/2024 18:00,Hydro,0.894
7/16/2024 19:00,Hydro,0.853
7/16/2024 20:00,Hydro,0.771
7/16/2024 21:00,Hydro,0.381
7/16/2024 22:00,Hydro,0.086
7/16/2024 23:00,Hydro,0.059
7/17/2024 0:00,Hydro,0.034
7/17/2024 1:00,Hydro,0.032
7/17/2024 2:00,Hydro,0.032
7/17/2024 3:00,Hydro,0.033
7/17/2024 4:00,Hydro,0.035
7/17/2024 5:00,Hydro,0.037
7/17/2024 6:00,Hydro,0.043
7/17/2024 7:00,Hydro,0.048
7/17/2024 8:00,Hydro,0.043
7/17/2024 9:00,Hydro,0.042
7/17/2024 10:00,Hydro,0.041
7/17/2024 11:00,Hydro,0.13
7/17/2024 12:00,Hydro,0.632
7/17/2024 13:00,Hydro,0.804
7/17/2024 14:00,Hydro,0.797
7/17/2024 15:00,Hydro,0.789
7/17/2024 16:00,Hydro,0.772
7/17/2024 17:00,Hydro,0.766
7/17/2024 18:00,Hydro,0.83
7/17/2024 19:00,Hydro,0.778
7/17/2024 20:00,Hydro,0.368
7/17/2024 21:00,Hydro,0.18
7/17/2024 22:00,Hydro,0.086
7/17/2024 23:00,Hydro,0.066
7/18/2024 0:00,Hydro,0.052
7/18/2024 1:00,Hydro,0.038
7/18/2024 2:00,Hydro,0.037
7/18/2024 3:00,Hydro,0.042
7/18/2024 4:00,Hydro,0.04
7/18/2024 5:00,Hydro,0.041
7/18/2024 6:00,Hydro,0.044
7/18/2024 7:00,Hydro,0.045
7/18/2024 8:00,Hydro,0.046
7/18/2024 9:00,Hydro,0.046
7/18/2024 10:00,Hydro,0.044
7/18/2024 11:00,Hydro,0.056
7/18/2024 12:00,Hydro,0.298
7/18/2024 13:00,Hydro,0.516
7/18/2024 14:00,Hydro,0.568
7/18/2024 15:00,Hydro,0.657
7/18/2024 16:00,Hydro,0.782
7/18/2024 17:00,Hydro,0.773
7/18/2024 18:00,Hydro,0.765
7/18/2024 19:00,Hydro,0.705
7/18/2024 20:00,Hydro,0.642
7/18/2024 21:00,Hydro,0.363
7/18/2024 22:00,Hydro,0.123
7/18/2024 23:00,Hydro,0.045
7/19/2024 0:00,Hydro,0.045
7/19/2024 1:00,Hydro,0.045
7/19/2024 2:00,Hydro,0.045
7/19/2024 3:00,Hydro,0.045
7/19/2024 4:00,Hydro,0.045
7/19/2024 5:00,Hydro,0.045
7/19/2024 6:00,Hydro,0.046
7/19/2024 7:00,Hydro,0.045
7/19/2024 8:00,Hydro,0.043
7/19/2024 9:00,Hydro,0.043
7/19/2024 10:00,Hydro,0.041
7/19/2024 11:00,Hydro,0.078
7/19/2024 12:00,Hydro,0.227
7/19/2024 13:00,Hydro,0.531
7/19/2024 14:00,Hydro,0.77
7/19/2024 15:00,Hydro,0.791
7/19/2024 16:00,Hydro,0.897
7/19/2024 17:00,Hydro,0.922
7/19/2024 18:00,Hydro,0.844
7/19/2024 19:00,Hydro,0.778
7/19/2024 20:00,Hydro,0.61
7/19/2024 21:00,Hydro,0.268
7/19/2024 22:00,Hydro,0.069
7/19/2024 23:00,Hydro,0.032
7/20/2024 0:00,Hydro,0.031
7/20/2024 1:00,Hydro,0.031
7/20/2024 2:00,Hydro,0.031
7/20/2024 3:00,Hydro,0.031
7/20/2024 4:00,Hydro,0.048
7/20/2024 5:00,Hydro,0.065
7/20/2024 6:00,Hydro,0.087
7/20/2024 7:00,Hydro,0.08
7/20/2024 8:00,Hydro,0.069
7/20/2024 9:00,Hydro,0.038
7/20/2024 10:00,Hydro,0.032
7/20/2024 11:00,Hydro,0.035
7/20/2024 12:00,Hydro,0.111
7/20/2024 13:00,Hydro,0.145
7/20/2024 14:00,Hydro,0.395
7/20/2024 15:00,Hydro,0.518
7/20/2024 16:00,Hydro,0.583
7/20/2024 17:00,Hydro,0.619
7/20/2024 18:00,Hydro,0.622
7/20/2024 19:00,Hydro,0.569
7/20/2024 20:00,Hydro,0.544
7/20/2024 21:00,Hydro,0.394
7/20/2024 22:00,Hydro,0.082
7/20/2024 23:00,Hydro,0.051
7/21/2024 0:00,Hydro,0.053
7/21/2024 1:00,Hydro,0.054
7/21/2024 2:00,Hydro,0.051
7/21/2024 3:00,Hydro,0.051
7/21/2024 4:00,Hydro,0.052
7/21/2024 5:00,Hydro,0.06
7/21/2024 6:00,Hydro,0.059
7/21/2024 7:00,Hydro,0.054
7/21/2024 8:00,Hydro,0.046
7/21/2024 9:00,Hydro,0.043
7/21/2024 10:00,Hydro,0.044
7/21/2024 11:00,Hydro,0.051
7/21/2024 12:00,Hydro,0.111
7/21/2024 13:00,Hydro,0.246
7/21/2024 14:00,Hydro,0.469
7/21/2024 15:00,Hydro,0.583
7/21/2024 16:00,Hydro,0.611
7/21/2024 17:00,Hydro,0.707
7/21/2024 18:00,Hydro,0.685
7/21/2024 19:00,Hydro,0.638
7/21/2024 20:00,Hydro,0.562
7/21/2024 21:00,Hydro,0.398
7/21/2024 22:00,Hydro,0.147
7/21/2024 23:00,Hydro,0.055
7/22/2024 0:00,Hydro,0.052
7/22/2024 1:00,Hydro,0.048
7/22/2024 2:00,Hydro,0.048
7/22/2024 3:00,Hydro,0.048
7/22/2024 4:00,Hydro,0.046
7/22/2024 5:00,Hydro,0.046
7/22/2024 6:00,Hydro,0.05
7/22/2024 7:00,Hydro,0.051
7/22/2024 8:00,Hydro,0.049
7/22/2024 9:00,Hydro,0.047
7/22/2024 10:00,Hydro,0.044
7/22/2024 11:00,Hydro,0.046
7/22/2024 12:00,Hydro,0.238
7/22/2024 13:00,Hydro,0.653
7/22/2024 14:00,Hydro,0.709
7/22/2024 15:00,Hydro,0.727
7/22/2024 16:00,Hydro,0.771
7/22/2024 17:00,Hydro,0.795
7/22/2024 18:00,Hydro,0.781
7/22/2024 19:00,Hydro,0.788
7/22/2024 20:00,Hydro,0.586
7/22/2024 21:00,Hydro,0.258
7/22/2024 22:00,Hydro,0.08
7/22/2024 23:00,Hydro,0.051
7/23/2024 0:00,Hydro,0.044
7/23/2024 1:00,Hydro,0.045
7/23/2024 2:00,Hydro,0.045
7/23/2024 3:00,Hydro,0.055
7/23/2024 4:00,Hydro,0.058
7/23/2024 5:00,Hydro,0.061
7/23/2024 6:00,Hydro,0.072
7/23/2024 7:00,Hydro,0.082
7/23/2024 8:00,Hydro,0.123
7/23/2024 9:00,Hydro,0.127
7/23/2024 10:00,Hydro,0.085
7/23/2024 11:00,Hydro,0.064
7/23/2024 12:00,Hydro,0.269
7/23/2024 13:00,Hydro,0.582
7/23/2024 14:00,Hydro,0.747
7/23/2024 15:00,Hydro,0.802
7/23/2024 16:00,Hydro,0.826
7/23/2024 17:00,Hydro,0.819
7/23/2024 18:00,Hydro,0.814
7/23/2024 19:00,Hydro,0.796
7/23/2024 20:00,Hydro,0.662
7/23/2024 21:00,Hydro,0.383
7/23/2024 22:00,Hydro,0.11
7/23/2024 23:00,Hydro,0.049
7/24/2024 0:00,Hydro,0.038
7/24/2024 1:00,Hydro,0.035
7/24/2024 2:00,Hydro,0.034
7/24/2024 3:00,Hydro,0.033
7/24/2024 4:00,Hydro,0.031
7/24/2024 5:00,Hydro,0.031
7/24/2024 6:00,Hydro,0.034
7/24/2024 7:00,Hydro,0.034
7/24/2024 8:00,Hydro,0.034
7/24/2024 9:00,Hydro,0.034
7/24/2024 10:00,Hydro,0.033
7/24/2024 11:00,Hydro,0.037
7/24/2024 12:00,Hydro,0.208
7/24/2024 13:00,Hydro,0.604
7/24/2024 14:00,Hydro,0.74
7/24/2024 15:00,Hydro,0.809
7/24/2024 16:00,Hydro,0.842
7/24/2024 17:00,Hydro,0.823
7/24/2024 18:00,Hydro,0.833
7/24/2024 19:00,Hydro,0.799
7/24/2024 20:00,Hydro,0.603
7/24/2024 21:00,Hydro,0.332
7/24/2024 22:00,Hydro,0.093
7/24/2024 23:00,Hydro,0.041
7/25/2024 0:00,Hydro,0.041
7/25/2024 1:00,Hydro,0.043
7/25/2024 2:00,Hydro,0.044
7/25/2024 3:00,Hydro,0.043
7/25/2024 4:00,Hydro,0.044
7/25/2024 5:00,Hydro,0.047
7/25/2024 6:00,Hydro,0.055
7/25/2024 7:00,Hydro,0.059
7/25/2024 8:00,Hydro,0.074
7/25/2024 9:00,Hydro,0.08
7/25/2024 10:00,Hydro,0.062
7/25/2024 11:00,Hydro,0.113
7/25/2024 12:00,Hydro,0.248
7/25/2024 13:00,Hydro,0.547
7/25/2024 14:00,Hydro,0.732
7/25/2024 15:00,Hydro,0.778
7/25/2024 16:00,Hydro,0.81
7/25/2024 17:00,Hydro,0.892
7/25/2024 18:00,Hydro,0.871
7/25/2024 19:00,Hydro,0.819
7/25/2024 20:00,Hydro,0.617
7/25/2024 21:00,Hydro,0.345
7/25/2024 22:00,Hydro,0.116
7/25/2024 23:00,Hydro,0.067
7/26/2024 0:00,Hydro,0.056
7/26/2024 1:00,Hydro,0.056
7/26/2024 2:00,Hydro,0.055
7/26/2024 3:00,Hydro,0.053
7/26/2024 4:00,Hydro,0.051
7/26/2024 5:00,Hydro,0.052
7/26/2024 6:00,Hydro,0.054
7/26/2024 7:00,Hydro,0.059
7/26/2024 8:00,Hydro,0.061
7/26/2024 9:00,Hydro,0.061
7/26/2024 10:00,Hydro,0.059
7/26/2024 11:00,Hydro,0.077
7/26/2024 12:00,Hydro,0.236
7/26/2024 13:00,Hydro,0.548
7/26/2024 14:00,Hydro,0.754
7/26/2024 15:00,Hydro,0.81
7/26/2024 16:00,Hydro,0.91
7/26/2024 17:00,Hydro,0.977
7/26/2024 18:00,Hydro,0.88
7/26/2024 19:00,Hydro,0.917
7/26/2024 20:00,Hydro,0.716
7/26/2024 21:00,Hydro,0.439
7/26/2024 22:00,Hydro,0.139
7/26/2024 23:00,Hydro,0.053
7/27/2024 0:00,Hydro,0.047
7/27/2024 1:00,Hydro,0.048
7/27/2024 2:00,Hydro,0.046
7/27/2024 3:00,Hydro,0.046
7/27/2024 4:00,Hydro,0.046
7/27/2024 5:00,Hydro,0.052
7/27/2024 6:00,Hydro,0.055
7/27/2024 7:00,Hydro,0.054
7/27/2024 8:00,Hydro,0.058
7/27/2024 9:00,Hydro,0.064
7/27/2024 10:00,Hydro,0.07
7/27/2024 11:00,Hydro,0.076
7/27/2024 12:00,Hydro,0.106
7/27/2024 13:00,Hydro,0.189
7/27/2024 14:00,Hydro,0.51
7/27/2024 15:00,Hydro,0.703
7/27/2024 16:00,Hydro,0.86
7/27/2024 17:00,Hydro,0.868
7/27/2024 18:00,Hydro,0.859
7/27/2024 19:00,Hydro,0.789
7/27/2024 20:00,Hydro,0.663
7/27/2024 21:00,Hydro,0.582
7/27/2024 22:00,Hydro,0.292
7/27/2024 23:00,Hydro,0.083
7/28/2024 0:00,Hydro,0.071
7/28/2024 1:00,Hydro,0.056
7/28/2024 2:00,Hydro,0.052
7/28/2024 3:00,Hydro,0.056
7/28/2024 4:00,Hydro,0.052
7/28/2024 5:00,Hydro,0.058
7/28/2024 6:00,Hydro,0.057
7/28/2024 7:00,Hydro,0.063
7/28/2024 8:00,Hydro,0.07
7/28/2024 9:00,Hydro,0.066
7/28/2024 10:00,Hydro,0.07
7/28/2024 11:00,Hydro,0.071
7/28/2024 12:00,Hydro,0.122
7/28/2024 13:00,Hydro,0.19
7/28/2024 14:00,Hydro,0.435
7/28/2024 15:00,Hydro,0.723
7/28/2024 16:00,Hydro,0.834
7/28/2024 17:00,Hydro,0.884
7/28/2024 18:00,Hydro,0.899
7/28/2024 19:00,Hydro,0.806
7/28/2024 20:00,Hydro,0.769
7/28/2024 21:00,Hydro,0.519
7/28/2024 22:00,Hydro,0.213
7/28/2024 23:00,Hydro,0.051
7/29/2024 0:00,Hydro,0.045
7/29/2024 1:00,Hydro,0.046
7/29/2024 2:00,Hydro,0.047
7/29/2024 3:00,Hydro,0.046
7/29/2024 4:00,Hydro,0.048
7/29/2024 5:00,Hydro,0.053
7/29/2024 6:00,Hydro,0.053
7/29/2024 7:00,Hydro,0.049
7/29/2024 8:00,Hydro,0.055
7/29/2024 9:00,Hydro,0.054
7/29/2024 10:00,Hydro,0.05
7/29/2024 11:00,Hydro,0.059
7/29/2024 12:00,Hydro,0.135
7/29/2024 13:00,Hydro,0.513
7/29/2024 14:00,Hydro,0.829
7/29/2024 15:00,Hydro,0.9
7/29/2024 16:00,Hydro,0.961
7/29/2024 17:00,Hydro,0.932
7/29/2024 18:00,Hydro,0.892
7/29/2024 19:00,Hydro,0.803
7/29/2024 20:00,Hydro,0.667
7/29/2024 21:00,Hydro,0.327
7/29/2024 22:00,Hydro,0.11
7/29/2024 23:00,Hydro,0.059
7/30/2024 0:00,Hydro,0.049
7/30/2024 1:00,Hydro,0.049
7/30/2024 2:00,Hydro,0.053
7/30/2024 3:00,Hydro,0.053
7/30/2024 4:00,Hydro,0.053
7/30/2024 5:00,Hydro,0.054
7/30/2024 6:00,Hydro,0.049
7/30/2024 7:00,Hydro,0.046
7/30/2024 8:00,Hydro,0.042
7/30/2024 9:00,Hydro,0.05
7/30/2024 10:00,Hydro,0.047
7/30/2024 11:00,Hydro,0.062
7/30/2024 12:00,Hydro,0.233
7/30/2024 13:00,Hydro,0.51
7/30/2024 14:00,Hydro,0.728
7/30/2024 15:00,Hydro,0.75
7/30/2024 16:00,Hydro,0.844
7/30/2024 17:00,Hydro,0.882
7/30/2024 18:00,Hydro,0.874
7/30/2024 19:00,Hydro,0.778
7/30/2024 20:00,Hydro,0.632
7/30/2024 21:00,Hydro,0.387
7/30/2024 22:00,Hydro,0.12
7/30/2024 23:00,Hydro,0.064
7/31/2024 0:00,Hydro,0.062
7/31/2024 1:00,Hydro,0.054
7/31/2024 2:00,Hydro,0.056
7/31/2024 3:00,Hydro,0.054
7/31/2024 4:00,Hydro,0.057
7/31/2024 5:00,Hydro,0.063
7/31/2024 6:00,Hydro,0.066
7/31/2024 7:00,Hydro,0.061
7/31/2024 8:00,Hydro,0.06
7/31/2024 9:00,Hydro,0.06
7/31/2024 10:00,Hydro,0.062
7/31/2024 11:00,Hydro,0.075
7/31/2024 12:00,Hydro,0.228
7/31/2024 13:00,Hydro,0.519
7/31/2024 14:00,Hydro,0.818
7/31/2024 15:00,Hydro,0.863
7/31/2024 16:00,Hydro,0.857
7/31/2024 17:00,Hydro,0.921
7/31/2024 18:00,Hydro,0.944
7/31/2024 19:00,Hydro,0.869
7/31/2024 20:00,Hydro,0.819
7/31/2024 21:00,Hydro,0.452
7/31/2024 22:00,Hydro,0.114
7/31/2024 23:00,Hydro,0.078
8/1/2024 0:00,Hydro,0.052
8/1/2024 1:00,Hydro,0.05
8/1/2024 2:00,Hydro,0.05
8/1/2024 3:00,Hydro,0.049
8/1/2024 4:00,Hydro,0.049
8/1/2024 5:00,Hydro,0.052
8/1/2024 6:00,Hydro,0.059
8/1/2024 7:00,Hydro,0.064
8/1/2024 8:00,Hydro,0.06
8/1/2024 9:00,Hydro,0.066
8/1/2024 10:00,Hydro,0.065
8/1/2024 11:00,Hydro,0.087
8/1/2024 12:00,Hydro,0.269
8/1/2024 13:00,Hydro,0.619
8/1/2024 14:00,Hydro,0.744
8/1/2024 15:00,Hydro,0.818
8/1/2024 16:00,Hydro,0.943
8/1/2024 17:00,Hydro,0.932
8/1/2024 18:00,Hydro,0.988
8/1/2024 19:00,Hydro,0.941
8/1/2024 20:00,Hydro,0.797
8/1/2024 21:00,Hydro,0.478
8/1/2024 22:00,Hydro,0.153
8/1/2024 23:00,Hydro,0.056
8/2/2024 0:00,Hydro,0.051
8/2/2024 1:00,Hydro,0.049
8/2/2024 2:00,Hydro,0.049
8/2/2024 3:00,Hydro,0.049
8/2/2024 4:00,Hydro,0.049
8/2/2024 5:00,Hydro,0.051
8/2/2024 6:00,Hydro,0.063
8/2/2024 7:00,Hydro,0.088
8/2/2024 8:00,Hydro,0.086
8/2/2024 9:00,Hydro,0.088
8/2/2024 10:00,Hydro,0.07
8/2/2024 11:00,Hydro,0.109
8/2/2024 12:00,Hydro,0.421
8/2/2024 13:00,Hydro,0.633
8/2/2024 14:00,Hydro,0.747
8/2/2024 15:00,Hydro,0.766
8/2/2024 16:00,Hydro,0.797
8/2/2024 17:00,Hydro,0.839
8/2/2024 18:00,Hydro,0.825
8/2/2024 19:00,Hydro,0.764
8/2/2024 20:00,Hydro,0.533
8/2/2024 21:00,Hydro,0.249
8/2/2024 22:00,Hydro,0.108
8/2/2024 23:00,Hydro,0.077
8/3/2024 0:00,Hydro,0.047
8/3/2024 1:00,Hydro,0.041
8/3/2024 2:00,Hydro,0.042
8/3/2024 3:00,Hydro,0.042
8/3/2024 4:00,Hydro,0.043
8/3/2024 5:00,Hydro,0.045
8/3/2024 6:00,Hydro,0.051
8/3/2024 7:00,Hydro,0.056
8/3/2024 8:00,Hydro,0.059
8/3/2024 9:00,Hydro,0.062
8/3/2024 10:00,Hydro,0.061
8/3/2024 11:00,Hydro,0.064
8/3/2024 12:00,Hydro,0.236
8/3/2024 13:00,Hydro,0.552
8/3/2024 14:00,Hydro,0.696
8/3/2024 15:00,Hydro,0.758
8/3/2024 16:00,Hydro,0.839
8/3/2024 17:00,Hydro,0.843
8/3/2024 18:00,Hydro,0.793
8/3/2024 19:00,Hydro,0.745
8/3/2024 20:00,Hydro,0.579
8/3/2024 21:00,Hydro,0.292
8/3/2024 22:00,Hydro,0.129
8/3/2024 23:00,Hydro,0.086
8/4/2024 0:00,Hydro,0.079
8/4/2024 1:00,Hydro,0.077
8/4/2024 2:00,Hydro,0.083
8/4/2024 3:00,Hydro,0.073
8/4/2024 4:00,Hydro,0.073
8/4/2024 5:00,Hydro,0.071
8/4/2024 6:00,Hydro,0.073
8/4/2024 7:00,Hydro,0.075
8/4/2024 8:00,Hydro,0.075
8/4/2024 9:00,Hydro,0.093
8/4/2024 10:00,Hydro,0.082
8/4/2024 11:00,Hydro,0.084
8/4/2024 12:00,Hydro,0.135
8/4/2024 13:00,Hydro,0.224
8/4/2024 14:00,Hydro,0.487
8/4/2024 15:00,Hydro,0.673
8/4/2024 16:00,Hydro,0.71
8/4/2024 17:00,Hydro,0.754
8/4/2024 18:00,Hydro,0.824
8/4/2024 19:00,Hydro,0.76
8/4/2024 20:00,Hydro,0.602
8/4/2024 21:00,Hydro,0.423
8/4/2024 22:00,Hydro,0.071
8/4/2024 23:00,Hydro,0.051
8/5/2024 0:00,Hydro,0.051
8/5/2024 1:00,Hydro,0.051
8/5/2024 2:00,Hydro,0.05
8/5/2024 3:00,Hydro,0.051
8/5/2024 4:00,Hydro,0.051
8/5/2024 5:00,Hydro,0.053
8/5/2024 6:00,Hydro,0.067
8/5/2024 7:00,Hydro,0.067
8/5/2024 8:00,Hydro,0.064
8/5/2024 9:00,Hydro,0.07
8/5/2024 10:00,Hydro,0.077
8/5/2024 11:00,Hydro,0.133
8/5/2024 12:00,Hydro,0.403
8/5/2024 13:00,Hydro,0.545
8/5/2024 14:00,Hydro,0.703
8/5/2024 15:00,Hydro,0.739
8/5/2024 16:00,Hydro,0.861
8/5/2024 17:00,Hydro,0.868
8/5/2024 18:00,Hydro,0.924
8/5/2024 19:00,Hydro,0.816
8/5/2024 20:00,Hydro,0.732
8/5/2024 21:00,Hydro,0.317
8/5/2024 22:00,Hydro,0.142
8/5/2024 23:00,Hydro,0.083
8/6/2024 0:00,Hydro,0.079
8/6/2024 1:00,Hydro,0.069
8/6/2024 2:00,Hydro,0.069
8/6/2024 3:00,Hydro,0.066
8/6/2024 4:00,Hydro,0.065
8/6/2024 5:00,Hydro,0.075
8/6/2024 6:00,Hydro,0.08
8/6/2024 7:00,Hydro,0.082
8/6/2024 8:00,Hydro,0.083
8/6/2024 9:00,Hydro,0.097
8/6/2024 10:00,Hydro,0.093
8/6/2024 11:00,Hydro,0.107
8/6/2024 12:00,Hydro,0.357
8/6/2024 13:00,Hydro,0.751
8/6/2024 14:00,Hydro,0.789
8/6/2024 15:00,Hydro,0.835
8/6/2024 16:00,Hydro,0.851
8/6/2024 17:00,Hydro,0.892
8/6/2024 18:00,Hydro,0.816
8/6/2024 19:00,Hydro,0.706
8/6/2024 20:00,Hydro,0.511
8/6/2024 21:00,Hydro,0.253
8/6/2024 22:00,Hydro,0.12
8/6/2024 23:00,Hydro,0.099
8/7/2024 0:00,Hydro,0.104
8/7/2024 1:00,Hydro,0.106
8/7/2024 2:00,Hydro,0.109
8/7/2024 3:00,Hydro,0.107
8/7/2024 4:00,Hydro,0.113
8/7/2024 5:00,Hydro,0.116
8/7/2024 6:00,Hydro,0.108
8/7/2024 7:00,Hydro,0.109
8/7/2024 8:00,Hydro,0.116
8/7/2024 9:00,Hydro,0.121
8/7/2024 10:00,Hydro,0.112
8/7/2024 11:00,Hydro,0.159
8/7/2024 12:00,Hydro,0.333
8/7/2024 13:00,Hydro,0.698
8/7/2024 14:00,Hydro,0.725
8/7/2024 15:00,Hydro,0.833
8/7/2024 16:00,Hydro,0.906
8/7/2024 17:00,Hydro,0.904
8/7/2024 18:00,Hydro,0.867
8/7/2024 19:00,Hydro,0.785
8/7/2024 20:00,Hydro,0.466
8/7/2024 21:00,Hydro,0.267
8/7/2024 22:00,Hydro,0.168
8/7/2024 23:00,Hydro,0.16
8/8/2024 0:00,Hydro,0.147
8/8/2024 1:00,Hydro,0.141
8/8/2024 2:00,Hydro,0.135
8/8/2024 3:00,Hydro,0.133
8/8/2024 4:00,Hydro,0.143
8/8/2024 5:00,Hydro,0.158
8/8/2024 6:00,Hydro,0.147
8/8/2024 7:00,Hydro,0.147
8/8/2024 8:00,Hydro,0.146
8/8/2024 9:00,Hydro,0.15
8/8/2024 10:00,Hydro,0.149
8/8/2024 11:00,Hydro,0.171
8/8/2024 12:00,Hydro,0.286
8/8/2024 13:00,Hydro,0.712
8/8/2024 14:00,Hydro,0.771
8/8/2024 15:00,Hydro,0.839
8/8/2024 16:00,Hydro,0.916
8/8/2024 17:00,Hydro,0.94
8/8/2024 18:00,Hydro,0.868
8/8/2024 19:00,Hydro,0.79
8/8/2024 20:00,Hydro,0.693
8/8/2024 21:00,Hydro,0.435
8/8/2024 22:00,Hydro,0.283
8/8/2024 23:00,Hydro,0.16
8/9/2024 0:00,Hydro,0.13
8/9/2024 1:00,Hydro,0.121
8/9/2024 2:00,Hydro,0.125
8/9/2024 3:00,Hydro,0.127
8/9/2024 4:00,Hydro,0.111
8/9/2024 5:00,Hydro,0.119
8/9/2024 6:00,Hydro,0.141
8/9/2024 7:00,Hydro,0.146
8/9/2024 8:00,Hydro,0.138
8/9/2024 9:00,Hydro,0.138
8/9/2024 10:00,Hydro,0.138
8/9/2024 11:00,Hydro,0.162
8/9/2024 12:00,Hydro,0.248
8/9/2024 13:00,Hydro,0.411
8/9/2024 14:00,Hydro,0.644
8/9/2024 15:00,Hydro,0.779
8/9/2024 16:00,Hydro,0.862
8/9/2024 17:00,Hydro,0.84
8/9/2024 18:00,Hydro,0.79
8/9/2024 19:00,Hydro,0.721
8/9/2024 20:00,Hydro,0.582
8/9/2024 21:00,Hydro,0.308
8/9/2024 22:00,Hydro,0.178
8/9/2024 23:00,Hydro,0.177
8/10/2024 0:00,Hydro,0.2
8/10/2024 1:00,Hydro,0.179
8/10/2024 2:00,Hydro,0.181
8/10/2024 3:00,Hydro,0.195
8/10/2024 4:00,Hydro,0.199
8/10/2024 5:00,Hydro,0.196
8/10/2024 6:00,Hydro,0.201
8/10/2024 7:00,Hydro,0.206
8/10/2024 8:00,Hydro,0.211
8/10/2024 9:00,Hydro,0.226
8/10/2024 10:00,Hydro,0.23
8/10/2024 11:00,Hydro,0.233
8/10/2024 12:00,Hydro,0.265
8/10/2024 13:00,Hydro,0.281
8/10/2024 14:00,Hydro,0.528
8/10/2024 15:00,Hydro,0.695
8/10/2024 16:00,Hydro,0.839
8/10/2024 17:00,Hydro,0.874
8/10/2024 18:00,Hydro,0.938
8/10/2024 19:00,Hydro,0.877
8/10/2024 20:00,Hydro,0.759
8/10/2024 21:00,Hydro,0.474
8/10/2024 22:00,Hydro,0.269
8/10/2024 23:00,Hydro,0.211
8/11/2024 0:00,Hydro,0.211
8/11/2024 1:00,Hydro,0.212
8/11/2024 2:00,Hydro,0.213
8/11/2024 3:00,Hydro,0.214
8/11/2024 4:00,Hydro,0.213
8/11/2024 5:00,Hydro,0.213
8/11/2024 6:00,Hydro,0.215
8/11/2024 7:00,Hydro,0.214
8/11/2024 8:00,Hydro,0.214
8/11/2024 9:00,Hydro,0.214
8/11/2024 10:00,Hydro,0.216
8/11/2024 11:00,Hydro,0.215
8/11/2024 12:00,Hydro,0.274
8/11/2024 13:00,Hydro,0.273
8/11/2024 14:00,Hydro,0.346
8/11/2024 15:00,Hydro,0.469
8/11/2024 16:00,Hydro,0.822
8/11/2024 17:00,Hydro,0.957
8/11/2024 18:00,Hydro,0.98
8/11/2024 19:00,Hydro,0.993
8/11/2024 20:00,Hydro,0.899
8/11/2024 21:00,Hydro,0.638
8/11/2024 22:00,Hydro,0.316
8/11/2024 23:00,Hydro,0.202
8/12/2024 0:00,Hydro,0.202
8/12/2024 1:00,Hydro,0.201
8/12/2024 2:00,Hydro,0.201
8/12/2024 3:00,Hydro,0.199
8/12/2024 4:00,Hydro,0.199
8/12/2024 5:00,Hydro,0.201
8/12/2024 6:00,Hydro,0.205
8/12/2024 7:00,Hydro,0.205
8/12/2024 8:00,Hydro,0.204
8/12/2024 9:00,Hydro,0.203
8/12/2024 10:00,Hydro,0.204
8/12/2024 11:00,Hydro,0.202
8/12/2024 12:00,Hydro,0.257
8/12/2024 13:00,Hydro,0.361
8/12/2024 14:00,Hydro,0.622
8/12/2024 15:00,Hydro,0.825
8/12/2024 16:00,Hydro,0.918
8/12/2024 17:00,Hydro,0.953
8/12/2024 18:00,Hydro,0.983
8/12/2024 19:00,Hydro,0.952
8/12/2024 20:00,Hydro,0.908
8/12/2024 21:00,Hydro,0.621
8/12/2024 22:00,Hydro,0.312
8/12/2024 23:00,Hydro,0.204
8/13/2024 0:00,Hydro,0.201
8/13/2024 1:00,Hydro,0.199
8/13/2024 2:00,Hydro,0.198
8/13/2024 3:00,Hydro,0.196
8/13/2024 4:00,Hydro,0.197
8/13/2024 5:00,Hydro,0.194
8/13/2024 6:00,Hydro,0.197
8/13/2024 7:00,Hydro,0.198
8/13/2024 8:00,Hydro,0.198
8/13/2024 9:00,Hydro,0.196
8/13/2024 10:00,Hydro,0.195
8/13/2024 11:00,Hydro,0.216
8/13/2024 12:00,Hydro,0.293
8/13/2024 13:00,Hydro,0.355
8/13/2024 14:00,Hydro,0.604
8/13/2024 15:00,Hydro,0.816
8/13/2024 16:00,Hydro,0.894
8/13/2024 17:00,Hydro,0.955
8/13/2024 18:00,Hydro,0.936
8/13/2024 19:00,Hydro,0.913
8/13/2024 20:00,Hydro,0.829
8/13/2024 21:00,Hydro,0.555
8/13/2024 22:00,Hydro,0.299
8/13/2024 23:00,Hydro,0.211
8/14/2024 0:00,Hydro,0.203
8/14/2024 1:00,Hydro,0.211
8/14/2024 2:00,Hydro,0.213
8/14/2024 3:00,Hydro,0.21
8/14/2024 4:00,Hydro,0.21
8/14/2024 5:00,Hydro,0.216
8/14/2024 6:00,Hydro,0.218
8/14/2024 7:00,Hydro,0.225
8/14/2024 8:00,Hydro,0.224
8/14/2024 9:00,Hydro,0.227
8/14/2024 10:00,Hydro,0.232
8/14/2024 11:00,Hydro,0.233
8/14/2024 12:00,Hydro,0.335
8/14/2024 13:00,Hydro,0.581
8/14/2024 14:00,Hydro,0.799
8/14/2024 15:00,Hydro,0.867
8/14/2024 16:00,Hydro,0.905
8/14/2024 17:00,Hydro,0.925
8/14/2024 18:00,Hydro,0.911
8/14/2024 19:00,Hydro,0.933
8/14/2024 20:00,Hydro,0.915
8/14/2024 21:00,Hydro,0.605
8/14/2024 22:00,Hydro,0.315
8/14/2024 23:00,Hydro,0.233
8/15/2024 0:00,Hydro,0.203
8/15/2024 1:00,Hydro,0.205
8/15/2024 2:00,Hydro,0.206
8/15/2024 3:00,Hydro,0.207
8/15/2024 4:00,Hydro,0.202
8/15/2024 5:00,Hydro,0.198
8/15/2024 6:00,Hydro,0.228
8/15/2024 7:00,Hydro,0.232
8/15/2024 8:00,Hydro,0.241
8/15/2024 9:00,Hydro,0.234
8/15/2024 10:00,Hydro,0.236
8/15/2024 11:00,Hydro,0.235
8/15/2024 12:00,Hydro,0.337
8/15/2024 13:00,Hydro,0.587
8/15/2024 14:00,Hydro,0.774
8/15/2024 15:00,Hydro,0.868
8/15/2024 16:00,Hydro,0.855
8/15/2024 17:00,Hydro,0.89
8/15/2024 18:00,Hydro,0.9
8/15/2024 19:00,Hydro,0.907
8/15/2024 20:00,Hydro,0.832
8/15/2024 21:00,Hydro,0.529
8/15/2024 22:00,Hydro,0.254
8/15/2024 23:00,Hydro,0.189
8/16/2024 0:00,Hydro,0.169
8/16/2024 1:00,Hydro,0.157
8/16/2024 2:00,Hydro,0.154
8/16/2024 3:00,Hydro,0.147
8/16/2024 4:00,Hydro,0.139
8/16/2024 5:00,Hydro,0.151
8/16/2024 6:00,Hydro,0.169
8/16/2024 7:00,Hydro,0.167
8/16/2024 8:00,Hydro,0.179
8/16/2024 9:00,Hydro,0.177
8/16/2024 10:00,Hydro,0.174
8/16/2024 11:00,Hydro,0.22
8/16/2024 12:00,Hydro,0.313
8/16/2024 13:00,Hydro,0.55
8/16/2024 14:00,Hydro,0.761
8/16/2024 15:00,Hydro,0.781
8/16/2024 16:00,Hydro,0.845
8/16/2024 17:00,Hydro,0.875
8/16/2024 18:00,Hydro,0.88
8/16/2024 19:00,Hydro,0.843
8/16/2024 20:00,Hydro,0.75
8/16/2024 21:00,Hydro,0.47
8/16/2024 22:00,Hydro,0.195
8/16/2024 23:00,Hydro,0.143
8/17/2024 0:00,Hydro,0.128
8/17/2024 1:00,Hydro,0.126
8/17/2024 2:00,Hydro,0.124
8/17/2024 3:00,Hydro,0.127
8/17/2024 4:00,Hydro,0.137
8/17/2024 5:00,Hydro,0.149
8/17/2024 6:00,Hydro,0.159
8/17/2024 7:00,Hydro,0.163
8/17/2024 8:00,Hydro,0.168
8/17/2024 9:00,Hydro,0.161
8/17/2024 10:00,Hydro,0.16
8/17/2024 11:00,Hydro,0.164
8/17/2024 12:00,Hydro,0.312
8/17/2024 13:00,Hydro,0.554
8/17/2024 14:00,Hydro,0.821
8/17/2024 15:00,Hydro,0.871
8/17/2024 16:00,Hydro,0.94
8/17/2024 17:00,Hydro,0.962
8/17/2024 18:00,Hydro,0.95
8/17/2024 19:00,Hydro,0.897
8/17/2024 20:00,Hydro,0.783
8/17/2024 21:00,Hydro,0.495
8/17/2024 22:00,Hydro,0.218
8/17/2024 23:00,Hydro,0.15
8/18/2024 0:00,Hydro,0.139
8/18/2024 1:00,Hydro,0.142
8/18/2024 2:00,Hydro,0.129
8/18/2024 3:00,Hydro,0.116
8/18/2024 4:00,Hydro,0.117
8/18/2024 5:00,Hydro,0.121
8/18/2024 6:00,Hydro,0.132
8/18/2024 7:00,Hydro,0.138
8/18/2024 8:00,Hydro,0.143
8/18/2024 9:00,Hydro,0.144
8/18/2024 10:00,Hydro,0.156
8/18/2024 11:00,Hydro,0.168
8/18/2024 12:00,Hydro,0.281
8/18/2024 13:00,Hydro,0.397
8/18/2024 14:00,Hydro,0.522
8/18/2024 15:00,Hydro,0.678
8/18/2024 16:00,Hydro,0.862
8/18/2024 17:00,Hydro,0.891
8/18/2024 18:00,Hydro,0.879
8/18/2024 19:00,Hydro,0.865
8/18/2024 20:00,Hydro,0.755
8/18/2024 21:00,Hydro,0.505
8/18/2024 22:00,Hydro,0.287
8/18/2024 23:00,Hydro,0.155
8/19/2024 0:00,Hydro,0.15
8/19/2024 1:00,Hydro,0.155
8/19/2024 2:00,Hydro,0.156
8/19/2024 3:00,Hydro,0.178
8/19/2024 4:00,Hydro,0.167
8/19/2024 5:00,Hydro,0.179
8/19/2024 6:00,Hydro,0.192
8/19/2024 7:00,Hydro,0.186
8/19/2024 8:00,Hydro,0.288
8/19/2024 9:00,Hydro,0.335
8/19/2024 10:00,Hydro,0.331
8/19/2024 11:00,Hydro,0.326
8/19/2024 12:00,Hydro,0.471
8/19/2024 13:00,Hydro,0.58
8/19/2024 14:00,Hydro,0.644
8/19/2024 15:00,Hydro,0.704
8/19/2024 16:00,Hydro,0.804
8/19/2024 17:00,Hydro,0.812
8/19/2024 18:00,Hydro,0.759
8/19/2024 19:00,Hydro,0.585
8/19/2024 20:00,Hydro,0.564
8/19/2024 21:00,Hydro,0.372
8/19/2024 22:00,Hydro,0.133
8/19/2024 23:00,Hydro,0.132
8/20/2024 0:00,Hydro,0.122
8/20/2024 1:00,Hydro,0.113
8/20/2024 2:00,Hydro,0.11
8/20/2024 3:00,Hydro,0.112
8/20/2024 4:00,Hydro,0.109
8/20/2024 5:00,Hydro,0.119
8/20/2024 6:00,Hydro,0.126
8/20/2024 7:00,Hydro,0.154
8/20/2024 8:00,Hydro,0.174
8/20/2024 9:00,Hydro,0.173
8/20/2024 10:00,Hydro,0.179
8/20/2024 11:00,Hydro,0.209
8/20/2024 12:00,Hydro,0.225
8/20/2024 13:00,Hydro,0.261
8/20/2024 14:00,Hydro,0.304
8/20/2024 15:00,Hydro,0.436
8/20/2024 16:00,Hydro,0.643
8/20/2024 17:00,Hydro,0.696
8/20/2024 18:00,Hydro,0.677
8/20/2024 19:00,Hydro,0.652
8/20/2024 20:00,Hydro,0.672
8/20/2024 21:00,Hydro,0.443
8/20/2024 22:00,Hydro,0.207
8/20/2024 23:00,Hydro,0.205
8/21/2024 0:00,Hydro,0.175
8/21/2024 1:00,Hydro,0.134
8/21/2024 2:00,Hydro,0.129
8/21/2024 3:00,Hydro,0.129
8/21/2024 4:00,Hydro,0.128
8/21/2024 5:00,Hydro,0.128
8/21/2024 6:00,Hydro,0.13
8/21/2024 7:00,Hydro,0.128
8/21/2024 8:00,Hydro,0.136
8/21/2024 9:00,Hydro,0.14
8/21/2024 10:00,Hydro,0.138
8/21/2024 11:00,Hydro,0.135
8/21/2024 12:00,Hydro,0.213
8/21/2024 13:00,Hydro,0.315
8/21/2024 14:00,Hydro,0.376
8/21/2024 15:00,Hydro,0.413
8/21/2024 16:00,Hydro,0.558
8/21/2024 17:00,Hydro,0.656
8/21/2024 18:00,Hydro,0.895
8/21/2024 19:00,Hydro,1
8/21/2024 20:00,Hydro,0.975
8/21/2024 21:00,Hydro,0.563
8/21/2024 22:00,Hydro,0.238
8/21/2024 23:00,Hydro,0.176
8/22/2024 0:00,Hydro,0.159
8/22/2024 1:00,Hydro,0.152
8/22/2024 2:00,Hydro,0.142
8/22/2024 3:00,Hydro,0.138
8/22/2024 4:00,Hydro,0.137
8/22/2024 5:00,Hydro,0.136
8/22/2024 6:00,Hydro,0.139
8/22/2024 7:00,Hydro,0.137
8/22/2024 8:00,Hydro,0.134
8/22/2024 9:00,Hydro,0.133
8/22/2024 10:00,Hydro,0.131
8/22/2024 11:00,Hydro,0.13
8/22/2024 12:00,Hydro,0.178
8/22/2024 13:00,Hydro,0.251
8/22/2024 14:00,Hydro,0.299
8/22/2024 15:00,Hydro,0.486
8/22/2024 16:00,Hydro,0.627
8/22/2024 17:00,Hydro,0.827
8/22/2024 18:00,Hydro,0.952
8/22/2024 19:00,Hydro,0.934
8/22/2024 20:00,Hydro,0.831
8/22/2024 21:00,Hydro,0.45
8/22/2024 22:00,Hydro,0.192
8/22/2024 23:00,Hydro,0.117
8/23/2024 0:00,Hydro,0.109
8/23/2024 1:00,Hydro,0.112
8/23/2024 2:00,Hydro,0.094
8/23/2024 3:00,Hydro,0.083
8/23/2024 4:00,Hydro,0.08
8/23/2024 5:00,Hydro,0.08
8/23/2024 6:00,Hydro,0.098
8/23/2024 7:00,Hydro,0.11
8/23/2024 8:00,Hydro,0.113
8/23/2024 9:00,Hydro,0.117
8/23/2024 10:00,Hydro,0.11
8/23/2024 11:00,Hydro,0.113
8/23/2024 12:00,Hydro,0.202
8/23/2024 13:00,Hydro,0.293
8/23/2024 14:00,Hydro,0.475
8/23/2024 15:00,Hydro,0.611
8/23/2024 16:00,Hydro,0.81
8/23/2024 17:00,Hydro,0.898
8/23/2024 18:00,Hydro,0.857
8/23/2024 19:00,Hydro,0.794
8/23/2024 20:00,Hydro,0.628
8/23/2024 21:00,Hydro,0.36
8/23/2024 22:00,Hydro,0.105
8/23/2024 23:00,Hydro,0.067
8/24/2024 0:00,Hydro,0.072
8/24/2024 1:00,Hydro,0.08
8/24/2024 2:00,Hydro,0.067
8/24/2024 3:00,Hydro,0.073
8/24/2024 4:00,Hydro,0.069
8/24/2024 5:00,Hydro,0.071
8/24/2024 6:00,Hydro,0.066
8/24/2024 7:00,Hydro,0.062
8/24/2024 8:00,Hydro,0.088
8/24/2024 9:00,Hydro,0.106
8/24/2024 10:00,Hydro,0.125
8/24/2024 11:00,Hydro,0.135
8/24/2024 12:00,Hydro,0.253
8/24/2024 13:00,Hydro,0.308
8/24/2024 14:00,Hydro,0.54
8/24/2024 15:00,Hydro,0.78
8/24/2024 16:00,Hydro,0.733
8/24/2024 17:00,Hydro,0.806
8/24/2024 18:00,Hydro,0.814
8/24/2024 19:00,Hydro,0.722
8/24/2024 20:00,Hydro,0.59
8/24/2024 21:00,Hydro,0.395
8/24/2024 22:00,Hydro,0.113
8/24/2024 23:00,Hydro,0.066
8/25/2024 0:00,Hydro,0.063
8/25/2024 1:00,Hydro,0.066
8/25/2024 2:00,Hydro,0.065
8/25/2024 3:00,Hydro,0.066
8/25/2024 4:00,Hydro,0.059
8/25/2024 5:00,Hydro,0.064
8/25/2024 6:00,Hydro,0.059
8/25/2024 7:00,Hydro,0.066
8/25/2024 8:00,Hydro,0.07
8/25/2024 9:00,Hydro,0.08
8/25/2024 10:00,Hydro,0.089
8/25/2024 11:00,Hydro,0.09
8/25/2024 12:00,Hydro,0.209
8/25/2024 13:00,Hydro,0.354
8/25/2024 14:00,Hydro,0.468
8/25/2024 15:00,Hydro,0.665
8/25/2024 16:00,Hydro,0.71
8/25/2024 17:00,Hydro,0.782
8/25/2024 18:00,Hydro,0.9
8/25/2024 19:00,Hydro,0.881
8/25/2024 20:00,Hydro,0.739
8/25/2024 21:00,Hydro,0.506
8/25/2024 22:00,Hydro,0.168
8/25/2024 23:00,Hydro,0.099
8/26/2024 0:00,Hydro,0.066
8/26/2024 1:00,Hydro,0.06
8/26/2024 2:00,Hydro,0.052
8/26/2024 3:00,Hydro,0.049
8/26/2024 4:00,Hydro,0.048
8/26/2024 5:00,Hydro,0.053
8/26/2024 6:00,Hydro,0.061
8/26/2024 7:00,Hydro,0.066
8/26/2024 8:00,Hydro,0.075
8/26/2024 9:00,Hydro,0.092
8/26/2024 10:00,Hydro,0.107
8/26/2024 11:00,Hydro,0.113
8/26/2024 12:00,Hydro,0.242
8/26/2024 13:00,Hydro,0.595
8/26/2024 14:00,Hydro,0.76
8/26/2024 15:00,Hydro,0.821
8/26/2024 16:00,Hydro,0.867
8/26/2024 17:00,Hydro,0.89
8/26/2024 18:00,Hydro,0.899
8/26/2024 19:00,Hydro,0.898
8/26/2024 20:00,Hydro,0.712
8/26/2024 21:00,Hydro,0.368
8/26/2024 22:00,Hydro,0.098
8/26/2024 23:00,Hydro,0.033
8/27/2024 0:00,Hydro,0.028
8/27/2024 1:00,Hydro,0.029
8/27/2024 2:00,Hydro,0.029
8/27/2024 3:00,Hydro,0.029
8/27/2024 4:00,Hydro,0.03
8/27/2024 5:00,Hydro,0.032
8/27/2024 6:00,Hydro,0.05
8/27/2024 7:00,Hydro,0.045
8/27/2024 8:00,Hydro,0.046
8/27/2024 9:00,Hydro,0.054
8/27/2024 10:00,Hydro,0.061
8/27/2024 11:00,Hydro,0.103
8/27/2024 12:00,Hydro,0.262
8/27/2024 13:00,Hydro,0.61
8/27/2024 14:00,Hydro,0.759
8/27/2024 15:00,Hydro,0.765
8/27/2024 16:00,Hydro,0.848
8/27/2024 17:00,Hydro,0.874
8/27/2024 18:00,Hydro,0.919
8/27/2024 19:00,Hydro,0.848
8/27/2024 20:00,Hydro,0.781
8/27/2024 21:00,Hydro,0.394
8/27/2024 22:00,Hydro,0.09
8/27/2024 23:00,Hydro,0.038
8/28/2024 0:00,Hydro,0.037
8/28/2024 1:00,Hydro,0.037
8/28/2024 2:00,Hydro,0.036
8/28/2024 3:00,Hydro,0.036
8/28/2024 4:00,Hydro,0.035
8/28/2024 5:00,Hydro,0.032
8/28/2024 6:00,Hydro,0.043
8/28/2024 7:00,Hydro,0.044
8/28/2024 8:00,Hydro,0.046
8/28/2024 9:00,Hydro,0.056
8/28/2024 10:00,Hydro,0.049
8/28/2024 11:00,Hydro,0.085
8/28/2024 12:00,Hydro,0.321
8/28/2024 13:00,Hydro,0.685
8/28/2024 14:00,Hydro,0.824
8/28/2024 15:00,Hydro,0.845
8/28/2024 16:00,Hydro,0.943
8/28/2024 17:00,Hydro,0.903
8/28/2024 18:00,Hydro,0.944
8/28/2024 19:00,Hydro,0.887
8/28/2024 20:00,Hydro,0.77
8/28/2024 21:00,Hydro,0.389
8/28/2024 22:00,Hydro,0.105
8/28/2024 23:00,Hydro,0.041
8/29/2024 0:00,Hydro,0.035
8/29/2024 1:00,Hydro,0.036
8/29/2024 2:00,Hydro,0.036
8/29/2024 3:00,Hydro,0.037
8/29/2024 4:00,Hydro,0.036
8/29/2024 5:00,Hydro,0.038
8/29/2024 6:00,Hydro,0.044
8/29/2024 7:00,Hydro,0.051
8/29/2024 8:00,Hydro,0.05
8/29/2024 9:00,Hydro,0.05
8/29/2024 10:00,Hydro,0.049
8/29/2024 11:00,Hydro,0.08
8/29/2024 12:00,Hydro,0.394
8/29/2024 13:00,Hydro,0.652
8/29/2024 14:00,Hydro,0.826
8/29/2024 15:00,Hydro,0.923
8/29/2024 16:00,Hydro,0.927
8/29/2024 17:00,Hydro,0.949
8/29/2024 18:00,Hydro,0.917
8/29/2024 19:00,Hydro,0.861
8/29/2024 20:00,Hydro,0.573
8/29/2024 21:00,Hydro,0.22
8/29/2024 22:00,Hydro,0.085
8/29/2024 23:00,Hydro,0.042
8/30/2024 0:00,Hydro,0.036
8/30/2024 1:00,Hydro,0.032
8/30/2024 2:00,Hydro,0.032
8/30/2024 3:00,Hydro,0.032
8/30/2024 4:00,Hydro,0.032
8/30/2024 5:00,Hydro,0.034
8/30/2024 6:00,Hydro,0.046
8/30/2024 7:00,Hydro,0.052
8/30/2024 8:00,Hydro,0.056
8/30/2024 9:00,Hydro,0.061
8/30/2024 10:00,Hydro,0.063
8/30/2024 11:00,Hydro,0.066
8/30/2024 12:00,Hydro,0.215
8/30/2024 13:00,Hydro,0.375
8/30/2024 14:00,Hydro,0.564
8/30/2024 15:00,Hydro,0.693
8/30/2024 16:00,Hydro,0.741
8/30/2024 17:00,Hydro,0.827
8/30/2024 18:00,Hydro,0.777
8/30/2024 19:00,Hydro,0.718
8/30/2024 20:00,Hydro,0.403
8/30/2024 21:00,Hydro,0.179
8/30/2024 22:00,Hydro,0.109
8/30/2024 23:00,Hydro,0.095
8/31/2024 0:00,Hydro,0.098
8/31/2024 1:00,Hydro,0.052
8/31/2024 2:00,Hydro,0.037
8/31/2024 3:00,Hydro,0.039
8/31/2024 4:00,Hydro,0.038
8/31/2024 5:00,Hydro,0.049
8/31/2024 6:00,Hydro,0.054
8/31/2024 7:00,Hydro,0.05
8/31/2024 8:00,Hydro,0.066
8/31/2024 9:00,Hydro,0.066
8/31/2024 10:00,Hydro,0.064
8/31/2024 11:00,Hydro,0.107
8/31/2024 12:00,Hydro,0.314
8/31/2024 13:00,Hydro,0.523
8/31/2024 14:00,Hydro,0.653
8/31/2024 15:00,Hydro,0.692
8/31/2024 16:00,Hydro,0.782
8/31/2024 17:00,Hydro,0.838
8/31/2024 18:00,Hydro,0.832
8/31/2024 19:00,Hydro,0.763
8/31/2024 20:00,Hydro,0.599
8/31/2024 21:00,Hydro,0.389
8/31/2024 22:00,Hydro,0.1
8/31/2024 23:00,Hydro,0.07
9/1/2024 0:00,Hydro,0.062
9/1/2024 1:00,Hydro,0.055
9/1/2024 2:00,Hydro,0.057
9/1/2024 3:00,Hydro,0.06
9/1/2024 4:00,Hydro,0.066
9/1/2024 5:00,Hydro,0.059
9/1/2024 6:00,Hydro,0.068
9/1/2024 7:00,Hydro,0.073
9/1/2024 8:00,Hydro,0.07
9/1/2024 9:00,Hydro,0.07
9/1/2024 10:00,Hydro,0.06
9/1/2024 11:00,Hydro,0.085
9/1/2024 12:00,Hydro,0.258
9/1/2024 13:00,Hydro,0.484
9/1/2024 14:00,Hydro,0.677
9/1/2024 15:00,Hydro,0.714
9/1/2024 16:00,Hydro,0.823
9/1/2024 17:00,Hydro,0.831
9/1/2024 18:00,Hydro,0.816
9/1/2024 19:00,Hydro,0.797
9/1/2024 20:00,Hydro,0.665
9/1/2024 21:00,Hydro,0.385
9/1/2024 22:00,Hydro,0.087
9/1/2024 23:00,Hydro,0.074
9/2/2024 0:00,Hydro,0.055
9/2/2024 1:00,Hydro,0.047
9/2/2024 2:00,Hydro,0.047
9/2/2024 3:00,Hydro,0.047
9/2/2024 4:00,Hydro,0.049
9/2/2024 5:00,Hydro,0.051
9/2/2024 6:00,Hydro,0.06
9/2/2024 7:00,Hydro,0.067
9/2/2024 8:00,Hydro,0.063
9/2/2024 9:00,Hydro,0.067
9/2/2024 10:00,Hydro,0.073
9/2/2024 11:00,Hydro,0.095
9/2/2024 12:00,Hydro,0.185
9/2/2024 13:00,Hydro,0.221
9/2/2024 14:00,Hydro,0.308
9/2/2024 15:00,Hydro,0.567
9/2/2024 16:00,Hydro,0.732
9/2/2024 17:00,Hydro,0.845
9/2/2024 18:00,Hydro,0.857
9/2/2024 19:00,Hydro,0.796
9/2/2024 20:00,Hydro,0.686
9/2/2024 21:00,Hydro,0.379
9/2/2024 22:00,Hydro,0.085
9/2/2024 23:00,Hydro,0.074
9/3/2024 0:00,Hydro,0.058
9/3/2024 1:00,Hydro,0.056
9/3/2024 2:00,Hydro,0.051
9/3/2024 3:00,Hydro,0.049
9/3/2024 4:00,Hydro,0.049
9/3/2024 5:00,Hydro,0.049
9/3/2024 6:00,Hydro,0.063
9/3/2024 7:00,Hydro,0.065
9/3/2024 8:00,Hydro,0.064
9/3/2024 9:00,Hydro,0.065
9/3/2024 10:00,Hydro,0.062
9/3/2024 11:00,Hydro,0.06
9/3/2024 12:00,Hydro,0.151
9/3/2024 13:00,Hydro,0.174
9/3/2024 14:00,Hydro,0.239
9/3/2024 15:00,Hydro,0.329
9/3/2024 16:00,Hydro,0.552
9/3/2024 17:00,Hydro,0.79
9/3/2024 18:00,Hydro,0.898
9/3/2024 19:00,Hydro,0.863
9/3/2024 20:00,Hydro,0.796
9/3/2024 21:00,Hydro,0.41
9/3/2024 22:00,Hydro,0.087
9/3/2024 23:00,Hydro,0.053
9/4/2024 0:00,Hydro,0.045
9/4/2024 1:00,Hydro,0.043
9/4/2024 2:00,Hydro,0.043
9/4/2024 3:00,Hydro,0.043
9/4/2024 4:00,Hydro,0.044
9/4/2024 5:00,Hydro,0.049
9/4/2024 6:00,Hydro,0.061
9/4/2024 7:00,Hydro,0.06
9/4/2024 8:00,Hydro,0.054
9/4/2024 9:00,Hydro,0.054
9/4/2024 10:00,Hydro,0.053
9/4/2024 11:00,Hydro,0.053
9/4/2024 12:00,Hydro,0.119
9/4/2024 13:00,Hydro,0.194
9/4/2024 14:00,Hydro,0.267
9/4/2024 15:00,Hydro,0.465
9/4/2024 16:00,Hydro,0.765
9/4/2024 17:00,Hydro,0.837
9/4/2024 18:00,Hydro,0.853
9/4/2024 19:00,Hydro,0.827
9/4/2024 20:00,Hydro,0.736
9/4/2024 21:00,Hydro,0.391
9/4/2024 22:00,Hydro,0.135
9/4/2024 23:00,Hydro,0.065
9/5/2024 0:00,Hydro,0.049
9/5/2024 1:00,Hydro,0.047
9/5/2024 2:00,Hydro,0.048
9/5/2024 3:00,Hydro,0.047
9/5/2024 4:00,Hydro,0.048
9/5/2024 5:00,Hydro,0.049
9/5/2024 6:00,Hydro,0.061
9/5/2024 7:00,Hydro,0.06
9/5/2024 8:00,Hydro,0.063
9/5/2024 9:00,Hydro,0.066
9/5/2024 10:00,Hydro,0.071
9/5/2024 11:00,Hydro,0.073
9/5/2024 12:00,Hydro,0.139
9/5/2024 13:00,Hydro,0.231
9/5/2024 14:00,Hydro,0.346
9/5/2024 15:00,Hydro,0.509
9/5/2024 16:00,Hydro,0.737
9/5/2024 17:00,Hydro,0.759
9/5/2024 18:00,Hydro,0.79
9/5/2024 19:00,Hydro,0.765
9/5/2024 20:00,Hydro,0.675
9/5/2024 21:00,Hydro,0.301
9/5/2024 22:00,Hydro,0.077
9/5/2024 23:00,Hydro,0.047
9/6/2024 0:00,Hydro,0.047
9/6/2024 1:00,Hydro,0.036
9/6/2024 2:00,Hydro,0.035
9/6/2024 3:00,Hydro,0.035
9/6/2024 4:00,Hydro,0.034
9/6/2024 5:00,Hydro,0.036
9/6/2024 6:00,Hydro,0.053
9/6/2024 7:00,Hydro,0.056
9/6/2024 8:00,Hydro,0.062
9/6/2024 9:00,Hydro,0.059
9/6/2024 10:00,Hydro,0.063
9/6/2024 11:00,Hydro,0.068
9/6/2024 12:00,Hydro,0.15
9/6/2024 13:00,Hydro,0.397
9/6/2024 14:00,Hydro,0.681
9/6/2024 15:00,Hydro,0.682
9/6/2024 16:00,Hydro,0.767
9/6/2024 17:00,Hydro,0.777
9/6/2024 18:00,Hydro,0.741
9/6/2024 19:00,Hydro,0.637
9/6/2024 20:00,Hydro,0.446
9/6/2024 21:00,Hydro,0.26
9/6/2024 22:00,Hydro,0.094
9/6/2024 23:00,Hydro,0.052
9/7/2024 0:00,Hydro,0.041
9/7/2024 1:00,Hydro,0.038
9/7/2024 2:00,Hydro,0.038
9/7/2024 3:00,Hydro,0.038
9/7/2024 4:00,Hydro,0.04
9/7/2024 5:00,Hydro,0.042
9/7/2024 6:00,Hydro,0.052
9/7/2024 7:00,Hydro,0.052
9/7/2024 8:00,Hydro,0.051
9/7/2024 9:00,Hydro,0.052
9/7/2024 10:00,Hydro,0.055
9/7/2024 11:00,Hydro,0.058
9/7/2024 12:00,Hydro,0.13
9/7/2024 13:00,Hydro,0.172
9/7/2024 14:00,Hydro,0.19
9/7/2024 15:00,Hydro,0.232
9/7/2024 16:00,Hydro,0.282
9/7/2024 17:00,Hydro,0.378
9/7/2024 18:00,Hydro,0.511
9/7/2024 19:00,Hydro,0.582
9/7/2024 20:00,Hydro,0.524
9/7/2024 21:00,Hydro,0.299
9/7/2024 22:00,Hydro,0.101
9/7/2024 23:00,Hydro,0.063
9/8/2024 0:00,Hydro,0.041
9/8/2024 1:00,Hydro,0.036
9/8/2024 2:00,Hydro,0.036
9/8/2024 3:00,Hydro,0.036
9/8/2024 4:00,Hydro,0.039
9/8/2024 5:00,Hydro,0.041
9/8/2024 6:00,Hydro,0.049
9/8/2024 7:00,Hydro,0.05
9/8/2024 8:00,Hydro,0.05
9/8/2024 9:00,Hydro,0.051
9/8/2024 10:00,Hydro,0.053
9/8/2024 11:00,Hydro,0.058
9/8/2024 12:00,Hydro,0.144
9/8/2024 13:00,Hydro,0.161
9/8/2024 14:00,Hydro,0.193
9/8/2024 15:00,Hydro,0.23
9/8/2024 16:00,Hydro,0.257
9/8/2024 17:00,Hydro,0.364
9/8/2024 18:00,Hydro,0.583
9/8/2024 19:00,Hydro,0.749
9/8/2024 20:00,Hydro,0.682
9/8/2024 21:00,Hydro,0.335
9/8/2024 22:00,Hydro,0.104
9/8/2024 23:00,Hydro,0.047
9/9/2024 0:00,Hydro,0.038
9/9/2024 1:00,Hydro,0.037
9/9/2024 2:00,Hydro,0.038
9/9/2024 3:00,Hydro,0.038
9/9/2024 4:00,Hydro,0.038
9/9/2024 5:00,Hydro,0.042
9/9/2024 6:00,Hydro,0.056
9/9/2024 7:00,Hydro,0.054
9/9/2024 8:00,Hydro,0.052
9/9/2024 9:00,Hydro,0.056
9/9/2024 10:00,Hydro,0.056
9/9/2024 11:00,Hydro,0.073
9/9/2024 12:00,Hydro,0.146
9/9/2024 13:00,Hydro,0.191
9/9/2024 14:00,Hydro,0.206
9/9/2024 15:00,Hydro,0.254
9/9/2024 16:00,Hydro,0.414
9/9/2024 17:00,Hydro,0.577
9/9/2024 18:00,Hydro,0.674
9/9/2024 19:00,Hydro,0.692
9/9/2024 20:00,Hydro,0.564
9/9/2024 21:00,Hydro,0.408
9/9/2024 22:00,Hydro,0.302
9/9/2024 23:00,Hydro,0.097
9/10/2024 0:00,Hydro,0.036
9/10/2024 1:00,Hydro,0.034
9/10/2024 2:00,Hydro,0.035
9/10/2024 3:00,Hydro,0.033
9/10/2024 4:00,Hydro,0.032
9/10/2024 5:00,Hydro,0.031
9/10/2024 6:00,Hydro,0.045
9/10/2024 7:00,Hydro,0.042
9/10/2024 8:00,Hydro,0.041
9/10/2024 9:00,Hydro,0.057
9/10/2024 10:00,Hydro,0.055
9/10/2024 11:00,Hydro,0.058
9/10/2024 12:00,Hydro,0.088
9/10/2024 13:00,Hydro,0.129
9/10/2024 14:00,Hydro,0.244
9/10/2024 15:00,Hydro,0.399
9/10/2024 16:00,Hydro,0.542
9/10/2024 17:00,Hydro,0.681
9/10/2024 18:00,Hydro,0.73
9/10/2024 19:00,Hydro,0.672
9/10/2024 20:00,Hydro,0.581
9/10/2024 21:00,Hydro,0.335
9/10/2024 22:00,Hydro,0.121
9/10/2024 23:00,Hydro,0.038
9/11/2024 0:00,Hydro,0.03
9/11/2024 1:00,Hydro,0.027
9/11/2024 2:00,Hydro,0.026
9/11/2024 3:00,Hydro,0.026
9/11/2024 4:00,Hydro,0.026
9/11/2024 5:00,Hydro,0.025
9/11/2024 6:00,Hydro,0.033
9/11/2024 7:00,Hydro,0.034
9/11/2024 8:00,Hydro,0.034
9/11/2024 9:00,Hydro,0.033
9/11/2024 10:00,Hydro,0.031
9/11/2024 11:00,Hydro,0.03
9/11/2024 12:00,Hydro,0.075
9/11/2024 13:00,Hydro,0.233
9/11/2024 14:00,Hydro,0.438
9/11/2024 15:00,Hydro,0.554
9/11/2024 16:00,Hydro,0.707
9/11/2024 17:00,Hydro,0.741
9/11/2024 18:00,Hydro,0.726
9/11/2024 19:00,Hydro,0.706
9/11/2024 20:00,Hydro,0.609
9/11/2024 21:00,Hydro,0.379
9/11/2024 22:00,Hydro,0.181
9/11/2024 23:00,Hydro,0.065
9/12/2024 0:00,Hydro,0.026
9/12/2024 1:00,Hydro,0.026
9/12/2024 2:00,Hydro,0.026
9/12/2024 3:00,Hydro,0.026
9/12/2024 4:00,Hydro,0.026
9/12/2024 5:00,Hydro,0.027
9/12/2024 6:00,Hydro,0.033
9/12/2024 7:00,Hydro,0.035
9/12/2024 8:00,Hydro,0.034
9/12/2024 9:00,Hydro,0.034
9/12/2024 10:00,Hydro,0.035
9/12/2024 11:00,Hydro,0.037
9/12/2024 12:00,Hydro,0.069
9/12/2024 13:00,Hydro,0.123
9/12/2024 14:00,Hydro,0.417
9/12/2024 15:00,Hydro,0.509
9/12/2024 16:00,Hydro,0.632
9/12/2024 17:00,Hydro,0.689
9/12/2024 18:00,Hydro,0.681
9/12/2024 19:00,Hydro,0.661
9/12/2024 20:00,Hydro,0.561
9/12/2024 21:00,Hydro,0.292
9/12/2024 22:00,Hydro,0.073
9/12/2024 23:00,Hydro,0.028
9/13/2024 0:00,Hydro,0.027
9/13/2024 1:00,Hydro,0.027
9/13/2024 2:00,Hydro,0.027
9/13/2024 3:00,Hydro,0.034
9/13/2024 4:00,Hydro,0.041
9/13/2024 5:00,Hydro,0.045
9/13/2024 6:00,Hydro,0.047
9/13/2024 7:00,Hydro,0.048
9/13/2024 8:00,Hydro,0.047
9/13/2024 9:00,Hydro,0.048
9/13/2024 10:00,Hydro,0.046
9/13/2024 11:00,Hydro,0.046
9/13/2024 12:00,Hydro,0.115
9/13/2024 13:00,Hydro,0.318
9/13/2024 14:00,Hydro,0.465
9/13/2024 15:00,Hydro,0.59
9/13/2024 16:00,Hydro,0.69
9/13/2024 17:00,Hydro,0.665
9/13/2024 18:00,Hydro,0.69
9/13/2024 19:00,Hydro,0.661
9/13/2024 20:00,Hydro,0.528
9/13/2024 21:00,Hydro,0.23
9/13/2024 22:00,Hydro,0.056
9/13/2024 23:00,Hydro,0.032
9/14/2024 0:00,Hydro,0.043
9/14/2024 1:00,Hydro,0.043
9/14/2024 2:00,Hydro,0.036
9/14/2024 3:00,Hydro,0.029
9/14/2024 4:00,Hydro,0.03
9/14/2024 5:00,Hydro,0.032
9/14/2024 6:00,Hydro,0.034
9/14/2024 7:00,Hydro,0.035
9/14/2024 8:00,Hydro,0.037
9/14/2024 9:00,Hydro,0.039
9/14/2024 10:00,Hydro,0.048
9/14/2024 11:00,Hydro,0.056
9/14/2024 12:00,Hydro,0.147
9/14/2024 13:00,Hydro,0.342
9/14/2024 14:00,Hydro,0.489
9/14/2024 15:00,Hydro,0.548
9/14/2024 16:00,Hydro,0.624
9/14/2024 17:00,Hydro,0.65
9/14/2024 18:00,Hydro,0.677
9/14/2024 19:00,Hydro,0.68
9/14/2024 20:00,Hydro,0.537
9/14/2024 21:00,Hydro,0.296
9/14/2024 22:00,Hydro,0.08
9/14/2024 23:00,Hydro,0.032
9/15/2024 0:00,Hydro,0.029
9/15/2024 1:00,Hydro,0.029
9/15/2024 2:00,Hydro,0.028
9/15/2024 3:00,Hydro,0.028
9/15/2024 4:00,Hydro,0.03
9/15/2024 5:00,Hydro,0.033
9/15/2024 6:00,Hydro,0.037
9/15/2024 7:00,Hydro,0.043
9/15/2024 8:00,Hydro,0.039
9/15/2024 9:00,Hydro,0.038
9/15/2024 10:00,Hydro,0.043
9/15/2024 11:00,Hydro,0.049
9/15/2024 12:00,Hydro,0.13
9/15/2024 13:00,Hydro,0.181
9/15/2024 14:00,Hydro,0.398
9/15/2024 15:00,Hydro,0.508
9/15/2024 16:00,Hydro,0.665
9/15/2024 17:00,Hydro,0.712
9/15/2024 18:00,Hydro,0.72
9/15/2024 19:00,Hydro,0.675
9/15/2024 20:00,Hydro,0.586
9/15/2024 21:00,Hydro,0.285
9/15/2024 22:00,Hydro,0.092
9/15/2024 23:00,Hydro,0.053
9/16/2024 0:00,Hydro,0.029
9/16/2024 1:00,Hydro,0.027
9/16/2024 2:00,Hydro,0.026
9/16/2024 3:00,Hydro,0.026
9/16/2024 4:00,Hydro,0.028
9/16/2024 5:00,Hydro,0.034
9/16/2024 6:00,Hydro,0.034
9/16/2024 7:00,Hydro,0.037
9/16/2024 8:00,Hydro,0.037
9/16/2024 9:00,Hydro,0.037
9/16/2024 10:00,Hydro,0.043
9/16/2024 11:00,Hydro,0.059
9/16/2024 12:00,Hydro,0.206
9/16/2024 13:00,Hydro,0.445
9/16/2024 14:00,Hydro,0.533
9/16/2024 15:00,Hydro,0.576
9/16/2024 16:00,Hydro,0.617
9/16/2024 17:00,Hydro,0.67
9/16/2024 18:00,Hydro,0.7
9/16/2024 19:00,Hydro,0.71
9/16/2024 20:00,Hydro,0.602
9/16/2024 21:00,Hydro,0.246
9/16/2024 22:00,Hydro,0.054
9/16/2024 23:00,Hydro,0.035
9/17/2024 0:00,Hydro,0.029
9/17/2024 1:00,Hydro,0.028
9/17/2024 2:00,Hydro,0.029
9/17/2024 3:00,Hydro,0.029
9/17/2024 4:00,Hydro,0.028
9/17/2024 5:00,Hydro,0.028
9/17/2024 6:00,Hydro,0.032
9/17/2024 7:00,Hydro,0.032
9/17/2024 8:00,Hydro,0.033
9/17/2024 9:00,Hydro,0.111
9/17/2024 10:00,Hydro,0.109
9/17/2024 11:00,Hydro,0.092
9/17/2024 12:00,Hydro,0.195
9/17/2024 13:00,Hydro,0.272
9/17/2024 14:00,Hydro,0.34
9/17/2024 15:00,Hydro,0.394
9/17/2024 16:00,Hydro,0.494
9/17/2024 17:00,Hydro,0.551
9/17/2024 18:00,Hydro,0.603
9/17/2024 19:00,Hydro,0.581
9/17/2024 20:00,Hydro,0.546
9/17/2024 21:00,Hydro,0.3
9/17/2024 22:00,Hydro,0.059
9/17/2024 23:00,Hydro,0.024
9/18/2024 0:00,Hydro,0.022
9/18/2024 1:00,Hydro,0.022
9/18/2024 2:00,Hydro,0.023
9/18/2024 3:00,Hydro,0.027
9/18/2024 4:00,Hydro,0.029
9/18/2024 5:00,Hydro,0.034
9/18/2024 6:00,Hydro,0.064
9/18/2024 7:00,Hydro,0.08
9/18/2024 8:00,Hydro,0.094
9/18/2024 9:00,Hydro,0.152
9/18/2024 10:00,Hydro,0.141
9/18/2024 11:00,Hydro,0.097
9/18/2024 12:00,Hydro,0.168
9/18/2024 13:00,Hydro,0.298
9/18/2024 14:00,Hydro,0.321
9/18/2024 15:00,Hydro,0.423
9/18/2024 16:00,Hydro,0.487
9/18/2024 17:00,Hydro,0.643
9/18/2024 18:00,Hydro,0.695
9/18/2024 19:00,Hydro,0.65
9/18/2024 20:00,Hydro,0.584
9/18/2024 21:00,Hydro,0.267
9/18/2024 22:00,Hydro,0.071
9/18/2024 23:00,Hydro,0.039
9/19/2024 0:00,Hydro,0.038
9/19/2024 1:00,Hydro,0.037
9/19/2024 2:00,Hydro,0.037
9/19/2024 3:00,Hydro,0.036
9/19/2024 4:00,Hydro,0.04
9/19/2024 5:00,Hydro,0.039
9/19/2024 6:00,Hydro,0.066
9/19/2024 7:00,Hydro,0.064
9/19/2024 8:00,Hydro,0.067
9/19/2024 9:00,Hydro,0.07
9/19/2024 10:00,Hydro,0.062
9/19/2024 11:00,Hydro,0.067
9/19/2024 12:00,Hydro,0.191
9/19/2024 13:00,Hydro,0.33
9/19/2024 14:00,Hydro,0.391
9/19/2024 15:00,Hydro,0.482
9/19/2024 16:00,Hydro,0.605
9/19/2024 17:00,Hydro,0.669
9/19/2024 18:00,Hydro,0.678
9/19/2024 19:00,Hydro,0.631
9/19/2024 20:00,Hydro,0.516
9/19/2024 21:00,Hydro,0.306
9/19/2024 22:00,Hydro,0.088
9/19/2024 23:00,Hydro,0.028
9/20/2024 0:00,Hydro,0.031
9/20/2024 1:00,Hydro,0.034
9/20/2024 2:00,Hydro,0.034
9/20/2024 3:00,Hydro,0.035
9/20/2024 4:00,Hydro,0.035
9/20/2024 5:00,Hydro,0.038
9/20/2024 6:00,Hydro,0.073
9/20/2024 7:00,Hydro,0.096
9/20/2024 8:00,Hydro,0.086
9/20/2024 9:00,Hydro,0.06
9/20/2024 10:00,Hydro,0.055
9/20/2024 11:00,Hydro,0.056
9/20/2024 12:00,Hydro,0.223
9/20/2024 13:00,Hydro,0.325
9/20/2024 14:00,Hydro,0.365
9/20/2024 15:00,Hydro,0.45
9/20/2024 16:00,Hydro,0.546
9/20/2024 17:00,Hydro,0.675
9/20/2024 18:00,Hydro,0.63
9/20/2024 19:00,Hydro,0.525
9/20/2024 20:00,Hydro,0.479
9/20/2024 21:00,Hydro,0.336
9/20/2024 22:00,Hydro,0.113
9/20/2024 23:00,Hydro,0.033
9/21/2024 0:00,Hydro,0.032
9/21/2024 1:00,Hydro,0.031
9/21/2024 2:00,Hydro,0.03
9/21/2024 3:00,Hydro,0.03
9/21/2024 4:00,Hydro,0.032
9/21/2024 5:00,Hydro,0.033
9/21/2024 6:00,Hydro,0.033
9/21/2024 7:00,Hydro,0.033
9/21/2024 8:00,Hydro,0.036
9/21/2024 9:00,Hydro,0.037
9/21/2024 10:00,Hydro,0.038
9/21/2024 11:00,Hydro,0.04
9/21/2024 12:00,Hydro,0.166
9/21/2024 13:00,Hydro,0.352
9/21/2024 14:00,Hydro,0.399
9/21/2024 15:00,Hydro,0.507
9/21/2024 16:00,Hydro,0.559
9/21/2024 17:00,Hydro,0.645
9/21/2024 18:00,Hydro,0.675
9/21/2024 19:00,Hydro,0.581
9/21/2024 20:00,Hydro,0.484
9/21/2024 21:00,Hydro,0.299
9/21/2024 22:00,Hydro,0.065
9/21/2024 23:00,Hydro,0.035
9/22/2024 0:00,Hydro,0.035
9/22/2024 1:00,Hydro,0.035
9/22/2024 2:00,Hydro,0.033
9/22/2024 3:00,Hydro,0.033
9/22/2024 4:00,Hydro,0.034
9/22/2024 5:00,Hydro,0.036
9/22/2024 6:00,Hydro,0.037
9/22/2024 7:00,Hydro,0.037
9/22/2024 8:00,Hydro,0.037
9/22/2024 9:00,Hydro,0.036
9/22/2024 10:00,Hydro,0.039
9/22/2024 11:00,Hydro,0.039
9/22/2024 12:00,Hydro,0.127
9/22/2024 13:00,Hydro,0.204
9/22/2024 14:00,Hydro,0.357
9/22/2024 15:00,Hydro,0.421
9/22/2024 16:00,Hydro,0.481
9/22/2024 17:00,Hydro,0.565
9/22/2024 18:00,Hydro,0.558
9/22/2024 19:00,Hydro,0.58
9/22/2024 20:00,Hydro,0.47
9/22/2024 21:00,Hydro,0.218
9/22/2024 22:00,Hydro,0.069
9/22/2024 23:00,Hydro,0.038
9/23/2024 0:00,Hydro,0.03
9/23/2024 1:00,Hydro,0.03
9/23/2024 2:00,Hydro,0.03
9/23/2024 3:00,Hydro,0.03
9/23/2024 4:00,Hydro,0.029
9/23/2024 5:00,Hydro,0.034
9/23/2024 6:00,Hydro,0.068
9/23/2024 7:00,Hydro,0.075
9/23/2024 8:00,Hydro,0.069
9/23/2024 9:00,Hydro,0.071
9/23/2024 10:00,Hydro,0.048
9/23/2024 11:00,Hydro,0.068
9/23/2024 12:00,Hydro,0.173
9/23/2024 13:00,Hydro,0.317
9/23/2024 14:00,Hydro,0.393
9/23/2024 15:00,Hydro,0.432
9/23/2024 16:00,Hydro,0.544
9/23/2024 17:00,Hydro,0.6
9/23/2024 18:00,Hydro,0.586
9/23/2024 19:00,Hydro,0.542
9/23/2024 20:00,Hydro,0.486
9/23/2024 21:00,Hydro,0.319
9/23/2024 22:00,Hydro,0.105
9/23/2024 23:00,Hydro,0.044
9/24/2024 0:00,Hydro,0.044
9/24/2024 1:00,Hydro,0.041
9/24/2024 2:00,Hydro,0.031
9/24/2024 3:00,Hydro,0.027
9/24/2024 4:00,Hydro,0.026
9/24/2024 5:00,Hydro,0.026
9/24/2024 6:00,Hydro,0.064
9/24/2024 7:00,Hydro,0.073
9/24/2024 8:00,Hydro,0.071
9/24/2024 9:00,Hydro,0.063
9/24/2024 10:00,Hydro,0.031
9/24/2024 11:00,Hydro,0.026
9/24/2024 12:00,Hydro,0.081
9/24/2024 13:00,Hydro,0.177
9/24/2024 14:00,Hydro,0.227
9/24/2024 15:00,Hydro,0.31
9/24/2024 16:00,Hydro,0.502
9/24/2024 17:00,Hydro,0.553
9/24/2024 18:00,Hydro,0.557
9/24/2024 19:00,Hydro,0.623
9/24/2024 20:00,Hydro,0.514
9/24/2024 21:00,Hydro,0.237
9/24/2024 22:00,Hydro,0.119
9/24/2024 23:00,Hydro,0.082
9/25/2024 0:00,Hydro,0.04
9/25/2024 1:00,Hydro,0.032
9/25/2024 2:00,Hydro,0.047
9/25/2024 3:00,Hydro,0.049
9/25/2024 4:00,Hydro,0.035
9/25/2024 5:00,Hydro,0.034
9/25/2024 6:00,Hydro,0.066
9/25/2024 7:00,Hydro,0.136
9/25/2024 8:00,Hydro,0.087
9/25/2024 9:00,Hydro,0.071
9/25/2024 10:00,Hydro,0.05
9/25/2024 11:00,Hydro,0.045
9/25/2024 12:00,Hydro,0.112
9/25/2024 13:00,Hydro,0.12
9/25/2024 14:00,Hydro,0.248
9/25/2024 15:00,Hydro,0.311
9/25/2024 16:00,Hydro,0.47
9/25/2024 17:00,Hydro,0.494
9/25/2024 18:00,Hydro,0.53
9/25/2024 19:00,Hydro,0.561
9/25/2024 20:00,Hydro,0.541
9/25/2024 21:00,Hydro,0.312
9/25/2024 22:00,Hydro,0.087
9/25/2024 23:00,Hydro,0.063
9/26/2024 0:00,Hydro,0.06
9/26/2024 1:00,Hydro,0.061
9/26/2024 2:00,Hydro,0.054
9/26/2024 3:00,Hydro,0.052
9/26/2024 4:00,Hydro,0.054
9/26/2024 5:00,Hydro,0.053
9/26/2024 6:00,Hydro,0.051
9/26/2024 7:00,Hydro,0.06
9/26/2024 8:00,Hydro,0.062
9/26/2024 9:00,Hydro,0.064
9/26/2024 10:00,Hydro,0.069
9/26/2024 11:00,Hydro,0.069
9/26/2024 12:00,Hydro,0.104
9/26/2024 13:00,Hydro,0.131
9/26/2024 14:00,Hydro,0.179
9/26/2024 15:00,Hydro,0.358
9/26/2024 16:00,Hydro,0.422
9/26/2024 17:00,Hydro,0.505
9/26/2024 18:00,Hydro,0.558
9/26/2024 19:00,Hydro,0.619
9/26/2024 20:00,Hydro,0.563
9/26/2024 21:00,Hydro,0.303
9/26/2024 22:00,Hydro,0.142
9/26/2024 23:00,Hydro,0.077
9/27/2024 0:00,Hydro,0.065
9/27/2024 1:00,Hydro,0.064
9/27/2024 2:00,Hydro,0.064
9/27/2024 3:00,Hydro,0.064
9/27/2024 4:00,Hydro,0.063
9/27/2024 5:00,Hydro,0.061
9/27/2024 6:00,Hydro,0.094
9/27/2024 7:00,Hydro,0.161
9/27/2024 8:00,Hydro,0.147
9/27/2024 9:00,Hydro,0.165
9/27/2024 10:00,Hydro,0.226
9/27/2024 11:00,Hydro,0.183
9/27/2024 12:00,Hydro,0.181
9/27/2024 13:00,Hydro,0.254
9/27/2024 14:00,Hydro,0.233
9/27/2024 15:00,Hydro,0.269
9/27/2024 16:00,Hydro,0.448
9/27/2024 17:00,Hydro,0.578
9/27/2024 18:00,Hydro,0.606
9/27/2024 19:00,Hydro,0.585
9/27/2024 20:00,Hydro,0.366
9/27/2024 21:00,Hydro,0.209
9/27/2024 22:00,Hydro,0.092
9/27/2024 23:00,Hydro,0.089
9/28/2024 0:00,Hydro,0.11
9/28/2024 1:00,Hydro,0.113
9/28/2024 2:00,Hydro,0.112
9/28/2024 3:00,Hydro,0.111
9/28/2024 4:00,Hydro,0.111
9/28/2024 5:00,Hydro,0.109
9/28/2024 6:00,Hydro,0.108
9/28/2024 7:00,Hydro,0.089
9/28/2024 8:00,Hydro,0.088
9/28/2024 9:00,Hydro,0.088
9/28/2024 10:00,Hydro,0.094
9/28/2024 11:00,Hydro,0.101
9/28/2024 12:00,Hydro,0.179
9/28/2024 13:00,Hydro,0.156
9/28/2024 14:00,Hydro,0.168
9/28/2024 15:00,Hydro,0.323
9/28/2024 16:00,Hydro,0.552
9/28/2024 17:00,Hydro,0.613
9/28/2024 18:00,Hydro,0.625
9/28/2024 19:00,Hydro,0.641
9/28/2024 20:00,Hydro,0.496
9/28/2024 21:00,Hydro,0.308
9/28/2024 22:00,Hydro,0.135
9/28/2024 23:00,Hydro,0.094
9/29/2024 0:00,Hydro,0.084
9/29/2024 1:00,Hydro,0.086
9/29/2024 2:00,Hydro,0.087
9/29/2024 3:00,Hydro,0.086
9/29/2024 4:00,Hydro,0.087
9/29/2024 5:00,Hydro,0.082
9/29/2024 6:00,Hydro,0.105
9/29/2024 7:00,Hydro,0.12
9/29/2024 8:00,Hydro,0.122
9/29/2024 9:00,Hydro,0.121
9/29/2024 10:00,Hydro,0.117
9/29/2024 11:00,Hydro,0.14
9/29/2024 12:00,Hydro,0.202
9/29/2024 13:00,Hydro,0.195
9/29/2024 14:00,Hydro,0.17
9/29/2024 15:00,Hydro,0.294
9/29/2024 16:00,Hydro,0.498
9/29/2024 17:00,Hydro,0.554
9/29/2024 18:00,Hydro,0.628
9/29/2024 19:00,Hydro,0.658
9/29/2024 20:00,Hydro,0.614
9/29/2024 21:00,Hydro,0.479
9/29/2024 22:00,Hydro,0.29
9/29/2024 23:00,Hydro,0.145
9/30/2024 0:00,Hydro,0.111
9/30/2024 1:00,Hydro,0.079
9/30/2024 2:00,Hydro,0.074
9/30/2024 3:00,Hydro,0.073
9/30/2024 4:00,Hydro,0.07
9/30/2024 5:00,Hydro,0.09
9/30/2024 6:00,Hydro,0.146
9/30/2024 7:00,Hydro,0.295
9/30/2024 8:00,Hydro,0.335
9/30/2024 9:00,Hydro,0.313
9/30/2024 10:00,Hydro,0.236
9/30/2024 11:00,Hydro,0.21
9/30/2024 12:00,Hydro,0.241
9/30/2024 13:00,Hydro,0.262
9/30/2024 14:00,Hydro,0.295
9/30/2024 15:00,Hydro,0.426
9/30/2024 16:00,Hydro,0.506
9/30/2024 17:00,Hydro,0.522
9/30/2024 18:00,Hydro,0.568
9/30/2024 19:00,Hydro,0.563
9/30/2024 20:00,Hydro,0.519
9/30/2024 21:00,Hydro,0.361
9/30/2024 22:00,Hydro,0.137
9/30/2024 23:00,Hydro,0.105
10/1/2024 0:00,Hydro,0.104
10/1/2024 1:00,Hydro,0.107
10/1/2024 2:00,Hydro,0.096
10/1/2024 3:00,Hydro,0.096
10/1/2024 4:00,Hydro,0.1
10/1/2024 5:00,Hydro,0.115
10/1/2024 6:00,Hydro,0.162
10/1/2024 7:00,Hydro,0.284
10/1/2024 8:00,Hydro,0.211
10/1/2024 9:00,Hydro,0.15
10/1/2024 10:00,Hydro,0.141
10/1/2024 11:00,Hydro,0.139
10/1/2024 12:00,Hydro,0.191
10/1/2024 13:00,Hydro,0.214
10/1/2024 14:00,Hydro,0.276
10/1/2024 15:00,Hydro,0.318
10/1/2024 16:00,Hydro,0.399
10/1/2024 17:00,Hydro,0.456
10/1/2024 18:00,Hydro,0.466
10/1/2024 19:00,Hydro,0.46
10/1/2024 20:00,Hydro,0.412
10/1/2024 21:00,Hydro,0.263
10/1/2024 22:00,Hydro,0.132
10/1/2024 23:00,Hydro,0.111
10/2/2024 0:00,Hydro,0.091
10/2/2024 1:00,Hydro,0.085
10/2/2024 2:00,Hydro,0.065
10/2/2024 3:00,Hydro,0.06
10/2/2024 4:00,Hydro,0.06
10/2/2024 5:00,Hydro,0.093
10/2/2024 6:00,Hydro,0.202
10/2/2024 7:00,Hydro,0.26
10/2/2024 8:00,Hydro,0.239
10/2/2024 9:00,Hydro,0.184
10/2/2024 10:00,Hydro,0.128
10/2/2024 11:00,Hydro,0.118
10/2/2024 12:00,Hydro,0.118
10/2/2024 13:00,Hydro,0.12
10/2/2024 14:00,Hydro,0.172
10/2/2024 15:00,Hydro,0.241
10/2/2024 16:00,Hydro,0.357
10/2/2024 17:00,Hydro,0.415
10/2/2024 18:00,Hydro,0.456
10/2/2024 19:00,Hydro,0.445
10/2/2024 20:00,Hydro,0.341
10/2/2024 21:00,Hydro,0.26
10/2/2024 22:00,Hydro,0.148
10/2/2024 23:00,Hydro,0.124
10/3/2024 0:00,Hydro,0.113
10/3/2024 1:00,Hydro,0.11
10/3/2024 2:00,Hydro,0.096
10/3/2024 3:00,Hydro,0.092
10/3/2024 4:00,Hydro,0.092
10/3/2024 5:00,Hydro,0.109
10/3/2024 6:00,Hydro,0.164
10/3/2024 7:00,Hydro,0.246
10/3/2024 8:00,Hydro,0.18
10/3/2024 9:00,Hydro,0.163
10/3/2024 10:00,Hydro,0.138
10/3/2024 11:00,Hydro,0.113
10/3/2024 12:00,Hydro,0.111
10/3/2024 13:00,Hydro,0.12
10/3/2024 14:00,Hydro,0.194
10/3/2024 15:00,Hydro,0.222
10/3/2024 16:00,Hydro,0.311
10/3/2024 17:00,Hydro,0.401
10/3/2024 18:00,Hydro,0.396
10/3/2024 19:00,Hydro,0.403
10/3/2024 20:00,Hydro,0.299
10/3/2024 21:00,Hydro,0.24
10/3/2024 22:00,Hydro,0.126
10/3/2024 23:00,Hydro,0.107
10/4/2024 0:00,Hydro,0.112
10/4/2024 1:00,Hydro,0.106
10/4/2024 2:00,Hydro,0.104
10/4/2024 3:00,Hydro,0.105
10/4/2024 4:00,Hydro,0.105
10/4/2024 5:00,Hydro,0.113
10/4/2024 6:00,Hydro,0.206
10/4/2024 7:00,Hydro,0.212
10/4/2024 8:00,Hydro,0.212
10/4/2024 9:00,Hydro,0.128
10/4/2024 10:00,Hydro,0.121
10/4/2024 11:00,Hydro,0.12
10/4/2024 12:00,Hydro,0.184
10/4/2024 13:00,Hydro,0.177
10/4/2024 14:00,Hydro,0.181
10/4/2024 15:00,Hydro,0.224
10/4/2024 16:00,Hydro,0.405
10/4/2024 17:00,Hydro,0.434
10/4/2024 18:00,Hydro,0.438
10/4/2024 19:00,Hydro,0.444
10/4/2024 20:00,Hydro,0.384
10/4/2024 21:00,Hydro,0.28
10/4/2024 22:00,Hydro,0.185
10/4/2024 23:00,Hydro,0.12
10/5/2024 0:00,Hydro,0.107
10/5/2024 1:00,Hydro,0.106
10/5/2024 2:00,Hydro,0.103
10/5/2024 3:00,Hydro,0.104
10/5/2024 4:00,Hydro,0.103
10/5/2024 5:00,Hydro,0.113
10/5/2024 6:00,Hydro,0.12
10/5/2024 7:00,Hydro,0.111
10/5/2024 8:00,Hydro,0.114
10/5/2024 9:00,Hydro,0.114
10/5/2024 10:00,Hydro,0.117
10/5/2024 11:00,Hydro,0.119
10/5/2024 12:00,Hydro,0.159
10/5/2024 13:00,Hydro,0.177
10/5/2024 14:00,Hydro,0.157
10/5/2024 15:00,Hydro,0.23
10/5/2024 16:00,Hydro,0.331
10/5/2024 17:00,Hydro,0.456
10/5/2024 18:00,Hydro,0.456
10/5/2024 19:00,Hydro,0.46
10/5/2024 20:00,Hydro,0.369
10/5/2024 21:00,Hydro,0.248
10/5/2024 22:00,Hydro,0.154
10/5/2024 23:00,Hydro,0.118
10/6/2024 0:00,Hydro,0.124
10/6/2024 1:00,Hydro,0.127
10/6/2024 2:00,Hydro,0.123
10/6/2024 3:00,Hydro,0.109
10/6/2024 4:00,Hydro,0.107
10/6/2024 5:00,Hydro,0.104
10/6/2024 6:00,Hydro,0.105
10/6/2024 7:00,Hydro,0.107
10/6/2024 8:00,Hydro,0.109
10/6/2024 9:00,Hydro,0.113
10/6/2024 10:00,Hydro,0.114
10/6/2024 11:00,Hydro,0.113
10/6/2024 12:00,Hydro,0.117
10/6/2024 13:00,Hydro,0.144
10/6/2024 14:00,Hydro,0.158
10/6/2024 15:00,Hydro,0.266
10/6/2024 16:00,Hydro,0.346
10/6/2024 17:00,Hydro,0.404
10/6/2024 18:00,Hydro,0.439
10/6/2024 19:00,Hydro,0.432
10/6/2024 20:00,Hydro,0.365
10/6/2024 21:00,Hydro,0.295
10/6/2024 22:00,Hydro,0.165
10/6/2024 23:00,Hydro,0.105
10/7/2024 0:00,Hydro,0.096
10/7/2024 1:00,Hydro,0.088
10/7/2024 2:00,Hydro,0.086
10/7/2024 3:00,Hydro,0.086
10/7/2024 4:00,Hydro,0.087
10/7/2024 5:00,Hydro,0.093
10/7/2024 6:00,Hydro,0.14
10/7/2024 7:00,Hydro,0.258
10/7/2024 8:00,Hydro,0.232
10/7/2024 9:00,Hydro,0.148
10/7/2024 10:00,Hydro,0.123
10/7/2024 11:00,Hydro,0.132
10/7/2024 12:00,Hydro,0.142
10/7/2024 13:00,Hydro,0.136
10/7/2024 14:00,Hydro,0.213
10/7/2024 15:00,Hydro,0.246
10/7/2024 16:00,Hydro,0.303
10/7/2024 17:00,Hydro,0.388
10/7/2024 18:00,Hydro,0.412
10/7/2024 19:00,Hydro,0.416
10/7/2024 20:00,Hydro,0.359
10/7/2024 21:00,Hydro,0.247
10/7/2024 22:00,Hydro,0.185
10/7/2024 23:00,Hydro,0.176
10/8/2024 0:00,Hydro,0.117
10/8/2024 1:00,Hydro,0.08
10/8/2024 2:00,Hydro,0.093
10/8/2024 3:00,Hydro,0.095
10/8/2024 4:00,Hydro,0.095
10/8/2024 5:00,Hydro,0.102
10/8/2024 6:00,Hydro,0.16
10/8/2024 7:00,Hydro,0.211
10/8/2024 8:00,Hydro,0.181
10/8/2024 9:00,Hydro,0.178
10/8/2024 10:00,Hydro,0.144
10/8/2024 11:00,Hydro,0.135
10/8/2024 12:00,Hydro,0.135
10/8/2024 13:00,Hydro,0.134
10/8/2024 14:00,Hydro,0.147
10/8/2024 15:00,Hydro,0.184
10/8/2024 16:00,Hydro,0.265
10/8/2024 17:00,Hydro,0.363
10/8/2024 18:00,Hydro,0.404
10/8/2024 19:00,Hydro,0.416
10/8/2024 20:00,Hydro,0.345
10/8/2024 21:00,Hydro,0.298
10/8/2024 22:00,Hydro,0.15
10/8/2024 23:00,Hydro,0.101
10/9/2024 0:00,Hydro,0.083
10/9/2024 1:00,Hydro,0.081
10/9/2024 2:00,Hydro,0.09
10/9/2024 3:00,Hydro,0.085
10/9/2024 4:00,Hydro,0.084
10/9/2024 5:00,Hydro,0.1
10/9/2024 6:00,Hydro,0.241
10/9/2024 7:00,Hydro,0.321
10/9/2024 8:00,Hydro,0.241
10/9/2024 9:00,Hydro,0.16
10/9/2024 10:00,Hydro,0.126
10/9/2024 11:00,Hydro,0.125
10/9/2024 12:00,Hydro,0.124
10/9/2024 13:00,Hydro,0.121
10/9/2024 14:00,Hydro,0.144
10/9/2024 15:00,Hydro,0.193
10/9/2024 16:00,Hydro,0.295
10/9/2024 17:00,Hydro,0.383
10/9/2024 18:00,Hydro,0.418
10/9/2024 19:00,Hydro,0.412
10/9/2024 20:00,Hydro,0.338
10/9/2024 21:00,Hydro,0.236
10/9/2024 22:00,Hydro,0.14
10/9/2024 23:00,Hydro,0.103
10/10/2024 0:00,Hydro,0.078
10/10/2024 1:00,Hydro,0.074
10/10/2024 2:00,Hydro,0.082
10/10/2024 3:00,Hydro,0.084
10/10/2024 4:00,Hydro,0.083
10/10/2024 5:00,Hydro,0.091
10/10/2024 6:00,Hydro,0.225
10/10/2024 7:00,Hydro,0.347
10/10/2024 8:00,Hydro,0.301
10/10/2024 9:00,Hydro,0.167
10/10/2024 10:00,Hydro,0.12
10/10/2024 11:00,Hydro,0.117
10/10/2024 12:00,Hydro,0.118
10/10/2024 13:00,Hydro,0.118
10/10/2024 14:00,Hydro,0.132
10/10/2024 15:00,Hydro,0.148
10/10/2024 16:00,Hydro,0.23
10/10/2024 17:00,Hydro,0.347
10/10/2024 18:00,Hydro,0.405
10/10/2024 19:00,Hydro,0.412
10/10/2024 20:00,Hydro,0.33
10/10/2024 21:00,Hydro,0.224
10/10/2024 22:00,Hydro,0.117
10/10/2024 23:00,Hydro,0.098
10/11/2024 0:00,Hydro,0.079
10/11/2024 1:00,Hydro,0.076
10/11/2024 2:00,Hydro,0.084
10/11/2024 3:00,Hydro,0.086
10/11/2024 4:00,Hydro,0.086
10/11/2024 5:00,Hydro,0.093
10/11/2024 6:00,Hydro,0.256
10/11/2024 7:00,Hydro,0.34
10/11/2024 8:00,Hydro,0.277
10/11/2024 9:00,Hydro,0.171
10/11/2024 10:00,Hydro,0.128
10/11/2024 11:00,Hydro,0.117
10/11/2024 12:00,Hydro,0.119
10/11/2024 13:00,Hydro,0.121
10/11/2024 14:00,Hydro,0.137
10/11/2024 15:00,Hydro,0.161
10/11/2024 16:00,Hydro,0.211
10/11/2024 17:00,Hydro,0.386
10/11/2024 18:00,Hydro,0.487
10/11/2024 19:00,Hydro,0.423
10/11/2024 20:00,Hydro,0.299
10/11/2024 21:00,Hydro,0.205
10/11/2024 22:00,Hydro,0.117
10/11/2024 23:00,Hydro,0.103
10/12/2024 0:00,Hydro,0.084
10/12/2024 1:00,Hydro,0.082
10/12/2024 2:00,Hydro,0.082
10/12/2024 3:00,Hydro,0.082
10/12/2024 4:00,Hydro,0.082
10/12/2024 5:00,Hydro,0.082
10/12/2024 6:00,Hydro,0.081
10/12/2024 7:00,Hydro,0.081
10/12/2024 8:00,Hydro,0.086
10/12/2024 9:00,Hydro,0.086
10/12/2024 10:00,Hydro,0.094
10/12/2024 11:00,Hydro,0.092
10/12/2024 12:00,Hydro,0.094
10/12/2024 13:00,Hydro,0.093
10/12/2024 14:00,Hydro,0.144
10/12/2024 15:00,Hydro,0.209
10/12/2024 16:00,Hydro,0.294
10/12/2024 17:00,Hydro,0.426
10/12/2024 18:00,Hydro,0.461
10/12/2024 19:00,Hydro,0.446
10/12/2024 20:00,Hydro,0.382
10/12/2024 21:00,Hydro,0.249
10/12/2024 22:00,Hydro,0.105
10/12/2024 23:00,Hydro,0.077
10/13/2024 0:00,Hydro,0.077
10/13/2024 1:00,Hydro,0.077
10/13/2024 2:00,Hydro,0.075
10/13/2024 3:00,Hydro,0.076
10/13/2024 4:00,Hydro,0.075
10/13/2024 5:00,Hydro,0.075
10/13/2024 6:00,Hydro,0.081
10/13/2024 7:00,Hydro,0.083
10/13/2024 8:00,Hydro,0.088
10/13/2024 9:00,Hydro,0.091
10/13/2024 10:00,Hydro,0.083
10/13/2024 11:00,Hydro,0.082
10/13/2024 12:00,Hydro,0.083
10/13/2024 13:00,Hydro,0.083
10/13/2024 14:00,Hydro,0.131
10/13/2024 15:00,Hydro,0.234
10/13/2024 16:00,Hydro,0.324
10/13/2024 17:00,Hydro,0.376
10/13/2024 18:00,Hydro,0.423
10/13/2024 19:00,Hydro,0.404
10/13/2024 20:00,Hydro,0.365
10/13/2024 21:00,Hydro,0.172
10/13/2024 22:00,Hydro,0.079
10/13/2024 23:00,Hydro,0.075
10/14/2024 0:00,Hydro,0.08
10/14/2024 1:00,Hydro,0.089
10/14/2024 2:00,Hydro,0.092
10/14/2024 3:00,Hydro,0.086
10/14/2024 4:00,Hydro,0.076
10/14/2024 5:00,Hydro,0.076
10/14/2024 6:00,Hydro,0.131
10/14/2024 7:00,Hydro,0.141
10/14/2024 8:00,Hydro,0.16
10/14/2024 9:00,Hydro,0.158
10/14/2024 10:00,Hydro,0.155
10/14/2024 11:00,Hydro,0.155
10/14/2024 12:00,Hydro,0.153
10/14/2024 13:00,Hydro,0.176
10/14/2024 14:00,Hydro,0.169
10/14/2024 15:00,Hydro,0.196
10/14/2024 16:00,Hydro,0.226
10/14/2024 17:00,Hydro,0.295
10/14/2024 18:00,Hydro,0.417
10/14/2024 19:00,Hydro,0.452
10/14/2024 20:00,Hydro,0.394
10/14/2024 21:00,Hydro,0.247
10/14/2024 22:00,Hydro,0.154
10/14/2024 23:00,Hydro,0.123
10/15/2024 0:00,Hydro,0.07
10/15/2024 1:00,Hydro,0.058
10/15/2024 2:00,Hydro,0.058
10/15/2024 3:00,Hydro,0.056
10/15/2024 4:00,Hydro,0.075
10/15/2024 5:00,Hydro,0.133
10/15/2024 6:00,Hydro,0.264
10/15/2024 7:00,Hydro,0.376
10/15/2024 8:00,Hydro,0.315
10/15/2024 9:00,Hydro,0.199
10/15/2024 10:00,Hydro,0.153
10/15/2024 11:00,Hydro,0.138
10/15/2024 12:00,Hydro,0.108
10/15/2024 13:00,Hydro,0.079
10/15/2024 14:00,Hydro,0.091
10/15/2024 15:00,Hydro,0.123
10/15/2024 16:00,Hydro,0.242
10/15/2024 17:00,Hydro,0.331
10/15/2024 18:00,Hydro,0.381
10/15/2024 19:00,Hydro,0.428
10/15/2024 20:00,Hydro,0.34
10/15/2024 21:00,Hydro,0.187
10/15/2024 22:00,Hydro,0.082
10/15/2024 23:00,Hydro,0.055
10/16/2024 0:00,Hydro,0.051
10/16/2024 1:00,Hydro,0.05
10/16/2024 2:00,Hydro,0.051
10/16/2024 3:00,Hydro,0.05
10/16/2024 4:00,Hydro,0.05
10/16/2024 5:00,Hydro,0.084
10/16/2024 6:00,Hydro,0.244
10/16/2024 7:00,Hydro,0.388
10/16/2024 8:00,Hydro,0.334
10/16/2024 9:00,Hydro,0.202
10/16/2024 10:00,Hydro,0.132
10/16/2024 11:00,Hydro,0.115
10/16/2024 12:00,Hydro,0.113
10/16/2024 13:00,Hydro,0.113
10/16/2024 14:00,Hydro,0.091
10/16/2024 15:00,Hydro,0.114
10/16/2024 16:00,Hydro,0.141
10/16/2024 17:00,Hydro,0.276
10/16/2024 18:00,Hydro,0.382
10/16/2024 19:00,Hydro,0.398
10/16/2024 20:00,Hydro,0.375
10/16/2024 21:00,Hydro,0.231
10/16/2024 22:00,Hydro,0.114
10/16/2024 23:00,Hydro,0.079
10/17/2024 0:00,Hydro,0.036
10/17/2024 1:00,Hydro,0.036
10/17/2024 2:00,Hydro,0.037
10/17/2024 3:00,Hydro,0.038
10/17/2024 4:00,Hydro,0.043
10/17/2024 5:00,Hydro,0.155
10/17/2024 6:00,Hydro,0.308
10/17/2024 7:00,Hydro,0.325
10/17/2024 8:00,Hydro,0.275
10/17/2024 9:00,Hydro,0.178
10/17/2024 10:00,Hydro,0.089
10/17/2024 11:00,Hydro,0.061
10/17/2024 12:00,Hydro,0.057
10/17/2024 13:00,Hydro,0.055
10/17/2024 14:00,Hydro,0.054
10/17/2024 15:00,Hydro,0.072
10/17/2024 16:00,Hydro,0.079
10/17/2024 17:00,Hydro,0.216
10/17/2024 18:00,Hydro,0.324
10/17/2024 19:00,Hydro,0.354
10/17/2024 20:00,Hydro,0.287
10/17/2024 21:00,Hydro,0.164
10/17/2024 22:00,Hydro,0.074
10/17/2024 23:00,Hydro,0.046
10/18/2024 0:00,Hydro,0.042
10/18/2024 1:00,Hydro,0.042
10/18/2024 2:00,Hydro,0.043
10/18/2024 3:00,Hydro,0.043
10/18/2024 4:00,Hydro,0.042
10/18/2024 5:00,Hydro,0.116
10/18/2024 6:00,Hydro,0.267
10/18/2024 7:00,Hydro,0.361
10/18/2024 8:00,Hydro,0.287
10/18/2024 9:00,Hydro,0.101
10/18/2024 10:00,Hydro,0.049
10/18/2024 11:00,Hydro,0.048
10/18/2024 12:00,Hydro,0.072
10/18/2024 13:00,Hydro,0.064
10/18/2024 14:00,Hydro,0.044
10/18/2024 15:00,Hydro,0.054
10/18/2024 16:00,Hydro,0.133
10/18/2024 17:00,Hydro,0.327
10/18/2024 18:00,Hydro,0.387
10/18/2024 19:00,Hydro,0.344
10/18/2024 20:00,Hydro,0.295
10/18/2024 21:00,Hydro,0.224
10/18/2024 22:00,Hydro,0.07
10/18/2024 23:00,Hydro,0.046
10/19/2024 0:00,Hydro,0.041
10/19/2024 1:00,Hydro,0.04
10/19/2024 2:00,Hydro,0.04
10/19/2024 3:00,Hydro,0.04
10/19/2024 4:00,Hydro,0.04
10/19/2024 5:00,Hydro,0.04
10/19/2024 6:00,Hydro,0.101
10/19/2024 7:00,Hydro,0.19
10/19/2024 8:00,Hydro,0.12
10/19/2024 9:00,Hydro,0.051
10/19/2024 10:00,Hydro,0.038
10/19/2024 11:00,Hydro,0.036
10/19/2024 12:00,Hydro,0.035
10/19/2024 13:00,Hydro,0.035
10/19/2024 14:00,Hydro,0.039
10/19/2024 15:00,Hydro,0.069
10/19/2024 16:00,Hydro,0.101
10/19/2024 17:00,Hydro,0.129
10/19/2024 18:00,Hydro,0.32
10/19/2024 19:00,Hydro,0.293
10/19/2024 20:00,Hydro,0.242
10/19/2024 21:00,Hydro,0.189
10/19/2024 22:00,Hydro,0.071
10/19/2024 23:00,Hydro,0.041
10/20/2024 0:00,Hydro,0.038
10/20/2024 1:00,Hydro,0.038
10/20/2024 2:00,Hydro,0.038
10/20/2024 3:00,Hydro,0.038
10/20/2024 4:00,Hydro,0.038
10/20/2024 5:00,Hydro,0.038
10/20/2024 6:00,Hydro,0.036
10/20/2024 7:00,Hydro,0.096
10/20/2024 8:00,Hydro,0.058
10/20/2024 9:00,Hydro,0.04
10/20/2024 10:00,Hydro,0.037
10/20/2024 11:00,Hydro,0.036
10/20/2024 12:00,Hydro,0.036
10/20/2024 13:00,Hydro,0.036
10/20/2024 14:00,Hydro,0.038
10/20/2024 15:00,Hydro,0.07
10/20/2024 16:00,Hydro,0.109
10/20/2024 17:00,Hydro,0.313
10/20/2024 18:00,Hydro,0.38
10/20/2024 19:00,Hydro,0.381
10/20/2024 20:00,Hydro,0.287
10/20/2024 21:00,Hydro,0.15
10/20/2024 22:00,Hydro,0.056
10/20/2024 23:00,Hydro,0.037
10/21/2024 0:00,Hydro,0.036
10/21/2024 1:00,Hydro,0.036
10/21/2024 2:00,Hydro,0.036
10/21/2024 3:00,Hydro,0.036
10/21/2024 4:00,Hydro,0.036
10/21/2024 5:00,Hydro,0.061
10/21/2024 6:00,Hydro,0.218
10/21/2024 7:00,Hydro,0.298
10/21/2024 8:00,Hydro,0.271
10/21/2024 9:00,Hydro,0.068
10/21/2024 10:00,Hydro,0.029
10/21/2024 11:00,Hydro,0.03
10/21/2024 12:00,Hydro,0.031
10/21/2024 13:00,Hydro,0.044
10/21/2024 14:00,Hydro,0.066
10/21/2024 15:00,Hydro,0.101
10/21/2024 16:00,Hydro,0.232
10/21/2024 17:00,Hydro,0.372
10/21/2024 18:00,Hydro,0.424
10/21/2024 19:00,Hydro,0.42
10/21/2024 20:00,Hydro,0.35
10/21/2024 21:00,Hydro,0.168
10/21/2024 22:00,Hydro,0.043
10/21/2024 23:00,Hydro,0.028
10/22/2024 0:00,Hydro,0.028
10/22/2024 1:00,Hydro,0.028
10/22/2024 2:00,Hydro,0.045
10/22/2024 3:00,Hydro,0.046
10/22/2024 4:00,Hydro,0.049
10/22/2024 5:00,Hydro,0.074
10/22/2024 6:00,Hydro,0.287
10/22/2024 7:00,Hydro,0.337
10/22/2024 8:00,Hydro,0.222
10/22/2024 9:00,Hydro,0.053
10/22/2024 10:00,Hydro,0.046
10/22/2024 11:00,Hydro,0.039
10/22/2024 12:00,Hydro,0.035
10/22/2024 13:00,Hydro,0.034
10/22/2024 14:00,Hydro,0.038
10/22/2024 15:00,Hydro,0.096
10/22/2024 16:00,Hydro,0.248
10/22/2024 17:00,Hydro,0.385
10/22/2024 18:00,Hydro,0.451
10/22/2024 19:00,Hydro,0.418
10/22/2024 20:00,Hydro,0.395
10/22/2024 21:00,Hydro,0.225
10/22/2024 22:00,Hydro,0.125
10/22/2024 23:00,Hydro,0.028
10/23/2024 0:00,Hydro,0.028
10/23/2024 1:00,Hydro,0.028
10/23/2024 2:00,Hydro,0.028
10/23/2024 3:00,Hydro,0.028
10/23/2024 4:00,Hydro,0.028
10/23/2024 5:00,Hydro,0.036
10/23/2024 6:00,Hydro,0.18
10/23/2024 7:00,Hydro,0.26
10/23/2024 8:00,Hydro,0.138
10/23/2024 9:00,Hydro,0.068
10/23/2024 10:00,Hydro,0.027
10/23/2024 11:00,Hydro,0.031
10/23/2024 12:00,Hydro,0.033
10/23/2024 13:00,Hydro,0.041
10/23/2024 14:00,Hydro,0.041
10/23/2024 15:00,Hydro,0.086
10/23/2024 16:00,Hydro,0.253
10/23/2024 17:00,Hydro,0.38
10/23/2024 18:00,Hydro,0.475
10/23/2024 19:00,Hydro,0.486
10/23/2024 20:00,Hydro,0.377
10/23/2024 21:00,Hydro,0.243
10/23/2024 22:00,Hydro,0.178
10/23/2024 23:00,Hydro,0.077
10/24/2024 0:00,Hydro,0.036
10/24/2024 1:00,Hydro,0.034
10/24/2024 2:00,Hydro,0.033
10/24/2024 3:00,Hydro,0.032
10/24/2024 4:00,Hydro,0.033
