time,Fuel type,CF_Wind
1/1/2024 5:00,Wind,0.337
1/1/2024 6:00,Wind,0.32
1/1/2024 7:00,Wind,0.304
1/1/2024 8:00,Wind,0.255
1/1/2024 9:00,Wind,0.221
1/1/2024 10:00,Wind,0.208
1/1/2024 11:00,Wind,0.179
1/1/2024 12:00,Wind,0.159
1/1/2024 13:00,Wind,0.164
1/1/2024 14:00,Wind,0.183
1/1/2024 15:00,Wind,0.194
1/1/2024 16:00,Wind,0.206
1/1/2024 17:00,Wind,0.193
1/1/2024 18:00,Wind,0.191
1/1/2024 19:00,Wind,0.213
1/1/2024 20:00,Wind,0.229
1/1/2024 21:00,Wind,0.237
1/1/2024 22:00,Wind,0.249
1/1/2024 23:00,Wind,0.298
1/2/2024 0:00,Wind,0.342
1/2/2024 1:00,Wind,0.398
1/2/2024 2:00,Wind,0.432
1/2/2024 3:00,Wind,0.428
1/2/2024 4:00,Wind,0.454
1/2/2024 5:00,Wind,0.493
1/2/2024 6:00,Wind,0.507
1/2/2024 7:00,Wind,0.556
1/2/2024 8:00,Wind,0.578
1/2/2024 9:00,Wind,0.584
1/2/2024 10:00,Wind,0.619
1/2/2024 11:00,Wind,0.69
1/2/2024 12:00,Wind,0.742
1/2/2024 13:00,Wind,0.741
1/2/2024 14:00,Wind,0.708
1/2/2024 15:00,Wind,0.689
1/2/2024 16:00,Wind,0.612
1/2/2024 17:00,Wind,0.559
1/2/2024 18:00,Wind,0.545
1/2/2024 19:00,Wind,0.54
1/2/2024 20:00,Wind,0.565
1/2/2024 21:00,Wind,0.528
1/2/2024 22:00,Wind,0.479
1/2/2024 23:00,Wind,0.424
1/3/2024 0:00,Wind,0.372
1/3/2024 1:00,Wind,0.334
1/3/2024 2:00,Wind,0.279
1/3/2024 3:00,Wind,0.255
1/3/2024 4:00,Wind,0.244
1/3/2024 5:00,Wind,0.216
1/3/2024 6:00,Wind,0.192
1/3/2024 7:00,Wind,0.165
1/3/2024 8:00,Wind,0.158
1/3/2024 9:00,Wind,0.145
1/3/2024 10:00,Wind,0.114
1/3/2024 11:00,Wind,0.097
1/3/2024 12:00,Wind,0.097
1/3/2024 13:00,Wind,0.129
1/3/2024 14:00,Wind,0.153
1/3/2024 15:00,Wind,0.143
1/3/2024 16:00,Wind,0.136
1/3/2024 17:00,Wind,0.139
1/3/2024 18:00,Wind,0.148
1/3/2024 19:00,Wind,0.169
1/3/2024 20:00,Wind,0.186
1/3/2024 21:00,Wind,0.207
1/3/2024 22:00,Wind,0.219
1/3/2024 23:00,Wind,0.222
1/4/2024 0:00,Wind,0.226
1/4/2024 1:00,Wind,0.204
1/4/2024 2:00,Wind,0.164
1/4/2024 3:00,Wind,0.192
1/4/2024 4:00,Wind,0.216
1/4/2024 5:00,Wind,0.182
1/4/2024 6:00,Wind,0.156
1/4/2024 7:00,Wind,0.157
1/4/2024 8:00,Wind,0.179
1/4/2024 9:00,Wind,0.183
1/4/2024 10:00,Wind,0.179
1/4/2024 11:00,Wind,0.175
1/4/2024 12:00,Wind,0.169
1/4/2024 13:00,Wind,0.168
1/4/2024 14:00,Wind,0.157
1/4/2024 15:00,Wind,0.147
1/4/2024 16:00,Wind,0.139
1/4/2024 17:00,Wind,0.141
1/4/2024 18:00,Wind,0.14
1/4/2024 19:00,Wind,0.139
1/4/2024 20:00,Wind,0.147
1/4/2024 21:00,Wind,0.147
1/4/2024 22:00,Wind,0.144
1/4/2024 23:00,Wind,0.145
1/5/2024 0:00,Wind,0.156
1/5/2024 1:00,Wind,0.169
1/5/2024 2:00,Wind,0.179
1/5/2024 3:00,Wind,0.198
1/5/2024 4:00,Wind,0.248
1/5/2024 5:00,Wind,0.283
1/5/2024 6:00,Wind,0.271
1/5/2024 7:00,Wind,0.233
1/5/2024 8:00,Wind,0.212
1/5/2024 9:00,Wind,0.169
1/5/2024 10:00,Wind,0.102
1/5/2024 11:00,Wind,0.07
1/5/2024 12:00,Wind,0.055
1/5/2024 13:00,Wind,0.07
1/5/2024 14:00,Wind,0.103
1/5/2024 15:00,Wind,0.052
1/5/2024 16:00,Wind,0.064
1/5/2024 17:00,Wind,0.161
1/5/2024 18:00,Wind,0.24
1/5/2024 19:00,Wind,0.287
1/5/2024 20:00,Wind,0.266
1/5/2024 21:00,Wind,0.216
1/5/2024 22:00,Wind,0.203
1/5/2024 23:00,Wind,0.211
1/6/2024 0:00,Wind,0.219
1/6/2024 1:00,Wind,0.214
1/6/2024 2:00,Wind,0.198
1/6/2024 3:00,Wind,0.2
1/6/2024 4:00,Wind,0.176
1/6/2024 5:00,Wind,0.155
1/6/2024 6:00,Wind,0.167
1/6/2024 7:00,Wind,0.183
1/6/2024 8:00,Wind,0.158
1/6/2024 9:00,Wind,0.155
1/6/2024 10:00,Wind,0.168
1/6/2024 11:00,Wind,0.16
1/6/2024 12:00,Wind,0.156
1/6/2024 13:00,Wind,0.159
1/6/2024 14:00,Wind,0.142
1/6/2024 15:00,Wind,0.144
1/6/2024 16:00,Wind,0.121
1/6/2024 17:00,Wind,0.092
1/6/2024 18:00,Wind,0.084
1/6/2024 19:00,Wind,0.079
1/6/2024 20:00,Wind,0.089
1/6/2024 21:00,Wind,0.095
1/6/2024 22:00,Wind,0.097
1/6/2024 23:00,Wind,0.107
1/7/2024 0:00,Wind,0.145
1/7/2024 1:00,Wind,0.182
1/7/2024 2:00,Wind,0.204
1/7/2024 3:00,Wind,0.232
1/7/2024 4:00,Wind,0.274
1/7/2024 5:00,Wind,0.322
1/7/2024 6:00,Wind,0.369
1/7/2024 7:00,Wind,0.395
1/7/2024 8:00,Wind,0.418
1/7/2024 9:00,Wind,0.421
1/7/2024 10:00,Wind,0.409
1/7/2024 11:00,Wind,0.409
1/7/2024 12:00,Wind,0.435
1/7/2024 13:00,Wind,0.45
1/7/2024 14:00,Wind,0.447
1/7/2024 15:00,Wind,0.439
1/7/2024 16:00,Wind,0.466
1/7/2024 17:00,Wind,0.454
1/7/2024 18:00,Wind,0.323
1/7/2024 19:00,Wind,0.258
1/7/2024 20:00,Wind,0.244
1/7/2024 21:00,Wind,0.203
1/7/2024 22:00,Wind,0.183
1/7/2024 23:00,Wind,0.188
1/8/2024 0:00,Wind,0.182
1/8/2024 1:00,Wind,0.171
1/8/2024 2:00,Wind,0.152
1/8/2024 3:00,Wind,0.154
1/8/2024 4:00,Wind,0.164
1/8/2024 5:00,Wind,0.175
1/8/2024 6:00,Wind,0.204
1/8/2024 7:00,Wind,0.238
1/8/2024 8:00,Wind,0.318
1/8/2024 9:00,Wind,0.403
1/8/2024 10:00,Wind,0.446
1/8/2024 11:00,Wind,0.452
1/8/2024 12:00,Wind,0.397
1/8/2024 13:00,Wind,0.305
1/8/2024 14:00,Wind,0.274
1/8/2024 15:00,Wind,0.352
1/8/2024 16:00,Wind,0.464
1/8/2024 17:00,Wind,0.592
1/8/2024 18:00,Wind,0.738
1/8/2024 19:00,Wind,0.829
1/8/2024 20:00,Wind,0.873
1/8/2024 21:00,Wind,0.853
1/8/2024 22:00,Wind,0.795
1/8/2024 23:00,Wind,0.762
1/9/2024 0:00,Wind,0.828
1/9/2024 1:00,Wind,0.84
1/9/2024 2:00,Wind,0.855
1/9/2024 3:00,Wind,0.924
1/9/2024 4:00,Wind,0.923
1/9/2024 5:00,Wind,0.92
1/9/2024 6:00,Wind,0.949
1/9/2024 7:00,Wind,0.971
1/9/2024 8:00,Wind,0.934
1/9/2024 9:00,Wind,0.88
1/9/2024 10:00,Wind,0.812
1/9/2024 11:00,Wind,0.689
1/9/2024 12:00,Wind,0.593
1/9/2024 13:00,Wind,0.553
1/9/2024 14:00,Wind,0.522
1/9/2024 15:00,Wind,0.582
1/9/2024 16:00,Wind,0.66
1/9/2024 17:00,Wind,0.728
1/9/2024 18:00,Wind,0.744
1/9/2024 19:00,Wind,0.788
1/9/2024 20:00,Wind,0.878
1/9/2024 21:00,Wind,0.91
1/9/2024 22:00,Wind,0.918
1/9/2024 23:00,Wind,0.924
1/10/2024 0:00,Wind,0.967
1/10/2024 1:00,Wind,0.978
1/10/2024 2:00,Wind,0.969
1/10/2024 3:00,Wind,0.956
1/10/2024 4:00,Wind,0.935
1/10/2024 5:00,Wind,0.915
1/10/2024 6:00,Wind,0.875
1/10/2024 7:00,Wind,0.843
1/10/2024 8:00,Wind,0.798
1/10/2024 9:00,Wind,0.709
1/10/2024 10:00,Wind,0.64
1/10/2024 11:00,Wind,0.564
1/10/2024 12:00,Wind,0.576
1/10/2024 13:00,Wind,0.621
1/10/2024 14:00,Wind,0.666
1/10/2024 15:00,Wind,0.611
1/10/2024 16:00,Wind,0.518
1/10/2024 17:00,Wind,0.52
1/10/2024 18:00,Wind,0.595
1/10/2024 19:00,Wind,0.681
1/10/2024 20:00,Wind,0.722
1/10/2024 21:00,Wind,0.673
1/10/2024 22:00,Wind,0.685
1/10/2024 23:00,Wind,0.695
1/11/2024 0:00,Wind,0.628
1/11/2024 1:00,Wind,0.578
1/11/2024 2:00,Wind,0.612
1/11/2024 3:00,Wind,0.681
1/11/2024 4:00,Wind,0.729
1/11/2024 5:00,Wind,0.797
1/11/2024 6:00,Wind,0.797
1/11/2024 7:00,Wind,0.792
1/11/2024 8:00,Wind,0.796
1/11/2024 9:00,Wind,0.775
1/11/2024 10:00,Wind,0.676
1/11/2024 11:00,Wind,0.574
1/11/2024 12:00,Wind,0.434
1/11/2024 13:00,Wind,0.404
1/11/2024 14:00,Wind,0.375
1/11/2024 15:00,Wind,0.307
1/11/2024 16:00,Wind,0.241
1/11/2024 17:00,Wind,0.193
1/11/2024 18:00,Wind,0.173
1/11/2024 19:00,Wind,0.186
1/11/2024 20:00,Wind,0.246
1/11/2024 21:00,Wind,0.316
1/11/2024 22:00,Wind,0.375
1/11/2024 23:00,Wind,0.471
1/12/2024 0:00,Wind,0.565
1/12/2024 1:00,Wind,0.561
1/12/2024 2:00,Wind,0.62
1/12/2024 3:00,Wind,0.633
1/12/2024 4:00,Wind,0.723
1/12/2024 5:00,Wind,0.78
1/12/2024 6:00,Wind,0.791
1/12/2024 7:00,Wind,0.87
1/12/2024 8:00,Wind,0.871
1/12/2024 9:00,Wind,0.818
1/12/2024 10:00,Wind,0.787
1/12/2024 11:00,Wind,0.776
1/12/2024 12:00,Wind,0.714
1/12/2024 13:00,Wind,0.679
1/12/2024 14:00,Wind,0.666
1/12/2024 15:00,Wind,0.686
1/12/2024 16:00,Wind,0.704
1/12/2024 17:00,Wind,0.729
1/12/2024 18:00,Wind,0.816
1/12/2024 19:00,Wind,0.932
1/12/2024 20:00,Wind,0.941
1/12/2024 21:00,Wind,0.907
1/12/2024 22:00,Wind,0.822
1/12/2024 23:00,Wind,0.835
1/13/2024 0:00,Wind,0.85
1/13/2024 1:00,Wind,0.87
1/13/2024 2:00,Wind,0.875
1/13/2024 3:00,Wind,0.879
1/13/2024 4:00,Wind,0.898
1/13/2024 5:00,Wind,0.917
1/13/2024 6:00,Wind,0.934
1/13/2024 7:00,Wind,0.939
1/13/2024 8:00,Wind,0.952
1/13/2024 9:00,Wind,0.968
1/13/2024 10:00,Wind,0.969
1/13/2024 11:00,Wind,0.966
1/13/2024 12:00,Wind,0.966
1/13/2024 13:00,Wind,0.954
1/13/2024 14:00,Wind,0.954
1/13/2024 15:00,Wind,0.954
1/13/2024 16:00,Wind,0.954
1/13/2024 17:00,Wind,0.954
1/13/2024 18:00,Wind,0.938
1/13/2024 19:00,Wind,0.931
1/13/2024 20:00,Wind,0.935
1/13/2024 21:00,Wind,0.928
1/13/2024 22:00,Wind,0.923
1/13/2024 23:00,Wind,0.918
1/14/2024 0:00,Wind,0.905
1/14/2024 1:00,Wind,0.891
1/14/2024 2:00,Wind,0.872
1/14/2024 3:00,Wind,0.852
1/14/2024 4:00,Wind,0.833
1/14/2024 5:00,Wind,0.828
1/14/2024 6:00,Wind,0.818
1/14/2024 7:00,Wind,0.795
1/14/2024 8:00,Wind,0.775
1/14/2024 9:00,Wind,0.757
1/14/2024 10:00,Wind,0.755
1/14/2024 11:00,Wind,0.726
1/14/2024 12:00,Wind,0.714
1/14/2024 13:00,Wind,0.675
1/14/2024 14:00,Wind,0.661
1/14/2024 15:00,Wind,0.706
1/14/2024 16:00,Wind,0.685
1/14/2024 17:00,Wind,0.593
1/14/2024 18:00,Wind,0.461
1/14/2024 19:00,Wind,0.383
1/14/2024 20:00,Wind,0.339
1/14/2024 21:00,Wind,0.308
1/14/2024 22:00,Wind,0.268
1/14/2024 23:00,Wind,0.284
1/15/2024 0:00,Wind,0.323
1/15/2024 1:00,Wind,0.322
1/15/2024 2:00,Wind,0.323
1/15/2024 3:00,Wind,0.294
1/15/2024 4:00,Wind,0.263
1/15/2024 5:00,Wind,0.227
1/15/2024 6:00,Wind,0.197
1/15/2024 7:00,Wind,0.157
1/15/2024 8:00,Wind,0.154
1/15/2024 9:00,Wind,0.117
1/15/2024 10:00,Wind,0.097
1/15/2024 11:00,Wind,0.086
1/15/2024 12:00,Wind,0.11
1/15/2024 13:00,Wind,0.096
1/15/2024 14:00,Wind,0.071
1/15/2024 15:00,Wind,0.099
1/15/2024 16:00,Wind,0.137
1/15/2024 17:00,Wind,0.163
1/15/2024 18:00,Wind,0.145
1/15/2024 19:00,Wind,0.152
1/15/2024 20:00,Wind,0.202
1/15/2024 21:00,Wind,0.218
1/15/2024 22:00,Wind,0.237
1/15/2024 23:00,Wind,0.256
1/16/2024 0:00,Wind,0.338
1/16/2024 1:00,Wind,0.372
1/16/2024 2:00,Wind,0.382
1/16/2024 3:00,Wind,0.404
1/16/2024 4:00,Wind,0.434
1/16/2024 5:00,Wind,0.445
1/16/2024 6:00,Wind,0.45
1/16/2024 7:00,Wind,0.426
1/16/2024 8:00,Wind,0.42
1/16/2024 9:00,Wind,0.458
1/16/2024 10:00,Wind,0.541
1/16/2024 11:00,Wind,0.532
1/16/2024 12:00,Wind,0.59
1/16/2024 13:00,Wind,0.652
1/16/2024 14:00,Wind,0.684
1/16/2024 15:00,Wind,0.715
1/16/2024 16:00,Wind,0.74
1/16/2024 17:00,Wind,0.746
1/16/2024 18:00,Wind,0.77
1/16/2024 19:00,Wind,0.797
1/16/2024 20:00,Wind,0.816
1/16/2024 21:00,Wind,0.839
1/16/2024 22:00,Wind,0.844
1/16/2024 23:00,Wind,0.832
1/17/2024 0:00,Wind,0.817
1/17/2024 1:00,Wind,0.806
1/17/2024 2:00,Wind,0.797
1/17/2024 3:00,Wind,0.793
1/17/2024 4:00,Wind,0.777
1/17/2024 5:00,Wind,0.757
1/17/2024 6:00,Wind,0.758
1/17/2024 7:00,Wind,0.777
1/17/2024 8:00,Wind,0.785
1/17/2024 9:00,Wind,0.782
1/17/2024 10:00,Wind,0.762
1/17/2024 11:00,Wind,0.746
1/17/2024 12:00,Wind,0.768
1/17/2024 13:00,Wind,0.737
1/17/2024 14:00,Wind,0.738
1/17/2024 15:00,Wind,0.706
1/17/2024 16:00,Wind,0.649
1/17/2024 17:00,Wind,0.569
1/17/2024 18:00,Wind,0.487
1/17/2024 19:00,Wind,0.442
1/17/2024 20:00,Wind,0.45
1/17/2024 21:00,Wind,0.477
1/17/2024 22:00,Wind,0.486
1/17/2024 23:00,Wind,0.521
1/18/2024 0:00,Wind,0.519
1/18/2024 1:00,Wind,0.477
1/18/2024 2:00,Wind,0.419
1/18/2024 3:00,Wind,0.356
1/18/2024 4:00,Wind,0.298
1/18/2024 5:00,Wind,0.252
1/18/2024 6:00,Wind,0.209
1/18/2024 7:00,Wind,0.186
1/18/2024 8:00,Wind,0.18
1/18/2024 9:00,Wind,0.128
1/18/2024 10:00,Wind,0.094
1/18/2024 11:00,Wind,0.082
1/18/2024 12:00,Wind,0.091
1/18/2024 13:00,Wind,0.102
1/18/2024 14:00,Wind,0.088
1/18/2024 15:00,Wind,0.089
1/18/2024 16:00,Wind,0.086
1/18/2024 17:00,Wind,0.086
1/18/2024 18:00,Wind,0.114
1/18/2024 19:00,Wind,0.148
1/18/2024 20:00,Wind,0.174
1/18/2024 21:00,Wind,0.191
1/18/2024 22:00,Wind,0.222
1/18/2024 23:00,Wind,0.273
1/19/2024 0:00,Wind,0.332
1/19/2024 1:00,Wind,0.383
1/19/2024 2:00,Wind,0.444
1/19/2024 3:00,Wind,0.504
1/19/2024 4:00,Wind,0.548
1/19/2024 5:00,Wind,0.581
1/19/2024 6:00,Wind,0.609
1/19/2024 7:00,Wind,0.62
1/19/2024 8:00,Wind,0.617
1/19/2024 9:00,Wind,0.631
1/19/2024 10:00,Wind,0.631
1/19/2024 11:00,Wind,0.66
1/19/2024 12:00,Wind,0.703
1/19/2024 13:00,Wind,0.751
1/19/2024 14:00,Wind,0.764
1/19/2024 15:00,Wind,0.764
1/19/2024 16:00,Wind,0.76
1/19/2024 17:00,Wind,0.749
1/19/2024 18:00,Wind,0.732
1/19/2024 19:00,Wind,0.759
1/19/2024 20:00,Wind,0.754
1/19/2024 21:00,Wind,0.769
1/19/2024 22:00,Wind,0.744
1/19/2024 23:00,Wind,0.704
1/20/2024 0:00,Wind,0.678
1/20/2024 1:00,Wind,0.669
1/20/2024 2:00,Wind,0.658
1/20/2024 3:00,Wind,0.653
1/20/2024 4:00,Wind,0.613
1/20/2024 5:00,Wind,0.593
1/20/2024 6:00,Wind,0.595
1/20/2024 7:00,Wind,0.594
1/20/2024 8:00,Wind,0.575
1/20/2024 9:00,Wind,0.576
1/20/2024 10:00,Wind,0.503
1/20/2024 11:00,Wind,0.441
1/20/2024 12:00,Wind,0.405
1/20/2024 13:00,Wind,0.398
1/20/2024 14:00,Wind,0.408
1/20/2024 15:00,Wind,0.425
1/20/2024 16:00,Wind,0.426
1/20/2024 17:00,Wind,0.396
1/20/2024 18:00,Wind,0.4
1/20/2024 19:00,Wind,0.444
1/20/2024 20:00,Wind,0.447
1/20/2024 21:00,Wind,0.427
1/20/2024 22:00,Wind,0.391
1/20/2024 23:00,Wind,0.352
1/21/2024 0:00,Wind,0.31
1/21/2024 1:00,Wind,0.268
1/21/2024 2:00,Wind,0.242
1/21/2024 3:00,Wind,0.24
1/21/2024 4:00,Wind,0.218
1/21/2024 5:00,Wind,0.209
1/21/2024 6:00,Wind,0.216
1/21/2024 7:00,Wind,0.236
1/21/2024 8:00,Wind,0.323
1/21/2024 9:00,Wind,0.413
1/21/2024 10:00,Wind,0.438
1/21/2024 11:00,Wind,0.44
1/21/2024 12:00,Wind,0.469
1/21/2024 13:00,Wind,0.506
1/21/2024 14:00,Wind,0.52
1/21/2024 15:00,Wind,0.524
1/21/2024 16:00,Wind,0.512
1/21/2024 17:00,Wind,0.527
1/21/2024 18:00,Wind,0.588
1/21/2024 19:00,Wind,0.647
1/21/2024 20:00,Wind,0.678
1/21/2024 21:00,Wind,0.723
1/21/2024 22:00,Wind,0.721
1/21/2024 23:00,Wind,0.708
1/22/2024 0:00,Wind,0.715
1/22/2024 1:00,Wind,0.706
1/22/2024 2:00,Wind,0.705
1/22/2024 3:00,Wind,0.705
1/22/2024 4:00,Wind,0.729
1/22/2024 5:00,Wind,0.718
1/22/2024 6:00,Wind,0.664
1/22/2024 7:00,Wind,0.655
1/22/2024 8:00,Wind,0.656
1/22/2024 9:00,Wind,0.644
1/22/2024 10:00,Wind,0.622
1/22/2024 11:00,Wind,0.632
1/22/2024 12:00,Wind,0.639
1/22/2024 13:00,Wind,0.628
1/22/2024 14:00,Wind,0.582
1/22/2024 15:00,Wind,0.485
1/22/2024 16:00,Wind,0.4
1/22/2024 17:00,Wind,0.392
1/22/2024 18:00,Wind,0.455
1/22/2024 19:00,Wind,0.521
1/22/2024 20:00,Wind,0.558
1/22/2024 21:00,Wind,0.545
1/22/2024 22:00,Wind,0.51
1/22/2024 23:00,Wind,0.45
1/23/2024 0:00,Wind,0.397
1/23/2024 1:00,Wind,0.301
1/23/2024 2:00,Wind,0.253
1/23/2024 3:00,Wind,0.239
1/23/2024 4:00,Wind,0.245
1/23/2024 5:00,Wind,0.234
1/23/2024 6:00,Wind,0.234
1/23/2024 7:00,Wind,0.324
1/23/2024 8:00,Wind,0.327
1/23/2024 9:00,Wind,0.316
1/23/2024 10:00,Wind,0.313
1/23/2024 11:00,Wind,0.294
1/23/2024 12:00,Wind,0.249
1/23/2024 13:00,Wind,0.23
1/23/2024 14:00,Wind,0.193
1/23/2024 15:00,Wind,0.169
1/23/2024 16:00,Wind,0.149
1/23/2024 17:00,Wind,0.124
1/23/2024 18:00,Wind,0.11
1/23/2024 19:00,Wind,0.114
1/23/2024 20:00,Wind,0.116
1/23/2024 21:00,Wind,0.111
1/23/2024 22:00,Wind,0.123
1/23/2024 23:00,Wind,0.119
1/24/2024 0:00,Wind,0.124
1/24/2024 1:00,Wind,0.129
1/24/2024 2:00,Wind,0.14
1/24/2024 3:00,Wind,0.157
1/24/2024 4:00,Wind,0.184
1/24/2024 5:00,Wind,0.226
1/24/2024 6:00,Wind,0.224
1/24/2024 7:00,Wind,0.266
1/24/2024 8:00,Wind,0.289
1/24/2024 9:00,Wind,0.316
1/24/2024 10:00,Wind,0.3
1/24/2024 11:00,Wind,0.302
1/24/2024 12:00,Wind,0.302
1/24/2024 13:00,Wind,0.265
1/24/2024 14:00,Wind,0.263
1/24/2024 15:00,Wind,0.254
1/24/2024 16:00,Wind,0.254
1/24/2024 17:00,Wind,0.252
1/24/2024 18:00,Wind,0.272
1/24/2024 19:00,Wind,0.271
1/24/2024 20:00,Wind,0.265
1/24/2024 21:00,Wind,0.255
1/24/2024 22:00,Wind,0.217
1/24/2024 23:00,Wind,0.173
1/25/2024 0:00,Wind,0.155
1/25/2024 1:00,Wind,0.146
1/25/2024 2:00,Wind,0.149
1/25/2024 3:00,Wind,0.155
1/25/2024 4:00,Wind,0.158
1/25/2024 5:00,Wind,0.158
1/25/2024 6:00,Wind,0.169
1/25/2024 7:00,Wind,0.147
1/25/2024 8:00,Wind,0.12
1/25/2024 9:00,Wind,0.095
1/25/2024 10:00,Wind,0.104
1/25/2024 11:00,Wind,0.101
1/25/2024 12:00,Wind,0.061
1/25/2024 13:00,Wind,0.038
1/25/2024 14:00,Wind,0.061
1/25/2024 15:00,Wind,0.099
1/25/2024 16:00,Wind,0.12
1/25/2024 17:00,Wind,0.145
1/25/2024 18:00,Wind,0.235
1/25/2024 19:00,Wind,0.397
1/25/2024 20:00,Wind,0.455
1/25/2024 21:00,Wind,0.432
1/25/2024 22:00,Wind,0.411
1/25/2024 23:00,Wind,0.339
1/26/2024 0:00,Wind,0.315
1/26/2024 1:00,Wind,0.382
1/26/2024 2:00,Wind,0.401
1/26/2024 3:00,Wind,0.369
1/26/2024 4:00,Wind,0.334
1/26/2024 5:00,Wind,0.358
1/26/2024 6:00,Wind,0.408
1/26/2024 7:00,Wind,0.389
1/26/2024 8:00,Wind,0.342
1/26/2024 9:00,Wind,0.298
1/26/2024 10:00,Wind,0.259
1/26/2024 11:00,Wind,0.25
1/26/2024 12:00,Wind,0.229
1/26/2024 13:00,Wind,0.215
1/26/2024 14:00,Wind,0.196
1/26/2024 15:00,Wind,0.179
1/26/2024 16:00,Wind,0.147
1/26/2024 17:00,Wind,0.142
1/26/2024 18:00,Wind,0.144
1/26/2024 19:00,Wind,0.136
1/26/2024 20:00,Wind,0.148
1/26/2024 21:00,Wind,0.145
1/26/2024 22:00,Wind,0.14
1/26/2024 23:00,Wind,0.122
1/27/2024 0:00,Wind,0.094
1/27/2024 1:00,Wind,0.08
1/27/2024 2:00,Wind,0.078
1/27/2024 3:00,Wind,0.091
1/27/2024 4:00,Wind,0.077
1/27/2024 5:00,Wind,0.066
1/27/2024 6:00,Wind,0.076
1/27/2024 7:00,Wind,0.06
1/27/2024 8:00,Wind,0.074
1/27/2024 9:00,Wind,0.068
1/27/2024 10:00,Wind,0.05
1/27/2024 11:00,Wind,0.021
1/27/2024 12:00,Wind,0.023
1/27/2024 13:00,Wind,0.041
1/27/2024 14:00,Wind,0.091
1/27/2024 15:00,Wind,0.164
1/27/2024 16:00,Wind,0.237
1/27/2024 17:00,Wind,0.317
1/27/2024 18:00,Wind,0.384
1/27/2024 19:00,Wind,0.468
1/27/2024 20:00,Wind,0.583
1/27/2024 21:00,Wind,0.659
1/27/2024 22:00,Wind,0.731
1/27/2024 23:00,Wind,0.732
1/28/2024 0:00,Wind,0.758
1/28/2024 1:00,Wind,0.806
1/28/2024 2:00,Wind,0.832
1/28/2024 3:00,Wind,0.845
1/28/2024 4:00,Wind,0.856
1/28/2024 5:00,Wind,0.837
1/28/2024 6:00,Wind,0.814
1/28/2024 7:00,Wind,0.783
1/28/2024 8:00,Wind,0.748
1/28/2024 9:00,Wind,0.712
1/28/2024 10:00,Wind,0.674
1/28/2024 11:00,Wind,0.66
1/28/2024 12:00,Wind,0.61
1/28/2024 13:00,Wind,0.562
1/28/2024 14:00,Wind,0.513
1/28/2024 15:00,Wind,0.518
1/28/2024 16:00,Wind,0.49
1/28/2024 17:00,Wind,0.518
1/28/2024 18:00,Wind,0.513
1/28/2024 19:00,Wind,0.463
1/28/2024 20:00,Wind,0.374
1/28/2024 21:00,Wind,0.313
1/28/2024 22:00,Wind,0.293
1/28/2024 23:00,Wind,0.295
1/29/2024 0:00,Wind,0.31
1/29/2024 1:00,Wind,0.306
1/29/2024 2:00,Wind,0.293
1/29/2024 3:00,Wind,0.292
1/29/2024 4:00,Wind,0.303
1/29/2024 5:00,Wind,0.294
1/29/2024 6:00,Wind,0.265
1/29/2024 7:00,Wind,0.242
1/29/2024 8:00,Wind,0.225
1/29/2024 9:00,Wind,0.199
1/29/2024 10:00,Wind,0.185
1/29/2024 11:00,Wind,0.188
1/29/2024 12:00,Wind,0.217
1/29/2024 13:00,Wind,0.244
1/29/2024 14:00,Wind,0.269
1/29/2024 15:00,Wind,0.309
1/29/2024 16:00,Wind,0.355
1/29/2024 17:00,Wind,0.389
1/29/2024 18:00,Wind,0.456
1/29/2024 19:00,Wind,0.568
1/29/2024 20:00,Wind,0.652
1/29/2024 21:00,Wind,0.686
1/29/2024 22:00,Wind,0.696
1/29/2024 23:00,Wind,0.721
1/30/2024 0:00,Wind,0.693
1/30/2024 1:00,Wind,0.655
1/30/2024 2:00,Wind,0.601
1/30/2024 3:00,Wind,0.544
1/30/2024 4:00,Wind,0.489
1/30/2024 5:00,Wind,0.454
1/30/2024 6:00,Wind,0.412
1/30/2024 7:00,Wind,0.41
1/30/2024 8:00,Wind,0.413
1/30/2024 9:00,Wind,0.408
1/30/2024 10:00,Wind,0.372
1/30/2024 11:00,Wind,0.3
1/30/2024 12:00,Wind,0.258
1/30/2024 13:00,Wind,0.259
1/30/2024 14:00,Wind,0.282
1/30/2024 15:00,Wind,0.287
1/30/2024 16:00,Wind,0.327
1/30/2024 17:00,Wind,0.316
1/30/2024 18:00,Wind,0.289
1/30/2024 19:00,Wind,0.259
1/30/2024 20:00,Wind,0.267
1/30/2024 21:00,Wind,0.252
1/30/2024 22:00,Wind,0.215
1/30/2024 23:00,Wind,0.189
1/31/2024 0:00,Wind,0.16
1/31/2024 1:00,Wind,0.168
1/31/2024 2:00,Wind,0.159
1/31/2024 3:00,Wind,0.126
1/31/2024 4:00,Wind,0.11
1/31/2024 5:00,Wind,0.108
1/31/2024 6:00,Wind,0.099
1/31/2024 7:00,Wind,0.065
1/31/2024 8:00,Wind,0.055
1/31/2024 9:00,Wind,0.072
1/31/2024 10:00,Wind,0.092
1/31/2024 11:00,Wind,0.148
1/31/2024 12:00,Wind,0.2
1/31/2024 13:00,Wind,0.236
1/31/2024 14:00,Wind,0.279
1/31/2024 15:00,Wind,0.303
1/31/2024 16:00,Wind,0.293
1/31/2024 17:00,Wind,0.298
1/31/2024 18:00,Wind,0.364
1/31/2024 19:00,Wind,0.442
1/31/2024 20:00,Wind,0.566
1/31/2024 21:00,Wind,0.643
1/31/2024 22:00,Wind,0.691
1/31/2024 23:00,Wind,0.72
2/1/2024 0:00,Wind,0.735
2/1/2024 1:00,Wind,0.733
2/1/2024 2:00,Wind,0.74
2/1/2024 3:00,Wind,0.761
2/1/2024 4:00,Wind,0.775
2/1/2024 5:00,Wind,0.772
2/1/2024 6:00,Wind,0.784
2/1/2024 7:00,Wind,0.745
2/1/2024 8:00,Wind,0.681
2/1/2024 9:00,Wind,0.617
2/1/2024 10:00,Wind,0.505
2/1/2024 11:00,Wind,0.434
2/1/2024 12:00,Wind,0.34
2/1/2024 13:00,Wind,0.277
2/1/2024 14:00,Wind,0.252
2/1/2024 15:00,Wind,0.208
2/1/2024 16:00,Wind,0.172
2/1/2024 17:00,Wind,0.156
2/1/2024 18:00,Wind,0.176
2/1/2024 19:00,Wind,0.219
2/1/2024 20:00,Wind,0.293
2/1/2024 21:00,Wind,0.415
2/1/2024 22:00,Wind,0.484
2/1/2024 23:00,Wind,0.509
2/2/2024 0:00,Wind,0.534
2/2/2024 1:00,Wind,0.489
2/2/2024 2:00,Wind,0.486
2/2/2024 3:00,Wind,0.526
2/2/2024 4:00,Wind,0.499
2/2/2024 5:00,Wind,0.458
2/2/2024 6:00,Wind,0.43
2/2/2024 7:00,Wind,0.398
2/2/2024 8:00,Wind,0.387
2/2/2024 9:00,Wind,0.354
2/2/2024 10:00,Wind,0.319
2/2/2024 11:00,Wind,0.31
2/2/2024 12:00,Wind,0.31
2/2/2024 13:00,Wind,0.315
2/2/2024 14:00,Wind,0.315
2/2/2024 15:00,Wind,0.32
2/2/2024 16:00,Wind,0.324
2/2/2024 17:00,Wind,0.321
2/2/2024 18:00,Wind,0.316
2/2/2024 19:00,Wind,0.333
2/2/2024 20:00,Wind,0.347
2/2/2024 21:00,Wind,0.357
2/2/2024 22:00,Wind,0.38
2/2/2024 23:00,Wind,0.361
2/3/2024 0:00,Wind,0.307
2/3/2024 1:00,Wind,0.293
2/3/2024 2:00,Wind,0.273
2/3/2024 3:00,Wind,0.281
2/3/2024 4:00,Wind,0.283
2/3/2024 5:00,Wind,0.285
2/3/2024 6:00,Wind,0.294
2/3/2024 7:00,Wind,0.29
2/3/2024 8:00,Wind,0.28
2/3/2024 9:00,Wind,0.242
2/3/2024 10:00,Wind,0.204
2/3/2024 11:00,Wind,0.183
2/3/2024 12:00,Wind,0.167
2/3/2024 13:00,Wind,0.154
2/3/2024 14:00,Wind,0.163
2/3/2024 15:00,Wind,0.173
2/3/2024 16:00,Wind,0.181
2/3/2024 17:00,Wind,0.177
2/3/2024 18:00,Wind,0.251
2/3/2024 19:00,Wind,0.374
2/3/2024 20:00,Wind,0.465
2/3/2024 21:00,Wind,0.479
2/3/2024 22:00,Wind,0.477
2/3/2024 23:00,Wind,0.506
2/4/2024 0:00,Wind,0.491
2/4/2024 1:00,Wind,0.421
2/4/2024 2:00,Wind,0.358
2/4/2024 3:00,Wind,0.339
2/4/2024 4:00,Wind,0.307
2/4/2024 5:00,Wind,0.316
2/4/2024 6:00,Wind,0.296
2/4/2024 7:00,Wind,0.286
2/4/2024 8:00,Wind,0.295
2/4/2024 9:00,Wind,0.276
2/4/2024 10:00,Wind,0.253
2/4/2024 11:00,Wind,0.24
2/4/2024 12:00,Wind,0.212
2/4/2024 13:00,Wind,0.223
2/4/2024 14:00,Wind,0.263
2/4/2024 15:00,Wind,0.315
2/4/2024 16:00,Wind,0.354
2/4/2024 17:00,Wind,0.361
2/4/2024 18:00,Wind,0.435
2/4/2024 19:00,Wind,0.493
2/4/2024 20:00,Wind,0.561
2/4/2024 21:00,Wind,0.555
2/4/2024 22:00,Wind,0.506
2/4/2024 23:00,Wind,0.452
2/5/2024 0:00,Wind,0.405
2/5/2024 1:00,Wind,0.346
2/5/2024 2:00,Wind,0.294
2/5/2024 3:00,Wind,0.261
2/5/2024 4:00,Wind,0.234
2/5/2024 5:00,Wind,0.262
2/5/2024 6:00,Wind,0.261
2/5/2024 7:00,Wind,0.228
2/5/2024 8:00,Wind,0.164
2/5/2024 9:00,Wind,0.116
2/5/2024 10:00,Wind,0.073
2/5/2024 11:00,Wind,0.058
2/5/2024 12:00,Wind,0.064
2/5/2024 13:00,Wind,0.066
2/5/2024 14:00,Wind,0.067
2/5/2024 15:00,Wind,0.079
2/5/2024 16:00,Wind,0.089
2/5/2024 17:00,Wind,0.108
2/5/2024 18:00,Wind,0.161
2/5/2024 19:00,Wind,0.194
2/5/2024 20:00,Wind,0.188
2/5/2024 21:00,Wind,0.172
2/5/2024 22:00,Wind,0.173
2/5/2024 23:00,Wind,0.184
2/6/2024 0:00,Wind,0.204
2/6/2024 1:00,Wind,0.217
2/6/2024 2:00,Wind,0.223
2/6/2024 3:00,Wind,0.205
2/6/2024 4:00,Wind,0.148
2/6/2024 5:00,Wind,0.106
2/6/2024 6:00,Wind,0.11
2/6/2024 7:00,Wind,0.107
2/6/2024 8:00,Wind,0.094
2/6/2024 9:00,Wind,0.065
2/6/2024 10:00,Wind,0.071
2/6/2024 11:00,Wind,0.065
2/6/2024 12:00,Wind,0.056
2/6/2024 13:00,Wind,0.048
2/6/2024 14:00,Wind,0.04
2/6/2024 15:00,Wind,0.037
2/6/2024 16:00,Wind,0.042
2/6/2024 17:00,Wind,0.038
2/6/2024 18:00,Wind,0.052
2/6/2024 19:00,Wind,0.089
2/6/2024 20:00,Wind,0.119
2/6/2024 21:00,Wind,0.146
2/6/2024 22:00,Wind,0.156
2/6/2024 23:00,Wind,0.198
2/7/2024 0:00,Wind,0.25
2/7/2024 1:00,Wind,0.241
2/7/2024 2:00,Wind,0.261
2/7/2024 3:00,Wind,0.245
2/7/2024 4:00,Wind,0.25
2/7/2024 5:00,Wind,0.225
2/7/2024 6:00,Wind,0.234
2/7/2024 7:00,Wind,0.235
2/7/2024 8:00,Wind,0.204
2/7/2024 9:00,Wind,0.17
2/7/2024 10:00,Wind,0.161
2/7/2024 11:00,Wind,0.136
2/7/2024 12:00,Wind,0.126
2/7/2024 13:00,Wind,0.147
2/7/2024 14:00,Wind,0.168
2/7/2024 15:00,Wind,0.138
2/7/2024 16:00,Wind,0.125
2/7/2024 17:00,Wind,0.188
2/7/2024 18:00,Wind,0.323
2/7/2024 19:00,Wind,0.45
2/7/2024 20:00,Wind,0.541
2/7/2024 21:00,Wind,0.569
2/7/2024 22:00,Wind,0.595
2/7/2024 23:00,Wind,0.659
2/8/2024 0:00,Wind,0.69
2/8/2024 1:00,Wind,0.714
2/8/2024 2:00,Wind,0.741
2/8/2024 3:00,Wind,0.745
2/8/2024 4:00,Wind,0.743
2/8/2024 5:00,Wind,0.747
2/8/2024 6:00,Wind,0.756
2/8/2024 7:00,Wind,0.786
2/8/2024 8:00,Wind,0.807
2/8/2024 9:00,Wind,0.792
2/8/2024 10:00,Wind,0.774
2/8/2024 11:00,Wind,0.783
2/8/2024 12:00,Wind,0.785
2/8/2024 13:00,Wind,0.787
2/8/2024 14:00,Wind,0.79
2/8/2024 15:00,Wind,0.808
2/8/2024 16:00,Wind,0.82
2/8/2024 17:00,Wind,0.842
2/8/2024 18:00,Wind,0.871
2/8/2024 19:00,Wind,0.866
2/8/2024 20:00,Wind,0.883
2/8/2024 21:00,Wind,0.907
2/8/2024 22:00,Wind,0.911
2/8/2024 23:00,Wind,0.889
2/9/2024 0:00,Wind,0.864
2/9/2024 1:00,Wind,0.804
2/9/2024 2:00,Wind,0.674
2/9/2024 3:00,Wind,0.581
2/9/2024 4:00,Wind,0.586
2/9/2024 5:00,Wind,0.566
2/9/2024 6:00,Wind,0.621
2/9/2024 7:00,Wind,0.672
2/9/2024 8:00,Wind,0.708
2/9/2024 9:00,Wind,0.678
2/9/2024 10:00,Wind,0.621
2/9/2024 11:00,Wind,0.623
2/9/2024 12:00,Wind,0.579
2/9/2024 13:00,Wind,0.562
2/9/2024 14:00,Wind,0.561
2/9/2024 15:00,Wind,0.534
2/9/2024 16:00,Wind,0.484
2/9/2024 17:00,Wind,0.411
2/9/2024 18:00,Wind,0.44
2/9/2024 19:00,Wind,0.548
2/9/2024 20:00,Wind,0.622
2/9/2024 21:00,Wind,0.629
2/9/2024 22:00,Wind,0.619
2/9/2024 23:00,Wind,0.574
2/10/2024 0:00,Wind,0.544
2/10/2024 1:00,Wind,0.539
2/10/2024 2:00,Wind,0.552
2/10/2024 3:00,Wind,0.546
2/10/2024 4:00,Wind,0.592
2/10/2024 5:00,Wind,0.557
2/10/2024 6:00,Wind,0.524
2/10/2024 7:00,Wind,0.458
2/10/2024 8:00,Wind,0.431
2/10/2024 9:00,Wind,0.403
2/10/2024 10:00,Wind,0.428
2/10/2024 11:00,Wind,0.393
2/10/2024 12:00,Wind,0.321
2/10/2024 13:00,Wind,0.314
2/10/2024 14:00,Wind,0.364
2/10/2024 15:00,Wind,0.358
2/10/2024 16:00,Wind,0.338
2/10/2024 17:00,Wind,0.287
2/10/2024 18:00,Wind,0.243
2/10/2024 19:00,Wind,0.256
2/10/2024 20:00,Wind,0.286
2/10/2024 21:00,Wind,0.273
2/10/2024 22:00,Wind,0.257
2/10/2024 23:00,Wind,0.223
2/11/2024 0:00,Wind,0.231
2/11/2024 1:00,Wind,0.224
2/11/2024 2:00,Wind,0.18
2/11/2024 3:00,Wind,0.151
2/11/2024 4:00,Wind,0.115
2/11/2024 5:00,Wind,0.112
2/11/2024 6:00,Wind,0.135
2/11/2024 7:00,Wind,0.11
2/11/2024 8:00,Wind,0.085
2/11/2024 9:00,Wind,0.05
2/11/2024 10:00,Wind,0.03
2/11/2024 11:00,Wind,0.023
2/11/2024 12:00,Wind,0.019
2/11/2024 13:00,Wind,0.028
2/11/2024 14:00,Wind,0.038
2/11/2024 15:00,Wind,0.054
2/11/2024 16:00,Wind,0.065
2/11/2024 17:00,Wind,0.069
2/11/2024 18:00,Wind,0.069
2/11/2024 19:00,Wind,0.088
2/11/2024 20:00,Wind,0.095
2/11/2024 21:00,Wind,0.096
2/11/2024 22:00,Wind,0.106
2/11/2024 23:00,Wind,0.091
2/12/2024 0:00,Wind,0.06
2/12/2024 1:00,Wind,0.06
2/12/2024 2:00,Wind,0.071
2/12/2024 3:00,Wind,0.071
2/12/2024 4:00,Wind,0.075
2/12/2024 5:00,Wind,0.083
2/12/2024 6:00,Wind,0.077
2/12/2024 7:00,Wind,0.051
2/12/2024 8:00,Wind,0.053
2/12/2024 9:00,Wind,0.033
2/12/2024 10:00,Wind,0.017
2/12/2024 11:00,Wind,0.019
2/12/2024 12:00,Wind,0.027
2/12/2024 13:00,Wind,0.021
2/12/2024 14:00,Wind,0.033
2/12/2024 15:00,Wind,0.072
2/12/2024 16:00,Wind,0.167
2/12/2024 17:00,Wind,0.248
2/12/2024 18:00,Wind,0.294
2/12/2024 19:00,Wind,0.264
2/12/2024 20:00,Wind,0.284
2/12/2024 21:00,Wind,0.274
2/12/2024 22:00,Wind,0.264
2/12/2024 23:00,Wind,0.263
2/13/2024 0:00,Wind,0.316
2/13/2024 1:00,Wind,0.391
2/13/2024 2:00,Wind,0.437
2/13/2024 3:00,Wind,0.454
2/13/2024 4:00,Wind,0.433
2/13/2024 5:00,Wind,0.388
2/13/2024 6:00,Wind,0.357
2/13/2024 7:00,Wind,0.314
2/13/2024 8:00,Wind,0.294
2/13/2024 9:00,Wind,0.254
2/13/2024 10:00,Wind,0.236
2/13/2024 11:00,Wind,0.249
2/13/2024 12:00,Wind,0.324
2/13/2024 13:00,Wind,0.403
2/13/2024 14:00,Wind,0.408
2/13/2024 15:00,Wind,0.399
2/13/2024 16:00,Wind,0.364
2/13/2024 17:00,Wind,0.312
2/13/2024 18:00,Wind,0.29
2/13/2024 19:00,Wind,0.287
2/13/2024 20:00,Wind,0.303
2/13/2024 21:00,Wind,0.332
2/13/2024 22:00,Wind,0.335
2/13/2024 23:00,Wind,0.33
2/14/2024 0:00,Wind,0.323
2/14/2024 1:00,Wind,0.318
2/14/2024 2:00,Wind,0.311
2/14/2024 3:00,Wind,0.325
2/14/2024 4:00,Wind,0.322
2/14/2024 5:00,Wind,0.316
2/14/2024 6:00,Wind,0.31
2/14/2024 7:00,Wind,0.304
2/14/2024 8:00,Wind,0.309
2/14/2024 9:00,Wind,0.272
2/14/2024 10:00,Wind,0.233
2/14/2024 11:00,Wind,0.214
2/14/2024 12:00,Wind,0.22
2/14/2024 13:00,Wind,0.221
2/14/2024 14:00,Wind,0.219
2/14/2024 15:00,Wind,0.22
2/14/2024 16:00,Wind,0.224
2/14/2024 17:00,Wind,0.238
2/14/2024 18:00,Wind,0.275
2/14/2024 19:00,Wind,0.394
2/14/2024 20:00,Wind,0.525
2/14/2024 21:00,Wind,0.641
2/14/2024 22:00,Wind,0.681
2/14/2024 23:00,Wind,0.702
2/15/2024 0:00,Wind,0.729
2/15/2024 1:00,Wind,0.721
2/15/2024 2:00,Wind,0.732
2/15/2024 3:00,Wind,0.695
2/15/2024 4:00,Wind,0.675
2/15/2024 5:00,Wind,0.698
2/15/2024 6:00,Wind,0.737
2/15/2024 7:00,Wind,0.797
2/15/2024 8:00,Wind,0.82
2/15/2024 9:00,Wind,0.827
2/15/2024 10:00,Wind,0.837
2/15/2024 11:00,Wind,0.836
2/15/2024 12:00,Wind,0.837
2/15/2024 13:00,Wind,0.846
2/15/2024 14:00,Wind,0.867
2/15/2024 15:00,Wind,0.866
2/15/2024 16:00,Wind,0.819
2/15/2024 17:00,Wind,0.69
2/15/2024 18:00,Wind,0.569
2/15/2024 19:00,Wind,0.548
2/15/2024 20:00,Wind,0.582
2/15/2024 21:00,Wind,0.584
2/15/2024 22:00,Wind,0.568
2/15/2024 23:00,Wind,0.565
2/16/2024 0:00,Wind,0.548
2/16/2024 1:00,Wind,0.493
2/16/2024 2:00,Wind,0.454
2/16/2024 3:00,Wind,0.401
2/16/2024 4:00,Wind,0.362
2/16/2024 5:00,Wind,0.351
2/16/2024 6:00,Wind,0.334
2/16/2024 7:00,Wind,0.303
2/16/2024 8:00,Wind,0.268
2/16/2024 9:00,Wind,0.247
2/16/2024 10:00,Wind,0.217
2/16/2024 11:00,Wind,0.166
2/16/2024 12:00,Wind,0.156
2/16/2024 13:00,Wind,0.143
2/16/2024 14:00,Wind,0.159
2/16/2024 15:00,Wind,0.194
2/16/2024 16:00,Wind,0.217
2/16/2024 17:00,Wind,0.227
2/16/2024 18:00,Wind,0.251
2/16/2024 19:00,Wind,0.272
2/16/2024 20:00,Wind,0.37
2/16/2024 21:00,Wind,0.502
2/16/2024 22:00,Wind,0.595
2/16/2024 23:00,Wind,0.642
2/17/2024 0:00,Wind,0.615
2/17/2024 1:00,Wind,0.676
2/17/2024 2:00,Wind,0.7
2/17/2024 3:00,Wind,0.722
2/17/2024 4:00,Wind,0.715
2/17/2024 5:00,Wind,0.683
2/17/2024 6:00,Wind,0.631
2/17/2024 7:00,Wind,0.585
2/17/2024 8:00,Wind,0.566
2/17/2024 9:00,Wind,0.556
2/17/2024 10:00,Wind,0.499
2/17/2024 11:00,Wind,0.478
2/17/2024 12:00,Wind,0.521
2/17/2024 13:00,Wind,0.627
2/17/2024 14:00,Wind,0.699
2/17/2024 15:00,Wind,0.725
2/17/2024 16:00,Wind,0.769
2/17/2024 17:00,Wind,0.792
2/17/2024 18:00,Wind,0.826
2/17/2024 19:00,Wind,0.871
2/17/2024 20:00,Wind,0.887
2/17/2024 21:00,Wind,0.916
2/17/2024 22:00,Wind,0.926
2/17/2024 23:00,Wind,0.933
2/18/2024 0:00,Wind,0.942
2/18/2024 1:00,Wind,0.936
2/18/2024 2:00,Wind,0.939
2/18/2024 3:00,Wind,0.936
2/18/2024 4:00,Wind,0.934
2/18/2024 5:00,Wind,0.919
2/18/2024 6:00,Wind,0.919
2/18/2024 7:00,Wind,0.891
2/18/2024 8:00,Wind,0.861
2/18/2024 9:00,Wind,0.843
2/18/2024 10:00,Wind,0.803
2/18/2024 11:00,Wind,0.735
2/18/2024 12:00,Wind,0.732
2/18/2024 13:00,Wind,0.729
2/18/2024 14:00,Wind,0.697
2/18/2024 15:00,Wind,0.671
2/18/2024 16:00,Wind,0.641
2/18/2024 17:00,Wind,0.588
2/18/2024 18:00,Wind,0.557
2/18/2024 19:00,Wind,0.563
2/18/2024 20:00,Wind,0.57
2/18/2024 21:00,Wind,0.581
2/18/2024 22:00,Wind,0.542
2/18/2024 23:00,Wind,0.485
2/19/2024 0:00,Wind,0.418
2/19/2024 1:00,Wind,0.322
2/19/2024 2:00,Wind,0.242
2/19/2024 3:00,Wind,0.204
2/19/2024 4:00,Wind,0.166
2/19/2024 5:00,Wind,0.127
2/19/2024 6:00,Wind,0.106
2/19/2024 7:00,Wind,0.097
2/19/2024 8:00,Wind,0.081
2/19/2024 9:00,Wind,0.075
2/19/2024 10:00,Wind,0.063
2/19/2024 11:00,Wind,0.059
2/19/2024 12:00,Wind,0.065
2/19/2024 13:00,Wind,0.068
2/19/2024 14:00,Wind,0.07
2/19/2024 15:00,Wind,0.073
2/19/2024 16:00,Wind,0.078
2/19/2024 17:00,Wind,0.073
2/19/2024 18:00,Wind,0.087
2/19/2024 19:00,Wind,0.124
2/19/2024 20:00,Wind,0.159
2/19/2024 21:00,Wind,0.195
2/19/2024 22:00,Wind,0.23
2/19/2024 23:00,Wind,0.264
2/20/2024 0:00,Wind,0.308
2/20/2024 1:00,Wind,0.351
2/20/2024 2:00,Wind,0.406
2/20/2024 3:00,Wind,0.424
2/20/2024 4:00,Wind,0.429
2/20/2024 5:00,Wind,0.411
2/20/2024 6:00,Wind,0.381
2/20/2024 7:00,Wind,0.373
2/20/2024 8:00,Wind,0.376
2/20/2024 9:00,Wind,0.33
2/20/2024 10:00,Wind,0.217
2/20/2024 11:00,Wind,0.169
2/20/2024 12:00,Wind,0.199
2/20/2024 13:00,Wind,0.298
2/20/2024 14:00,Wind,0.395
2/20/2024 15:00,Wind,0.453
2/20/2024 16:00,Wind,0.48
2/20/2024 17:00,Wind,0.436
2/20/2024 18:00,Wind,0.414
2/20/2024 19:00,Wind,0.448
2/20/2024 20:00,Wind,0.519
2/20/2024 21:00,Wind,0.612
2/20/2024 22:00,Wind,0.69
2/20/2024 23:00,Wind,0.738
2/21/2024 0:00,Wind,0.792
2/21/2024 1:00,Wind,0.787
2/21/2024 2:00,Wind,0.743
2/21/2024 3:00,Wind,0.722
2/21/2024 4:00,Wind,0.734
2/21/2024 5:00,Wind,0.76
2/21/2024 6:00,Wind,0.778
2/21/2024 7:00,Wind,0.783
2/21/2024 8:00,Wind,0.78
2/21/2024 9:00,Wind,0.733
2/21/2024 10:00,Wind,0.682
2/21/2024 11:00,Wind,0.662
2/21/2024 12:00,Wind,0.672
2/21/2024 13:00,Wind,0.656
2/21/2024 14:00,Wind,0.594
2/21/2024 15:00,Wind,0.506
2/21/2024 16:00,Wind,0.409
2/21/2024 17:00,Wind,0.351
2/21/2024 18:00,Wind,0.338
2/21/2024 19:00,Wind,0.394
2/21/2024 20:00,Wind,0.467
2/21/2024 21:00,Wind,0.479
2/21/2024 22:00,Wind,0.474
2/21/2024 23:00,Wind,0.475
2/22/2024 0:00,Wind,0.47
2/22/2024 1:00,Wind,0.444
2/22/2024 2:00,Wind,0.357
2/22/2024 3:00,Wind,0.34
2/22/2024 4:00,Wind,0.384
2/22/2024 5:00,Wind,0.282
2/22/2024 6:00,Wind,0.225
2/22/2024 7:00,Wind,0.216
2/22/2024 8:00,Wind,0.203
2/22/2024 9:00,Wind,0.202
2/22/2024 10:00,Wind,0.196
2/22/2024 11:00,Wind,0.16
2/22/2024 12:00,Wind,0.127
2/22/2024 13:00,Wind,0.115
2/22/2024 14:00,Wind,0.134
2/22/2024 15:00,Wind,0.15
2/22/2024 16:00,Wind,0.163
2/22/2024 17:00,Wind,0.173
2/22/2024 18:00,Wind,0.168
2/22/2024 19:00,Wind,0.155
2/22/2024 20:00,Wind,0.197
2/22/2024 21:00,Wind,0.263
2/22/2024 22:00,Wind,0.342
2/22/2024 23:00,Wind,0.404
2/23/2024 0:00,Wind,0.517
2/23/2024 1:00,Wind,0.543
2/23/2024 2:00,Wind,0.558
2/23/2024 3:00,Wind,0.593
2/23/2024 4:00,Wind,0.558
2/23/2024 5:00,Wind,0.536
2/23/2024 6:00,Wind,0.532
2/23/2024 7:00,Wind,0.527
2/23/2024 8:00,Wind,0.448
2/23/2024 9:00,Wind,0.322
2/23/2024 10:00,Wind,0.242
2/23/2024 11:00,Wind,0.189
2/23/2024 12:00,Wind,0.237
2/23/2024 13:00,Wind,0.334
2/23/2024 14:00,Wind,0.383
2/23/2024 15:00,Wind,0.439
2/23/2024 16:00,Wind,0.459
2/23/2024 17:00,Wind,0.403
2/23/2024 18:00,Wind,0.431
2/23/2024 19:00,Wind,0.516
2/23/2024 20:00,Wind,0.546
2/23/2024 21:00,Wind,0.604
2/23/2024 22:00,Wind,0.73
2/23/2024 23:00,Wind,0.745
2/24/2024 0:00,Wind,0.753
2/24/2024 1:00,Wind,0.757
2/24/2024 2:00,Wind,0.749
2/24/2024 3:00,Wind,0.768
2/24/2024 4:00,Wind,0.75
2/24/2024 5:00,Wind,0.679
2/24/2024 6:00,Wind,0.585
2/24/2024 7:00,Wind,0.445
2/24/2024 8:00,Wind,0.335
2/24/2024 9:00,Wind,0.263
2/24/2024 10:00,Wind,0.19
2/24/2024 11:00,Wind,0.108
2/24/2024 12:00,Wind,0.075
2/24/2024 13:00,Wind,0.065
2/24/2024 14:00,Wind,0.066
2/24/2024 15:00,Wind,0.077
2/24/2024 16:00,Wind,0.103
2/24/2024 17:00,Wind,0.145
2/24/2024 18:00,Wind,0.191
2/24/2024 19:00,Wind,0.256
2/24/2024 20:00,Wind,0.36
2/24/2024 21:00,Wind,0.463
2/24/2024 22:00,Wind,0.51
2/24/2024 23:00,Wind,0.587
2/25/2024 0:00,Wind,0.644
2/25/2024 1:00,Wind,0.701
2/25/2024 2:00,Wind,0.734
2/25/2024 3:00,Wind,0.761
2/25/2024 4:00,Wind,0.804
2/25/2024 5:00,Wind,0.803
2/25/2024 6:00,Wind,0.742
2/25/2024 7:00,Wind,0.768
2/25/2024 8:00,Wind,0.783
2/25/2024 9:00,Wind,0.724
2/25/2024 10:00,Wind,0.607
2/25/2024 11:00,Wind,0.507
2/25/2024 12:00,Wind,0.399
2/25/2024 13:00,Wind,0.325
2/25/2024 14:00,Wind,0.34
2/25/2024 15:00,Wind,0.339
2/25/2024 16:00,Wind,0.313
2/25/2024 17:00,Wind,0.29
2/25/2024 18:00,Wind,0.301
2/25/2024 19:00,Wind,0.328
2/25/2024 20:00,Wind,0.354
2/25/2024 21:00,Wind,0.42
2/25/2024 22:00,Wind,0.462
2/25/2024 23:00,Wind,0.46
2/26/2024 0:00,Wind,0.443
2/26/2024 1:00,Wind,0.419
2/26/2024 2:00,Wind,0.373
2/26/2024 3:00,Wind,0.33
2/26/2024 4:00,Wind,0.299
2/26/2024 5:00,Wind,0.278
2/26/2024 6:00,Wind,0.293
2/26/2024 7:00,Wind,0.323
2/26/2024 8:00,Wind,0.301
2/26/2024 9:00,Wind,0.242
2/26/2024 10:00,Wind,0.183
2/26/2024 11:00,Wind,0.179
2/26/2024 12:00,Wind,0.231
2/26/2024 13:00,Wind,0.359
2/26/2024 14:00,Wind,0.532
2/26/2024 15:00,Wind,0.615
2/26/2024 16:00,Wind,0.631
2/26/2024 17:00,Wind,0.62
2/26/2024 18:00,Wind,0.696
2/26/2024 19:00,Wind,0.796
2/26/2024 20:00,Wind,0.849
2/26/2024 21:00,Wind,0.88
2/26/2024 22:00,Wind,0.908
2/26/2024 23:00,Wind,0.918
2/27/2024 0:00,Wind,0.915
2/27/2024 1:00,Wind,0.884
2/27/2024 2:00,Wind,0.844
2/27/2024 3:00,Wind,0.84
2/27/2024 4:00,Wind,0.845
2/27/2024 5:00,Wind,0.832
2/27/2024 6:00,Wind,0.794
2/27/2024 7:00,Wind,0.78
2/27/2024 8:00,Wind,0.781
2/27/2024 9:00,Wind,0.759
2/27/2024 10:00,Wind,0.769
2/27/2024 11:00,Wind,0.776
2/27/2024 12:00,Wind,0.702
2/27/2024 13:00,Wind,0.562
2/27/2024 14:00,Wind,0.53
2/27/2024 15:00,Wind,0.581
2/27/2024 16:00,Wind,0.662
2/27/2024 17:00,Wind,0.655
2/27/2024 18:00,Wind,0.656
2/27/2024 19:00,Wind,0.773
2/27/2024 20:00,Wind,0.78
2/27/2024 21:00,Wind,0.798
2/27/2024 22:00,Wind,0.896
2/27/2024 23:00,Wind,0.92
2/28/2024 0:00,Wind,0.926
2/28/2024 1:00,Wind,0.932
2/28/2024 2:00,Wind,0.928
2/28/2024 3:00,Wind,0.918
2/28/2024 4:00,Wind,0.926
2/28/2024 5:00,Wind,0.927
2/28/2024 6:00,Wind,0.944
2/28/2024 7:00,Wind,0.953
2/28/2024 8:00,Wind,0.958
2/28/2024 9:00,Wind,0.968
2/28/2024 10:00,Wind,0.991
2/28/2024 11:00,Wind,0.97
2/28/2024 12:00,Wind,0.975
2/28/2024 13:00,Wind,0.972
2/28/2024 14:00,Wind,0.975
2/28/2024 15:00,Wind,0.993
2/28/2024 16:00,Wind,0.977
2/28/2024 17:00,Wind,0.955
2/28/2024 18:00,Wind,0.895
2/28/2024 19:00,Wind,0.715
2/28/2024 20:00,Wind,0.598
2/28/2024 21:00,Wind,0.582
2/28/2024 22:00,Wind,0.605
2/28/2024 23:00,Wind,0.625
2/29/2024 0:00,Wind,0.588
2/29/2024 1:00,Wind,0.54
2/29/2024 2:00,Wind,0.467
2/29/2024 3:00,Wind,0.379
2/29/2024 4:00,Wind,0.314
2/29/2024 5:00,Wind,0.277
2/29/2024 6:00,Wind,0.241
2/29/2024 7:00,Wind,0.221
2/29/2024 8:00,Wind,0.233
2/29/2024 9:00,Wind,0.258
2/29/2024 10:00,Wind,0.296
2/29/2024 11:00,Wind,0.328
2/29/2024 12:00,Wind,0.366
2/29/2024 13:00,Wind,0.411
2/29/2024 14:00,Wind,0.495
2/29/2024 15:00,Wind,0.54
2/29/2024 16:00,Wind,0.513
2/29/2024 17:00,Wind,0.502
2/29/2024 18:00,Wind,0.473
2/29/2024 19:00,Wind,0.488
2/29/2024 20:00,Wind,0.581
2/29/2024 21:00,Wind,0.641
2/29/2024 22:00,Wind,0.697
2/29/2024 23:00,Wind,0.733
3/1/2024 0:00,Wind,0.707
3/1/2024 1:00,Wind,0.681
3/1/2024 2:00,Wind,0.65
3/1/2024 3:00,Wind,0.597
3/1/2024 4:00,Wind,0.542
3/1/2024 5:00,Wind,0.515
3/1/2024 6:00,Wind,0.556
3/1/2024 7:00,Wind,0.589
3/1/2024 8:00,Wind,0.536
3/1/2024 9:00,Wind,0.385
3/1/2024 10:00,Wind,0.339
3/1/2024 11:00,Wind,0.298
3/1/2024 12:00,Wind,0.219
3/1/2024 13:00,Wind,0.198
3/1/2024 14:00,Wind,0.249
3/1/2024 15:00,Wind,0.292
3/1/2024 16:00,Wind,0.322
3/1/2024 17:00,Wind,0.322
3/1/2024 18:00,Wind,0.328
3/1/2024 19:00,Wind,0.34
3/1/2024 20:00,Wind,0.362
3/1/2024 21:00,Wind,0.377
3/1/2024 22:00,Wind,0.353
3/1/2024 23:00,Wind,0.329
3/2/2024 0:00,Wind,0.362
3/2/2024 1:00,Wind,0.359
3/2/2024 2:00,Wind,0.343
3/2/2024 3:00,Wind,0.323
3/2/2024 4:00,Wind,0.308
3/2/2024 5:00,Wind,0.272
3/2/2024 6:00,Wind,0.253
3/2/2024 7:00,Wind,0.236
3/2/2024 8:00,Wind,0.228
3/2/2024 9:00,Wind,0.177
3/2/2024 10:00,Wind,0.131
3/2/2024 11:00,Wind,0.133
3/2/2024 12:00,Wind,0.161
3/2/2024 13:00,Wind,0.197
3/2/2024 14:00,Wind,0.22
3/2/2024 15:00,Wind,0.26
3/2/2024 16:00,Wind,0.318
3/2/2024 17:00,Wind,0.328
3/2/2024 18:00,Wind,0.402
3/2/2024 19:00,Wind,0.506
3/2/2024 20:00,Wind,0.57
3/2/2024 21:00,Wind,0.605
3/2/2024 22:00,Wind,0.625
3/2/2024 23:00,Wind,0.624
3/3/2024 0:00,Wind,0.635
3/3/2024 1:00,Wind,0.626
3/3/2024 2:00,Wind,0.624
3/3/2024 3:00,Wind,0.614
3/3/2024 4:00,Wind,0.625
3/3/2024 5:00,Wind,0.643
3/3/2024 6:00,Wind,0.659
3/3/2024 7:00,Wind,0.682
3/3/2024 8:00,Wind,0.688
3/3/2024 9:00,Wind,0.655
3/3/2024 10:00,Wind,0.67
3/3/2024 11:00,Wind,0.69
3/3/2024 12:00,Wind,0.695
3/3/2024 13:00,Wind,0.708
3/3/2024 14:00,Wind,0.722
3/3/2024 15:00,Wind,0.718
3/3/2024 16:00,Wind,0.709
3/3/2024 17:00,Wind,0.719
3/3/2024 18:00,Wind,0.723
3/3/2024 19:00,Wind,0.762
3/3/2024 20:00,Wind,0.814
3/3/2024 21:00,Wind,0.833
3/3/2024 22:00,Wind,0.836
3/3/2024 23:00,Wind,0.818
3/4/2024 0:00,Wind,0.764
3/4/2024 1:00,Wind,0.677
3/4/2024 2:00,Wind,0.58
3/4/2024 3:00,Wind,0.528
3/4/2024 4:00,Wind,0.523
3/4/2024 5:00,Wind,0.507
3/4/2024 6:00,Wind,0.498
3/4/2024 7:00,Wind,0.524
3/4/2024 8:00,Wind,0.526
3/4/2024 9:00,Wind,0.466
3/4/2024 10:00,Wind,0.503
3/4/2024 11:00,Wind,0.555
3/4/2024 12:00,Wind,0.6
3/4/2024 13:00,Wind,0.669
3/4/2024 14:00,Wind,0.748
3/4/2024 15:00,Wind,0.797
3/4/2024 16:00,Wind,0.826
3/4/2024 17:00,Wind,0.791
3/4/2024 18:00,Wind,0.726
3/4/2024 19:00,Wind,0.69
3/4/2024 20:00,Wind,0.683
3/4/2024 21:00,Wind,0.696
3/4/2024 22:00,Wind,0.762
3/4/2024 23:00,Wind,0.817
3/5/2024 0:00,Wind,0.822
3/5/2024 1:00,Wind,0.725
3/5/2024 2:00,Wind,0.632
3/5/2024 3:00,Wind,0.597
3/5/2024 4:00,Wind,0.626
3/5/2024 5:00,Wind,0.582
3/5/2024 6:00,Wind,0.596
3/5/2024 7:00,Wind,0.514
3/5/2024 8:00,Wind,0.43
3/5/2024 9:00,Wind,0.394
3/5/2024 10:00,Wind,0.361
3/5/2024 11:00,Wind,0.276
3/5/2024 12:00,Wind,0.263
3/5/2024 13:00,Wind,0.287
3/5/2024 14:00,Wind,0.24
3/5/2024 15:00,Wind,0.227
3/5/2024 16:00,Wind,0.196
3/5/2024 17:00,Wind,0.167
3/5/2024 18:00,Wind,0.179
3/5/2024 19:00,Wind,0.198
3/5/2024 20:00,Wind,0.21
3/5/2024 21:00,Wind,0.231
3/5/2024 22:00,Wind,0.207
3/5/2024 23:00,Wind,0.207
3/6/2024 0:00,Wind,0.189
3/6/2024 1:00,Wind,0.223
3/6/2024 2:00,Wind,0.23
3/6/2024 3:00,Wind,0.246
3/6/2024 4:00,Wind,0.253
3/6/2024 5:00,Wind,0.259
3/6/2024 6:00,Wind,0.269
3/6/2024 7:00,Wind,0.31
3/6/2024 8:00,Wind,0.319
3/6/2024 9:00,Wind,0.359
3/6/2024 10:00,Wind,0.408
3/6/2024 11:00,Wind,0.418
3/6/2024 12:00,Wind,0.408
3/6/2024 13:00,Wind,0.336
3/6/2024 14:00,Wind,0.288
3/6/2024 15:00,Wind,0.284
3/6/2024 16:00,Wind,0.284
3/6/2024 17:00,Wind,0.286
3/6/2024 18:00,Wind,0.284
3/6/2024 19:00,Wind,0.271
3/6/2024 20:00,Wind,0.301
3/6/2024 21:00,Wind,0.292
3/6/2024 22:00,Wind,0.264
3/6/2024 23:00,Wind,0.215
3/7/2024 0:00,Wind,0.223
3/7/2024 1:00,Wind,0.215
3/7/2024 2:00,Wind,0.239
3/7/2024 3:00,Wind,0.267
3/7/2024 4:00,Wind,0.259
3/7/2024 5:00,Wind,0.223
3/7/2024 6:00,Wind,0.213
3/7/2024 7:00,Wind,0.215
3/7/2024 8:00,Wind,0.225
3/7/2024 9:00,Wind,0.17
3/7/2024 10:00,Wind,0.157
3/7/2024 11:00,Wind,0.143
3/7/2024 12:00,Wind,0.125
3/7/2024 13:00,Wind,0.113
3/7/2024 14:00,Wind,0.116
3/7/2024 15:00,Wind,0.122
3/7/2024 16:00,Wind,0.117
3/7/2024 17:00,Wind,0.133
3/7/2024 18:00,Wind,0.185
3/7/2024 19:00,Wind,0.27
3/7/2024 20:00,Wind,0.314
3/7/2024 21:00,Wind,0.359
3/7/2024 22:00,Wind,0.388
3/7/2024 23:00,Wind,0.385
3/8/2024 0:00,Wind,0.344
3/8/2024 1:00,Wind,0.35
3/8/2024 2:00,Wind,0.346
3/8/2024 3:00,Wind,0.383
3/8/2024 4:00,Wind,0.394
3/8/2024 5:00,Wind,0.428
3/8/2024 6:00,Wind,0.463
3/8/2024 7:00,Wind,0.486
3/8/2024 8:00,Wind,0.495
3/8/2024 9:00,Wind,0.476
3/8/2024 10:00,Wind,0.404
3/8/2024 11:00,Wind,0.391
3/8/2024 12:00,Wind,0.341
3/8/2024 13:00,Wind,0.308
3/8/2024 14:00,Wind,0.293
3/8/2024 15:00,Wind,0.313
3/8/2024 16:00,Wind,0.364
3/8/2024 17:00,Wind,0.442
3/8/2024 18:00,Wind,0.531
3/8/2024 19:00,Wind,0.649
3/8/2024 20:00,Wind,0.731
3/8/2024 21:00,Wind,0.759
3/8/2024 22:00,Wind,0.785
3/8/2024 23:00,Wind,0.762
3/9/2024 0:00,Wind,0.807
3/9/2024 1:00,Wind,0.772
3/9/2024 2:00,Wind,0.763
3/9/2024 3:00,Wind,0.722
3/9/2024 4:00,Wind,0.729
3/9/2024 5:00,Wind,0.705
3/9/2024 6:00,Wind,0.726
3/9/2024 7:00,Wind,0.703
3/9/2024 8:00,Wind,0.684
3/9/2024 9:00,Wind,0.63
3/9/2024 10:00,Wind,0.588
3/9/2024 11:00,Wind,0.55
3/9/2024 12:00,Wind,0.592
3/9/2024 13:00,Wind,0.702
3/9/2024 14:00,Wind,0.694
3/9/2024 15:00,Wind,0.709
3/9/2024 16:00,Wind,0.747
3/9/2024 17:00,Wind,0.729
3/9/2024 18:00,Wind,0.745
3/9/2024 19:00,Wind,0.725
3/9/2024 20:00,Wind,0.742
3/9/2024 21:00,Wind,0.747
3/9/2024 22:00,Wind,0.709
3/9/2024 23:00,Wind,0.697
3/10/2024 0:00,Wind,0.706
3/10/2024 1:00,Wind,0.754
3/10/2024 2:00,Wind,0.755
3/10/2024 3:00,Wind,0.766
3/10/2024 4:00,Wind,0.753
3/10/2024 5:00,Wind,0.693
3/10/2024 6:00,Wind,0.692
3/10/2024 7:00,Wind,0.745
3/10/2024 8:00,Wind,0.746
3/10/2024 9:00,Wind,0.7
3/10/2024 10:00,Wind,0.69
3/10/2024 11:00,Wind,0.723
3/10/2024 12:00,Wind,0.755
3/10/2024 13:00,Wind,0.774
3/10/2024 14:00,Wind,0.75
3/10/2024 15:00,Wind,0.722
3/10/2024 16:00,Wind,0.682
3/10/2024 17:00,Wind,0.645
3/10/2024 18:00,Wind,0.601
3/10/2024 19:00,Wind,0.532
3/10/2024 20:00,Wind,0.457
3/10/2024 21:00,Wind,0.401
3/10/2024 22:00,Wind,0.363
3/10/2024 23:00,Wind,0.336
3/11/2024 0:00,Wind,0.305
3/11/2024 1:00,Wind,0.295
3/11/2024 2:00,Wind,0.335
3/11/2024 3:00,Wind,0.425
3/11/2024 4:00,Wind,0.539
3/11/2024 5:00,Wind,0.59
3/11/2024 6:00,Wind,0.612
3/11/2024 7:00,Wind,0.748
3/11/2024 8:00,Wind,0.803
3/11/2024 9:00,Wind,0.809
3/11/2024 10:00,Wind,0.75
3/11/2024 11:00,Wind,0.775
3/11/2024 12:00,Wind,0.843
3/11/2024 13:00,Wind,0.875
3/11/2024 14:00,Wind,0.909
3/11/2024 15:00,Wind,0.937
3/11/2024 16:00,Wind,0.932
3/11/2024 17:00,Wind,0.929
3/11/2024 18:00,Wind,0.945
3/11/2024 19:00,Wind,0.925
3/11/2024 20:00,Wind,0.935
3/11/2024 21:00,Wind,0.955
3/11/2024 22:00,Wind,0.962
3/11/2024 23:00,Wind,0.968
3/12/2024 0:00,Wind,0.943
3/12/2024 1:00,Wind,0.923
3/12/2024 2:00,Wind,0.922
3/12/2024 3:00,Wind,0.889
3/12/2024 4:00,Wind,0.874
3/12/2024 5:00,Wind,0.878
3/12/2024 6:00,Wind,0.858
3/12/2024 7:00,Wind,0.847
3/12/2024 8:00,Wind,0.866
3/12/2024 9:00,Wind,0.803
3/12/2024 10:00,Wind,0.699
3/12/2024 11:00,Wind,0.614
3/12/2024 12:00,Wind,0.602
3/12/2024 13:00,Wind,0.611
3/12/2024 14:00,Wind,0.701
3/12/2024 15:00,Wind,0.804
3/12/2024 16:00,Wind,0.793
3/12/2024 17:00,Wind,0.797
3/12/2024 18:00,Wind,0.765
3/12/2024 19:00,Wind,0.658
3/12/2024 20:00,Wind,0.644
3/12/2024 21:00,Wind,0.704
3/12/2024 22:00,Wind,0.732
3/12/2024 23:00,Wind,0.741
3/13/2024 0:00,Wind,0.721
3/13/2024 1:00,Wind,0.724
3/13/2024 2:00,Wind,0.728
3/13/2024 3:00,Wind,0.699
3/13/2024 4:00,Wind,0.649
3/13/2024 5:00,Wind,0.566
3/13/2024 6:00,Wind,0.488
3/13/2024 7:00,Wind,0.436
3/13/2024 8:00,Wind,0.368
3/13/2024 9:00,Wind,0.26
3/13/2024 10:00,Wind,0.118
3/13/2024 11:00,Wind,0.091
3/13/2024 12:00,Wind,0.071
3/13/2024 13:00,Wind,0.081
3/13/2024 14:00,Wind,0.121
3/13/2024 15:00,Wind,0.167
3/13/2024 16:00,Wind,0.218
3/13/2024 17:00,Wind,0.246
3/13/2024 18:00,Wind,0.215
3/13/2024 19:00,Wind,0.153
3/13/2024 20:00,Wind,0.171
3/13/2024 21:00,Wind,0.24
3/13/2024 22:00,Wind,0.329
3/13/2024 23:00,Wind,0.387
3/14/2024 0:00,Wind,0.437
3/14/2024 1:00,Wind,0.489
3/14/2024 2:00,Wind,0.46
3/14/2024 3:00,Wind,0.461
3/14/2024 4:00,Wind,0.493
3/14/2024 5:00,Wind,0.416
3/14/2024 6:00,Wind,0.413
3/14/2024 7:00,Wind,0.421
3/14/2024 8:00,Wind,0.362
3/14/2024 9:00,Wind,0.38
3/14/2024 10:00,Wind,0.368
3/14/2024 11:00,Wind,0.348
3/14/2024 12:00,Wind,0.343
3/14/2024 13:00,Wind,0.418
3/14/2024 14:00,Wind,0.61
3/14/2024 15:00,Wind,0.692
3/14/2024 16:00,Wind,0.704
3/14/2024 17:00,Wind,0.685
3/14/2024 18:00,Wind,0.676
3/14/2024 19:00,Wind,0.692
3/14/2024 20:00,Wind,0.702
3/14/2024 21:00,Wind,0.634
3/14/2024 22:00,Wind,0.651
3/14/2024 23:00,Wind,0.631
3/15/2024 0:00,Wind,0.629
3/15/2024 1:00,Wind,0.645
3/15/2024 2:00,Wind,0.676
3/15/2024 3:00,Wind,0.622
3/15/2024 4:00,Wind,0.598
3/15/2024 5:00,Wind,0.627
3/15/2024 6:00,Wind,0.591
3/15/2024 7:00,Wind,0.532
3/15/2024 8:00,Wind,0.507
3/15/2024 9:00,Wind,0.399
3/15/2024 10:00,Wind,0.348
3/15/2024 11:00,Wind,0.359
3/15/2024 12:00,Wind,0.335
3/15/2024 13:00,Wind,0.313
3/15/2024 14:00,Wind,0.261
3/15/2024 15:00,Wind,0.194
3/15/2024 16:00,Wind,0.203
3/15/2024 17:00,Wind,0.244
3/15/2024 18:00,Wind,0.258
3/15/2024 19:00,Wind,0.223
3/15/2024 20:00,Wind,0.225
3/15/2024 21:00,Wind,0.217
3/15/2024 22:00,Wind,0.21
3/15/2024 23:00,Wind,0.234
3/16/2024 0:00,Wind,0.254
3/16/2024 1:00,Wind,0.256
3/16/2024 2:00,Wind,0.273
3/16/2024 3:00,Wind,0.289
3/16/2024 4:00,Wind,0.343
3/16/2024 5:00,Wind,0.431
3/16/2024 6:00,Wind,0.512
3/16/2024 7:00,Wind,0.633
3/16/2024 8:00,Wind,0.685
3/16/2024 9:00,Wind,0.727
3/16/2024 10:00,Wind,0.749
3/16/2024 11:00,Wind,0.822
3/16/2024 12:00,Wind,0.843
3/16/2024 13:00,Wind,0.875
3/16/2024 14:00,Wind,0.864
3/16/2024 15:00,Wind,0.815
3/16/2024 16:00,Wind,0.825
3/16/2024 17:00,Wind,0.824
3/16/2024 18:00,Wind,0.807
3/16/2024 19:00,Wind,0.815
3/16/2024 20:00,Wind,0.839
3/16/2024 21:00,Wind,0.879
3/16/2024 22:00,Wind,0.875
3/16/2024 23:00,Wind,0.848
3/17/2024 0:00,Wind,0.825
3/17/2024 1:00,Wind,0.843
3/17/2024 2:00,Wind,0.869
3/17/2024 3:00,Wind,0.878
3/17/2024 4:00,Wind,0.848
3/17/2024 5:00,Wind,0.824
3/17/2024 6:00,Wind,0.814
3/17/2024 7:00,Wind,0.824
3/17/2024 8:00,Wind,0.827
3/17/2024 9:00,Wind,0.802
3/17/2024 10:00,Wind,0.849
3/17/2024 11:00,Wind,0.805
3/17/2024 12:00,Wind,0.768
3/17/2024 13:00,Wind,0.762
3/17/2024 14:00,Wind,0.775
3/17/2024 15:00,Wind,0.822
3/17/2024 16:00,Wind,0.852
3/17/2024 17:00,Wind,0.878
3/17/2024 18:00,Wind,0.836
3/17/2024 19:00,Wind,0.798
3/17/2024 20:00,Wind,0.72
3/17/2024 21:00,Wind,0.693
3/17/2024 22:00,Wind,0.621
3/17/2024 23:00,Wind,0.524
3/18/2024 0:00,Wind,0.457
3/18/2024 1:00,Wind,0.401
3/18/2024 2:00,Wind,0.377
3/18/2024 3:00,Wind,0.382
3/18/2024 4:00,Wind,0.377
3/18/2024 5:00,Wind,0.34
3/18/2024 6:00,Wind,0.345
3/18/2024 7:00,Wind,0.352
3/18/2024 8:00,Wind,0.368
3/18/2024 9:00,Wind,0.441
3/18/2024 10:00,Wind,0.523
3/18/2024 11:00,Wind,0.557
3/18/2024 12:00,Wind,0.557
3/18/2024 13:00,Wind,0.567
3/18/2024 14:00,Wind,0.574
3/18/2024 15:00,Wind,0.567
3/18/2024 16:00,Wind,0.597
3/18/2024 17:00,Wind,0.587
3/18/2024 18:00,Wind,0.583
3/18/2024 19:00,Wind,0.55
3/18/2024 20:00,Wind,0.487
3/18/2024 21:00,Wind,0.482
3/18/2024 22:00,Wind,0.511
3/18/2024 23:00,Wind,0.583
3/19/2024 0:00,Wind,0.642
3/19/2024 1:00,Wind,0.675
3/19/2024 2:00,Wind,0.698
3/19/2024 3:00,Wind,0.721
3/19/2024 4:00,Wind,0.738
3/19/2024 5:00,Wind,0.747
3/19/2024 6:00,Wind,0.739
3/19/2024 7:00,Wind,0.772
3/19/2024 8:00,Wind,0.806
3/19/2024 9:00,Wind,0.875
3/19/2024 10:00,Wind,0.91
3/19/2024 11:00,Wind,0.855
3/19/2024 12:00,Wind,0.856
3/19/2024 13:00,Wind,0.841
3/19/2024 14:00,Wind,0.832
3/19/2024 15:00,Wind,0.829
3/19/2024 16:00,Wind,0.813
3/19/2024 17:00,Wind,0.817
3/19/2024 18:00,Wind,0.775
3/19/2024 19:00,Wind,0.738
3/19/2024 20:00,Wind,0.723
3/19/2024 21:00,Wind,0.71
3/19/2024 22:00,Wind,0.751
3/19/2024 23:00,Wind,0.787
3/20/2024 0:00,Wind,0.789
3/20/2024 1:00,Wind,0.804
3/20/2024 2:00,Wind,0.821
3/20/2024 3:00,Wind,0.795
3/20/2024 4:00,Wind,0.785
3/20/2024 5:00,Wind,0.774
3/20/2024 6:00,Wind,0.776
3/20/2024 7:00,Wind,0.804
3/20/2024 8:00,Wind,0.758
3/20/2024 9:00,Wind,0.676
3/20/2024 10:00,Wind,0.686
3/20/2024 11:00,Wind,0.726
3/20/2024 12:00,Wind,0.777
3/20/2024 13:00,Wind,0.78
3/20/2024 14:00,Wind,0.777
3/20/2024 15:00,Wind,0.775
3/20/2024 16:00,Wind,0.764
3/20/2024 17:00,Wind,0.71
3/20/2024 18:00,Wind,0.634
3/20/2024 19:00,Wind,0.542
3/20/2024 20:00,Wind,0.474
3/20/2024 21:00,Wind,0.43
3/20/2024 22:00,Wind,0.397
3/20/2024 23:00,Wind,0.34
3/21/2024 0:00,Wind,0.305
3/21/2024 1:00,Wind,0.269
3/21/2024 2:00,Wind,0.251
3/21/2024 3:00,Wind,0.242
3/21/2024 4:00,Wind,0.208
3/21/2024 5:00,Wind,0.18
3/21/2024 6:00,Wind,0.163
3/21/2024 7:00,Wind,0.15
3/21/2024 8:00,Wind,0.14
3/21/2024 9:00,Wind,0.135
3/21/2024 10:00,Wind,0.13
3/21/2024 11:00,Wind,0.157
3/21/2024 12:00,Wind,0.145
3/21/2024 13:00,Wind,0.126
3/21/2024 14:00,Wind,0.123
3/21/2024 15:00,Wind,0.117
3/21/2024 16:00,Wind,0.13
3/21/2024 17:00,Wind,0.155
3/21/2024 18:00,Wind,0.186
3/21/2024 19:00,Wind,0.228
3/21/2024 20:00,Wind,0.288
3/21/2024 21:00,Wind,0.381
3/21/2024 22:00,Wind,0.47
3/21/2024 23:00,Wind,0.498
3/22/2024 0:00,Wind,0.497
3/22/2024 1:00,Wind,0.478
3/22/2024 2:00,Wind,0.474
3/22/2024 3:00,Wind,0.451
3/22/2024 4:00,Wind,0.439
3/22/2024 5:00,Wind,0.431
3/22/2024 6:00,Wind,0.43
3/22/2024 7:00,Wind,0.463
3/22/2024 8:00,Wind,0.514
3/22/2024 9:00,Wind,0.533
3/22/2024 10:00,Wind,0.498
3/22/2024 11:00,Wind,0.394
3/22/2024 12:00,Wind,0.29
3/22/2024 13:00,Wind,0.19
3/22/2024 14:00,Wind,0.168
3/22/2024 15:00,Wind,0.213
3/22/2024 16:00,Wind,0.32
3/22/2024 17:00,Wind,0.466
3/22/2024 18:00,Wind,0.52
3/22/2024 19:00,Wind,0.632
3/22/2024 20:00,Wind,0.725
3/22/2024 21:00,Wind,0.715
3/22/2024 22:00,Wind,0.745
3/22/2024 23:00,Wind,0.705
3/23/2024 0:00,Wind,0.639
3/23/2024 1:00,Wind,0.574
3/23/2024 2:00,Wind,0.518
3/23/2024 3:00,Wind,0.499
3/23/2024 4:00,Wind,0.489
3/23/2024 5:00,Wind,0.464
3/23/2024 6:00,Wind,0.44
3/23/2024 7:00,Wind,0.412
3/23/2024 8:00,Wind,0.365
3/23/2024 9:00,Wind,0.345
3/23/2024 10:00,Wind,0.411
3/23/2024 11:00,Wind,0.454
3/23/2024 12:00,Wind,0.417
3/23/2024 13:00,Wind,0.355
3/23/2024 14:00,Wind,0.318
3/23/2024 15:00,Wind,0.301
3/23/2024 16:00,Wind,0.288
3/23/2024 17:00,Wind,0.265
3/23/2024 18:00,Wind,0.23
3/23/2024 19:00,Wind,0.26
3/23/2024 20:00,Wind,0.325
3/23/2024 21:00,Wind,0.405
3/23/2024 22:00,Wind,0.474
3/23/2024 23:00,Wind,0.461
3/24/2024 0:00,Wind,0.402
3/24/2024 1:00,Wind,0.393
3/24/2024 2:00,Wind,0.424
3/24/2024 3:00,Wind,0.484
3/24/2024 4:00,Wind,0.557
3/24/2024 5:00,Wind,0.53
3/24/2024 6:00,Wind,0.466
3/24/2024 7:00,Wind,0.405
3/24/2024 8:00,Wind,0.446
3/24/2024 9:00,Wind,0.498
3/24/2024 10:00,Wind,0.672
3/24/2024 11:00,Wind,0.694
3/24/2024 12:00,Wind,0.706
3/24/2024 13:00,Wind,0.726
3/24/2024 14:00,Wind,0.71
3/24/2024 15:00,Wind,0.698
3/24/2024 16:00,Wind,0.706
3/24/2024 17:00,Wind,0.708
3/24/2024 18:00,Wind,0.721
3/24/2024 19:00,Wind,0.743
3/24/2024 20:00,Wind,0.812
3/24/2024 21:00,Wind,0.852
3/24/2024 22:00,Wind,0.881
3/24/2024 23:00,Wind,0.884
3/25/2024 0:00,Wind,0.905
3/25/2024 1:00,Wind,0.908
3/25/2024 2:00,Wind,0.887
3/25/2024 3:00,Wind,0.847
3/25/2024 4:00,Wind,0.868
3/25/2024 5:00,Wind,0.897
3/25/2024 6:00,Wind,0.921
3/25/2024 7:00,Wind,0.939
3/25/2024 8:00,Wind,0.94
3/25/2024 9:00,Wind,0.913
3/25/2024 10:00,Wind,0.898
3/25/2024 11:00,Wind,0.885
3/25/2024 12:00,Wind,0.883
3/25/2024 13:00,Wind,0.875
3/25/2024 14:00,Wind,0.871
3/25/2024 15:00,Wind,0.899
3/25/2024 16:00,Wind,0.911
3/25/2024 17:00,Wind,0.918
3/25/2024 18:00,Wind,0.871
3/25/2024 19:00,Wind,0.783
3/25/2024 20:00,Wind,0.753
3/25/2024 21:00,Wind,0.751
3/25/2024 22:00,Wind,0.819
3/25/2024 23:00,Wind,0.892
3/26/2024 0:00,Wind,0.951
3/26/2024 1:00,Wind,0.936
3/26/2024 2:00,Wind,0.969
3/26/2024 3:00,Wind,0.956
3/26/2024 4:00,Wind,0.944
3/26/2024 5:00,Wind,0.948
3/26/2024 6:00,Wind,0.945
3/26/2024 7:00,Wind,0.901
3/26/2024 8:00,Wind,0.834
3/26/2024 9:00,Wind,0.789
3/26/2024 10:00,Wind,0.824
3/26/2024 11:00,Wind,0.847
3/26/2024 12:00,Wind,0.788
3/26/2024 13:00,Wind,0.811
3/26/2024 14:00,Wind,0.842
3/26/2024 15:00,Wind,0.856
3/26/2024 16:00,Wind,0.86
3/26/2024 17:00,Wind,0.866
3/26/2024 18:00,Wind,0.897
3/26/2024 19:00,Wind,0.883
3/26/2024 20:00,Wind,0.851
3/26/2024 21:00,Wind,0.882
3/26/2024 22:00,Wind,0.846
3/26/2024 23:00,Wind,0.844
3/27/2024 0:00,Wind,0.778
3/27/2024 1:00,Wind,0.738
3/27/2024 2:00,Wind,0.749
3/27/2024 3:00,Wind,0.713
3/27/2024 4:00,Wind,0.686
3/27/2024 5:00,Wind,0.638
3/27/2024 6:00,Wind,0.64
3/27/2024 7:00,Wind,0.633
3/27/2024 8:00,Wind,0.575
3/27/2024 9:00,Wind,0.556
3/27/2024 10:00,Wind,0.519
3/27/2024 11:00,Wind,0.422
3/27/2024 12:00,Wind,0.353
3/27/2024 13:00,Wind,0.328
3/27/2024 14:00,Wind,0.336
3/27/2024 15:00,Wind,0.377
3/27/2024 16:00,Wind,0.428
3/27/2024 17:00,Wind,0.419
3/27/2024 18:00,Wind,0.394
3/27/2024 19:00,Wind,0.35
3/27/2024 20:00,Wind,0.233
3/27/2024 21:00,Wind,0.199
3/27/2024 22:00,Wind,0.193
3/27/2024 23:00,Wind,0.184
3/28/2024 0:00,Wind,0.194
3/28/2024 1:00,Wind,0.218
3/28/2024 2:00,Wind,0.221
3/28/2024 3:00,Wind,0.212
3/28/2024 4:00,Wind,0.178
3/28/2024 5:00,Wind,0.142
3/28/2024 6:00,Wind,0.132
3/28/2024 7:00,Wind,0.148
3/28/2024 8:00,Wind,0.137
3/28/2024 9:00,Wind,0.15
3/28/2024 10:00,Wind,0.124
3/28/2024 11:00,Wind,0.195
3/28/2024 12:00,Wind,0.341
3/28/2024 13:00,Wind,0.466
3/28/2024 14:00,Wind,0.537
3/28/2024 15:00,Wind,0.568
3/28/2024 16:00,Wind,0.603
3/28/2024 17:00,Wind,0.634
3/28/2024 18:00,Wind,0.563
3/28/2024 19:00,Wind,0.343
3/28/2024 20:00,Wind,0.232
3/28/2024 21:00,Wind,0.22
3/28/2024 22:00,Wind,0.239
3/28/2024 23:00,Wind,0.261
3/29/2024 0:00,Wind,0.311
3/29/2024 1:00,Wind,0.32
3/29/2024 2:00,Wind,0.307
3/29/2024 3:00,Wind,0.279
3/29/2024 4:00,Wind,0.267
3/29/2024 5:00,Wind,0.275
3/29/2024 6:00,Wind,0.272
3/29/2024 7:00,Wind,0.271
3/29/2024 8:00,Wind,0.27
3/29/2024 9:00,Wind,0.265
3/29/2024 10:00,Wind,0.27
3/29/2024 11:00,Wind,0.293
3/29/2024 12:00,Wind,0.309
3/29/2024 13:00,Wind,0.309
3/29/2024 14:00,Wind,0.334
3/29/2024 15:00,Wind,0.386
3/29/2024 16:00,Wind,0.446
3/29/2024 17:00,Wind,0.51
3/29/2024 18:00,Wind,0.521
3/29/2024 19:00,Wind,0.554
3/29/2024 20:00,Wind,0.589
3/29/2024 21:00,Wind,0.654
3/29/2024 22:00,Wind,0.689
3/29/2024 23:00,Wind,0.656
3/30/2024 0:00,Wind,0.693
3/30/2024 1:00,Wind,0.687
3/30/2024 2:00,Wind,0.643
3/30/2024 3:00,Wind,0.64
3/30/2024 4:00,Wind,0.589
3/30/2024 5:00,Wind,0.562
3/30/2024 6:00,Wind,0.538
3/30/2024 7:00,Wind,0.507
3/30/2024 8:00,Wind,0.561
3/30/2024 9:00,Wind,0.541
3/30/2024 10:00,Wind,0.597
3/30/2024 11:00,Wind,0.643
3/30/2024 12:00,Wind,0.634
3/30/2024 13:00,Wind,0.677
3/30/2024 14:00,Wind,0.651
3/30/2024 15:00,Wind,0.624
3/30/2024 16:00,Wind,0.618
3/30/2024 17:00,Wind,0.578
3/30/2024 18:00,Wind,0.504
3/30/2024 19:00,Wind,0.379
3/30/2024 20:00,Wind,0.356
3/30/2024 21:00,Wind,0.377
3/30/2024 22:00,Wind,0.417
3/30/2024 23:00,Wind,0.434
3/31/2024 0:00,Wind,0.45
3/31/2024 1:00,Wind,0.429
3/31/2024 2:00,Wind,0.375
3/31/2024 3:00,Wind,0.319
3/31/2024 4:00,Wind,0.267
3/31/2024 5:00,Wind,0.251
3/31/2024 6:00,Wind,0.263
3/31/2024 7:00,Wind,0.233
3/31/2024 8:00,Wind,0.183
3/31/2024 9:00,Wind,0.132
3/31/2024 10:00,Wind,0.112
3/31/2024 11:00,Wind,0.076
3/31/2024 12:00,Wind,0.073
3/31/2024 13:00,Wind,0.098
3/31/2024 14:00,Wind,0.128
3/31/2024 15:00,Wind,0.134
3/31/2024 16:00,Wind,0.163
3/31/2024 17:00,Wind,0.17
3/31/2024 18:00,Wind,0.225
3/31/2024 19:00,Wind,0.339
3/31/2024 20:00,Wind,0.433
3/31/2024 21:00,Wind,0.593
3/31/2024 22:00,Wind,0.69
3/31/2024 23:00,Wind,0.691
4/1/2024 0:00,Wind,0.654
4/1/2024 1:00,Wind,0.626
4/1/2024 2:00,Wind,0.598
4/1/2024 3:00,Wind,0.594
4/1/2024 4:00,Wind,0.582
4/1/2024 5:00,Wind,0.514
4/1/2024 6:00,Wind,0.458
4/1/2024 7:00,Wind,0.407
4/1/2024 8:00,Wind,0.489
4/1/2024 9:00,Wind,0.545
4/1/2024 10:00,Wind,0.514
4/1/2024 11:00,Wind,0.425
4/1/2024 12:00,Wind,0.383
4/1/2024 13:00,Wind,0.38
4/1/2024 14:00,Wind,0.434
4/1/2024 15:00,Wind,0.465
4/1/2024 16:00,Wind,0.532
4/1/2024 17:00,Wind,0.494
4/1/2024 18:00,Wind,0.463
4/1/2024 19:00,Wind,0.396
4/1/2024 20:00,Wind,0.39
4/1/2024 21:00,Wind,0.351
4/1/2024 22:00,Wind,0.351
4/1/2024 23:00,Wind,0.401
4/2/2024 0:00,Wind,0.328
4/2/2024 1:00,Wind,0.337
4/2/2024 2:00,Wind,0.422
4/2/2024 3:00,Wind,0.436
4/2/2024 4:00,Wind,0.431
4/2/2024 5:00,Wind,0.407
4/2/2024 6:00,Wind,0.304
4/2/2024 7:00,Wind,0.347
4/2/2024 8:00,Wind,0.415
4/2/2024 9:00,Wind,0.423
4/2/2024 10:00,Wind,0.398
4/2/2024 11:00,Wind,0.391
4/2/2024 12:00,Wind,0.42
4/2/2024 13:00,Wind,0.544
4/2/2024 14:00,Wind,0.678
4/2/2024 15:00,Wind,0.783
4/2/2024 16:00,Wind,0.783
4/2/2024 17:00,Wind,0.778
4/2/2024 18:00,Wind,0.746
4/2/2024 19:00,Wind,0.76
4/2/2024 20:00,Wind,0.841
4/2/2024 21:00,Wind,0.902
4/2/2024 22:00,Wind,0.929
4/2/2024 23:00,Wind,0.917
4/3/2024 0:00,Wind,0.929
4/3/2024 1:00,Wind,0.923
4/3/2024 2:00,Wind,0.912
4/3/2024 3:00,Wind,0.908
4/3/2024 4:00,Wind,0.889
4/3/2024 5:00,Wind,0.861
4/3/2024 6:00,Wind,0.855
4/3/2024 7:00,Wind,0.887
4/3/2024 8:00,Wind,0.905
4/3/2024 9:00,Wind,0.897
4/3/2024 10:00,Wind,0.937
4/3/2024 11:00,Wind,0.891
4/3/2024 12:00,Wind,0.882
4/3/2024 13:00,Wind,0.89
4/3/2024 14:00,Wind,0.873
4/3/2024 15:00,Wind,0.886
4/3/2024 16:00,Wind,0.924
4/3/2024 17:00,Wind,0.951
4/3/2024 18:00,Wind,0.943
4/3/2024 19:00,Wind,0.892
4/3/2024 20:00,Wind,0.884
4/3/2024 21:00,Wind,0.858
4/3/2024 22:00,Wind,0.813
4/3/2024 23:00,Wind,0.773
4/4/2024 0:00,Wind,0.742
4/4/2024 1:00,Wind,0.72
4/4/2024 2:00,Wind,0.695
4/4/2024 3:00,Wind,0.66
4/4/2024 4:00,Wind,0.634
4/4/2024 5:00,Wind,0.608
4/4/2024 6:00,Wind,0.589
4/4/2024 7:00,Wind,0.572
4/4/2024 8:00,Wind,0.549
4/4/2024 9:00,Wind,0.546
4/4/2024 10:00,Wind,0.562
4/4/2024 11:00,Wind,0.618
4/4/2024 12:00,Wind,0.61
4/4/2024 13:00,Wind,0.607
4/4/2024 14:00,Wind,0.663
4/4/2024 15:00,Wind,0.716
4/4/2024 16:00,Wind,0.724
4/4/2024 17:00,Wind,0.712
4/4/2024 18:00,Wind,0.689
4/4/2024 19:00,Wind,0.633
4/4/2024 20:00,Wind,0.611
4/4/2024 21:00,Wind,0.534
4/4/2024 22:00,Wind,0.476
4/4/2024 23:00,Wind,0.449
4/5/2024 0:00,Wind,0.443
4/5/2024 1:00,Wind,0.45
4/5/2024 2:00,Wind,0.394
4/5/2024 3:00,Wind,0.368
4/5/2024 4:00,Wind,0.35
4/5/2024 5:00,Wind,0.361
4/5/2024 6:00,Wind,0.364
4/5/2024 7:00,Wind,0.35
4/5/2024 8:00,Wind,0.322
4/5/2024 9:00,Wind,0.319
4/5/2024 10:00,Wind,0.316
4/5/2024 11:00,Wind,0.337
4/5/2024 12:00,Wind,0.386
4/5/2024 13:00,Wind,0.409
4/5/2024 14:00,Wind,0.406
4/5/2024 15:00,Wind,0.423
4/5/2024 16:00,Wind,0.401
4/5/2024 17:00,Wind,0.386
4/5/2024 18:00,Wind,0.39
4/5/2024 19:00,Wind,0.351
4/5/2024 20:00,Wind,0.287
4/5/2024 21:00,Wind,0.25
4/5/2024 22:00,Wind,0.252
4/5/2024 23:00,Wind,0.272
4/6/2024 0:00,Wind,0.259
4/6/2024 1:00,Wind,0.252
4/6/2024 2:00,Wind,0.248
4/6/2024 3:00,Wind,0.239
4/6/2024 4:00,Wind,0.25
4/6/2024 5:00,Wind,0.23
4/6/2024 6:00,Wind,0.231
4/6/2024 7:00,Wind,0.252
4/6/2024 8:00,Wind,0.268
4/6/2024 9:00,Wind,0.247
4/6/2024 10:00,Wind,0.224
4/6/2024 11:00,Wind,0.223
4/6/2024 12:00,Wind,0.248
4/6/2024 13:00,Wind,0.276
4/6/2024 14:00,Wind,0.256
4/6/2024 15:00,Wind,0.258
4/6/2024 16:00,Wind,0.272
4/6/2024 17:00,Wind,0.294
4/6/2024 18:00,Wind,0.315
4/6/2024 19:00,Wind,0.352
4/6/2024 20:00,Wind,0.398
4/6/2024 21:00,Wind,0.479
4/6/2024 22:00,Wind,0.533
4/6/2024 23:00,Wind,0.557
4/7/2024 0:00,Wind,0.611
4/7/2024 1:00,Wind,0.593
4/7/2024 2:00,Wind,0.566
4/7/2024 3:00,Wind,0.578
4/7/2024 4:00,Wind,0.62
4/7/2024 5:00,Wind,0.624
4/7/2024 6:00,Wind,0.619
4/7/2024 7:00,Wind,0.59
4/7/2024 8:00,Wind,0.602
4/7/2024 9:00,Wind,0.66
4/7/2024 10:00,Wind,0.703
4/7/2024 11:00,Wind,0.74
4/7/2024 12:00,Wind,0.749
4/7/2024 13:00,Wind,0.762
4/7/2024 14:00,Wind,0.733
4/7/2024 15:00,Wind,0.738
4/7/2024 16:00,Wind,0.723
4/7/2024 17:00,Wind,0.697
4/7/2024 18:00,Wind,0.668
4/7/2024 19:00,Wind,0.618
4/7/2024 20:00,Wind,0.614
4/7/2024 21:00,Wind,0.666
4/7/2024 22:00,Wind,0.68
4/7/2024 23:00,Wind,0.668
4/8/2024 0:00,Wind,0.646
4/8/2024 1:00,Wind,0.655
4/8/2024 2:00,Wind,0.645
4/8/2024 3:00,Wind,0.617
4/8/2024 4:00,Wind,0.623
4/8/2024 5:00,Wind,0.631
4/8/2024 6:00,Wind,0.632
4/8/2024 7:00,Wind,0.642
4/8/2024 8:00,Wind,0.581
4/8/2024 9:00,Wind,0.426
4/8/2024 10:00,Wind,0.31
4/8/2024 11:00,Wind,0.324
4/8/2024 12:00,Wind,0.365
4/8/2024 13:00,Wind,0.431
4/8/2024 14:00,Wind,0.456
4/8/2024 15:00,Wind,0.351
4/8/2024 16:00,Wind,0.316
4/8/2024 17:00,Wind,0.435
4/8/2024 18:00,Wind,0.386
4/8/2024 19:00,Wind,0.313
4/8/2024 20:00,Wind,0.295
4/8/2024 21:00,Wind,0.343
4/8/2024 22:00,Wind,0.422
4/8/2024 23:00,Wind,0.493
4/9/2024 0:00,Wind,0.496
4/9/2024 1:00,Wind,0.491
4/9/2024 2:00,Wind,0.537
4/9/2024 3:00,Wind,0.532
4/9/2024 4:00,Wind,0.458
4/9/2024 5:00,Wind,0.442
4/9/2024 6:00,Wind,0.425
4/9/2024 7:00,Wind,0.413
4/9/2024 8:00,Wind,0.419
4/9/2024 9:00,Wind,0.31
4/9/2024 10:00,Wind,0.286
4/9/2024 11:00,Wind,0.278
4/9/2024 12:00,Wind,0.272
4/9/2024 13:00,Wind,0.278
4/9/2024 14:00,Wind,0.292
4/9/2024 15:00,Wind,0.299
4/9/2024 16:00,Wind,0.305
4/9/2024 17:00,Wind,0.282
4/9/2024 18:00,Wind,0.269
4/9/2024 19:00,Wind,0.247
4/9/2024 20:00,Wind,0.239
4/9/2024 21:00,Wind,0.266
4/9/2024 22:00,Wind,0.266
4/9/2024 23:00,Wind,0.222
4/10/2024 0:00,Wind,0.188
4/10/2024 1:00,Wind,0.165
4/10/2024 2:00,Wind,0.15
4/10/2024 3:00,Wind,0.14
4/10/2024 4:00,Wind,0.125
4/10/2024 5:00,Wind,0.12
4/10/2024 6:00,Wind,0.098
4/10/2024 7:00,Wind,0.079
4/10/2024 8:00,Wind,0.079
4/10/2024 9:00,Wind,0.068
4/10/2024 10:00,Wind,0.065
4/10/2024 11:00,Wind,0.079
4/10/2024 12:00,Wind,0.074
4/10/2024 13:00,Wind,0.067
4/10/2024 14:00,Wind,0.074
4/10/2024 15:00,Wind,0.1
4/10/2024 16:00,Wind,0.102
4/10/2024 17:00,Wind,0.105
4/10/2024 18:00,Wind,0.114
4/10/2024 19:00,Wind,0.162
4/10/2024 20:00,Wind,0.245
4/10/2024 21:00,Wind,0.3
4/10/2024 22:00,Wind,0.352
4/10/2024 23:00,Wind,0.361
4/11/2024 0:00,Wind,0.373
4/11/2024 1:00,Wind,0.374
4/11/2024 2:00,Wind,0.404
4/11/2024 3:00,Wind,0.404
4/11/2024 4:00,Wind,0.402
4/11/2024 5:00,Wind,0.39
4/11/2024 6:00,Wind,0.348
4/11/2024 7:00,Wind,0.373
4/11/2024 8:00,Wind,0.384
4/11/2024 9:00,Wind,0.449
4/11/2024 10:00,Wind,0.432
4/11/2024 11:00,Wind,0.422
4/11/2024 12:00,Wind,0.456
4/11/2024 13:00,Wind,0.476
4/11/2024 14:00,Wind,0.487
4/11/2024 15:00,Wind,0.482
4/11/2024 16:00,Wind,0.516
4/11/2024 17:00,Wind,0.564
4/11/2024 18:00,Wind,0.628
4/11/2024 19:00,Wind,0.719
4/11/2024 20:00,Wind,0.71
4/11/2024 21:00,Wind,0.722
4/11/2024 22:00,Wind,0.818
4/11/2024 23:00,Wind,0.836
4/12/2024 0:00,Wind,0.825
4/12/2024 1:00,Wind,0.843
4/12/2024 2:00,Wind,0.873
4/12/2024 3:00,Wind,0.881
4/12/2024 4:00,Wind,0.875
4/12/2024 5:00,Wind,0.862
4/12/2024 6:00,Wind,0.874
4/12/2024 7:00,Wind,0.881
4/12/2024 8:00,Wind,0.894
4/12/2024 9:00,Wind,0.924
4/12/2024 10:00,Wind,0.956
4/12/2024 11:00,Wind,0.971
4/12/2024 12:00,Wind,0.97
4/12/2024 13:00,Wind,0.983
4/12/2024 14:00,Wind,0.984
4/12/2024 15:00,Wind,0.996
4/12/2024 16:00,Wind,1
4/12/2024 17:00,Wind,0.988
4/12/2024 18:00,Wind,0.975
4/12/2024 19:00,Wind,0.946
4/12/2024 20:00,Wind,0.863
4/12/2024 21:00,Wind,0.743
4/12/2024 22:00,Wind,0.672
4/12/2024 23:00,Wind,0.723
4/13/2024 0:00,Wind,0.789
4/13/2024 1:00,Wind,0.759
4/13/2024 2:00,Wind,0.755
4/13/2024 3:00,Wind,0.711
4/13/2024 4:00,Wind,0.653
4/13/2024 5:00,Wind,0.571
4/13/2024 6:00,Wind,0.481
4/13/2024 7:00,Wind,0.396
4/13/2024 8:00,Wind,0.34
4/13/2024 9:00,Wind,0.298
4/13/2024 10:00,Wind,0.296
4/13/2024 11:00,Wind,0.324
4/13/2024 12:00,Wind,0.397
4/13/2024 13:00,Wind,0.445
4/13/2024 14:00,Wind,0.475
4/13/2024 15:00,Wind,0.493
4/13/2024 16:00,Wind,0.537
4/13/2024 17:00,Wind,0.586
4/13/2024 18:00,Wind,0.641
4/13/2024 19:00,Wind,0.663
4/13/2024 20:00,Wind,0.7
4/13/2024 21:00,Wind,0.792
4/13/2024 22:00,Wind,0.875
4/13/2024 23:00,Wind,0.895
4/14/2024 0:00,Wind,0.882
4/14/2024 1:00,Wind,0.847
4/14/2024 2:00,Wind,0.874
4/14/2024 3:00,Wind,0.879
4/14/2024 4:00,Wind,0.857
4/14/2024 5:00,Wind,0.827
4/14/2024 6:00,Wind,0.824
4/14/2024 7:00,Wind,0.837
4/14/2024 8:00,Wind,0.797
4/14/2024 9:00,Wind,0.765
4/14/2024 10:00,Wind,0.825
4/14/2024 11:00,Wind,0.81
4/14/2024 12:00,Wind,0.698
4/14/2024 13:00,Wind,0.582
4/14/2024 14:00,Wind,0.527
4/14/2024 15:00,Wind,0.516
4/14/2024 16:00,Wind,0.551
4/14/2024 17:00,Wind,0.583
4/14/2024 18:00,Wind,0.584
4/14/2024 19:00,Wind,0.53
4/14/2024 20:00,Wind,0.434
4/14/2024 21:00,Wind,0.37
4/14/2024 22:00,Wind,0.322
4/14/2024 23:00,Wind,0.3
4/15/2024 0:00,Wind,0.37
4/15/2024 1:00,Wind,0.368
4/15/2024 2:00,Wind,0.394
4/15/2024 3:00,Wind,0.452
4/15/2024 4:00,Wind,0.481
4/15/2024 5:00,Wind,0.483
4/15/2024 6:00,Wind,0.464
4/15/2024 7:00,Wind,0.428
4/15/2024 8:00,Wind,0.343
4/15/2024 9:00,Wind,0.253
4/15/2024 10:00,Wind,0.249
4/15/2024 11:00,Wind,0.259
4/15/2024 12:00,Wind,0.261
4/15/2024 13:00,Wind,0.22
4/15/2024 14:00,Wind,0.174
4/15/2024 15:00,Wind,0.164
4/15/2024 16:00,Wind,0.165
4/15/2024 17:00,Wind,0.169
4/15/2024 18:00,Wind,0.169
4/15/2024 19:00,Wind,0.177
4/15/2024 20:00,Wind,0.225
4/15/2024 21:00,Wind,0.373
4/15/2024 22:00,Wind,0.498
4/15/2024 23:00,Wind,0.535
4/16/2024 0:00,Wind,0.563
4/16/2024 1:00,Wind,0.594
4/16/2024 2:00,Wind,0.589
4/16/2024 3:00,Wind,0.566
4/16/2024 4:00,Wind,0.577
4/16/2024 5:00,Wind,0.584
4/16/2024 6:00,Wind,0.628
4/16/2024 7:00,Wind,0.659
4/16/2024 8:00,Wind,0.615
4/16/2024 9:00,Wind,0.544
4/16/2024 10:00,Wind,0.497
4/16/2024 11:00,Wind,0.53
4/16/2024 12:00,Wind,0.56
4/16/2024 13:00,Wind,0.599
4/16/2024 14:00,Wind,0.632
4/16/2024 15:00,Wind,0.674
4/16/2024 16:00,Wind,0.661
4/16/2024 17:00,Wind,0.659
4/16/2024 18:00,Wind,0.655
4/16/2024 19:00,Wind,0.649
4/16/2024 20:00,Wind,0.674
4/16/2024 21:00,Wind,0.682
4/16/2024 22:00,Wind,0.664
4/16/2024 23:00,Wind,0.611
4/17/2024 0:00,Wind,0.682
4/17/2024 1:00,Wind,0.7
4/17/2024 2:00,Wind,0.722
4/17/2024 3:00,Wind,0.728
4/17/2024 4:00,Wind,0.759
4/17/2024 5:00,Wind,0.809
4/17/2024 6:00,Wind,0.809
4/17/2024 7:00,Wind,0.815
4/17/2024 8:00,Wind,0.823
4/17/2024 9:00,Wind,0.808
4/17/2024 10:00,Wind,0.795
4/17/2024 11:00,Wind,0.775
4/17/2024 12:00,Wind,0.781
4/17/2024 13:00,Wind,0.797
4/17/2024 14:00,Wind,0.796
4/17/2024 15:00,Wind,0.804
4/17/2024 16:00,Wind,0.816
4/17/2024 17:00,Wind,0.841
4/17/2024 18:00,Wind,0.848
4/17/2024 19:00,Wind,0.838
4/17/2024 20:00,Wind,0.757
4/17/2024 21:00,Wind,0.684
4/17/2024 22:00,Wind,0.592
4/17/2024 23:00,Wind,0.533
4/18/2024 0:00,Wind,0.42
4/18/2024 1:00,Wind,0.339
4/18/2024 2:00,Wind,0.315
4/18/2024 3:00,Wind,0.273
4/18/2024 4:00,Wind,0.222
4/18/2024 5:00,Wind,0.189
4/18/2024 6:00,Wind,0.208
4/18/2024 7:00,Wind,0.214
4/18/2024 8:00,Wind,0.194
4/18/2024 9:00,Wind,0.146
4/18/2024 10:00,Wind,0.147
4/18/2024 11:00,Wind,0.16
4/18/2024 12:00,Wind,0.156
4/18/2024 13:00,Wind,0.149
4/18/2024 14:00,Wind,0.244
4/18/2024 15:00,Wind,0.276
4/18/2024 16:00,Wind,0.309
4/18/2024 17:00,Wind,0.251
4/18/2024 18:00,Wind,0.193
4/18/2024 19:00,Wind,0.299
4/18/2024 20:00,Wind,0.398
4/18/2024 21:00,Wind,0.477
4/18/2024 22:00,Wind,0.588
4/18/2024 23:00,Wind,0.615
4/19/2024 0:00,Wind,0.592
4/19/2024 1:00,Wind,0.605
4/19/2024 2:00,Wind,0.635
4/19/2024 3:00,Wind,0.659
4/19/2024 4:00,Wind,0.683
4/19/2024 5:00,Wind,0.685
4/19/2024 6:00,Wind,0.761
4/19/2024 7:00,Wind,0.707
4/19/2024 8:00,Wind,0.606
4/19/2024 9:00,Wind,0.516
4/19/2024 10:00,Wind,0.549
4/19/2024 11:00,Wind,0.575
4/19/2024 12:00,Wind,0.56
4/19/2024 13:00,Wind,0.58
4/19/2024 14:00,Wind,0.614
4/19/2024 15:00,Wind,0.635
4/19/2024 16:00,Wind,0.61
4/19/2024 17:00,Wind,0.57
4/19/2024 18:00,Wind,0.508
4/19/2024 19:00,Wind,0.443
4/19/2024 20:00,Wind,0.371
4/19/2024 21:00,Wind,0.355
4/19/2024 22:00,Wind,0.4
4/19/2024 23:00,Wind,0.467
4/20/2024 0:00,Wind,0.525
4/20/2024 1:00,Wind,0.542
4/20/2024 2:00,Wind,0.536
4/20/2024 3:00,Wind,0.514
4/20/2024 4:00,Wind,0.517
4/20/2024 5:00,Wind,0.494
4/20/2024 6:00,Wind,0.536
4/20/2024 7:00,Wind,0.521
4/20/2024 8:00,Wind,0.49
4/20/2024 9:00,Wind,0.644
4/20/2024 10:00,Wind,0.681
4/20/2024 11:00,Wind,0.636
4/20/2024 12:00,Wind,0.599
4/20/2024 13:00,Wind,0.612
4/20/2024 14:00,Wind,0.656
4/20/2024 15:00,Wind,0.672
4/20/2024 16:00,Wind,0.674
4/20/2024 17:00,Wind,0.681
4/20/2024 18:00,Wind,0.685
4/20/2024 19:00,Wind,0.629
4/20/2024 20:00,Wind,0.509
4/20/2024 21:00,Wind,0.452
4/20/2024 22:00,Wind,0.331
4/20/2024 23:00,Wind,0.219
4/21/2024 0:00,Wind,0.184
4/21/2024 1:00,Wind,0.167
4/21/2024 2:00,Wind,0.113
4/21/2024 3:00,Wind,0.107
4/21/2024 4:00,Wind,0.093
4/21/2024 5:00,Wind,0.095
4/21/2024 6:00,Wind,0.089
4/21/2024 7:00,Wind,0.096
4/21/2024 8:00,Wind,0.087
4/21/2024 9:00,Wind,0.066
4/21/2024 10:00,Wind,0.067
4/21/2024 11:00,Wind,0.096
4/21/2024 12:00,Wind,0.166
4/21/2024 13:00,Wind,0.245
4/21/2024 14:00,Wind,0.308
4/21/2024 15:00,Wind,0.357
4/21/2024 16:00,Wind,0.399
4/21/2024 17:00,Wind,0.427
4/21/2024 18:00,Wind,0.442
4/21/2024 19:00,Wind,0.416
4/21/2024 20:00,Wind,0.327
4/21/2024 21:00,Wind,0.261
4/21/2024 22:00,Wind,0.226
4/21/2024 23:00,Wind,0.209
4/22/2024 0:00,Wind,0.191
4/22/2024 1:00,Wind,0.194
4/22/2024 2:00,Wind,0.172
4/22/2024 3:00,Wind,0.183
4/22/2024 4:00,Wind,0.198
4/22/2024 5:00,Wind,0.18
4/22/2024 6:00,Wind,0.195
4/22/2024 7:00,Wind,0.211
4/22/2024 8:00,Wind,0.209
4/22/2024 9:00,Wind,0.146
4/22/2024 10:00,Wind,0.158
4/22/2024 11:00,Wind,0.283
4/22/2024 12:00,Wind,0.433
4/22/2024 13:00,Wind,0.513
4/22/2024 14:00,Wind,0.559
4/22/2024 15:00,Wind,0.6
4/22/2024 16:00,Wind,0.642
4/22/2024 17:00,Wind,0.657
4/22/2024 18:00,Wind,0.676
4/22/2024 19:00,Wind,0.654
4/22/2024 20:00,Wind,0.61
4/22/2024 21:00,Wind,0.62
4/22/2024 22:00,Wind,0.659
4/22/2024 23:00,Wind,0.697
4/23/2024 0:00,Wind,0.703
4/23/2024 1:00,Wind,0.688
4/23/2024 2:00,Wind,0.739
4/23/2024 3:00,Wind,0.738
4/23/2024 4:00,Wind,0.733
4/23/2024 5:00,Wind,0.763
4/23/2024 6:00,Wind,0.818
4/23/2024 7:00,Wind,0.789
4/23/2024 8:00,Wind,0.784
4/23/2024 9:00,Wind,0.771
4/23/2024 10:00,Wind,0.736
4/23/2024 11:00,Wind,0.681
4/23/2024 12:00,Wind,0.627
4/23/2024 13:00,Wind,0.523
4/23/2024 14:00,Wind,0.522
4/23/2024 15:00,Wind,0.565
4/23/2024 16:00,Wind,0.668
4/23/2024 17:00,Wind,0.694
4/23/2024 18:00,Wind,0.643
4/23/2024 19:00,Wind,0.583
4/23/2024 20:00,Wind,0.568
4/23/2024 21:00,Wind,0.591
4/23/2024 22:00,Wind,0.589
4/23/2024 23:00,Wind,0.611
4/24/2024 0:00,Wind,0.602
4/24/2024 1:00,Wind,0.531
4/24/2024 2:00,Wind,0.549
4/24/2024 3:00,Wind,0.578
4/24/2024 4:00,Wind,0.578
4/24/2024 5:00,Wind,0.575
4/24/2024 6:00,Wind,0.564
4/24/2024 7:00,Wind,0.519
4/24/2024 8:00,Wind,0.519
4/24/2024 9:00,Wind,0.497
4/24/2024 10:00,Wind,0.449
4/24/2024 11:00,Wind,0.373
4/24/2024 12:00,Wind,0.322
4/24/2024 13:00,Wind,0.282
4/24/2024 14:00,Wind,0.248
4/24/2024 15:00,Wind,0.219
4/24/2024 16:00,Wind,0.201
4/24/2024 17:00,Wind,0.171
4/24/2024 18:00,Wind,0.141
4/24/2024 19:00,Wind,0.133
4/24/2024 20:00,Wind,0.152
4/24/2024 21:00,Wind,0.213
4/24/2024 22:00,Wind,0.293
4/24/2024 23:00,Wind,0.288
4/25/2024 0:00,Wind,0.254
4/25/2024 1:00,Wind,0.205
4/25/2024 2:00,Wind,0.158
4/25/2024 3:00,Wind,0.116
4/25/2024 4:00,Wind,0.119
4/25/2024 5:00,Wind,0.144
4/25/2024 6:00,Wind,0.16
4/25/2024 7:00,Wind,0.166
4/25/2024 8:00,Wind,0.137
4/25/2024 9:00,Wind,0.075
4/25/2024 10:00,Wind,0.121
4/25/2024 11:00,Wind,0.14
4/25/2024 12:00,Wind,0.13
4/25/2024 13:00,Wind,0.116
4/25/2024 14:00,Wind,0.127
4/25/2024 15:00,Wind,0.145
4/25/2024 16:00,Wind,0.147
4/25/2024 17:00,Wind,0.155
4/25/2024 18:00,Wind,0.177
4/25/2024 19:00,Wind,0.224
4/25/2024 20:00,Wind,0.284
4/25/2024 21:00,Wind,0.417
4/25/2024 22:00,Wind,0.549
4/25/2024 23:00,Wind,0.601
4/26/2024 0:00,Wind,0.594
4/26/2024 1:00,Wind,0.58
4/26/2024 2:00,Wind,0.629
4/26/2024 3:00,Wind,0.66
4/26/2024 4:00,Wind,0.696
4/26/2024 5:00,Wind,0.712
4/26/2024 6:00,Wind,0.739
4/26/2024 7:00,Wind,0.72
4/26/2024 8:00,Wind,0.679
4/26/2024 9:00,Wind,0.679
4/26/2024 10:00,Wind,0.669
4/26/2024 11:00,Wind,0.696
4/26/2024 12:00,Wind,0.677
4/26/2024 13:00,Wind,0.64
4/26/2024 14:00,Wind,0.648
4/26/2024 15:00,Wind,0.664
4/26/2024 16:00,Wind,0.697
4/26/2024 17:00,Wind,0.735
4/26/2024 18:00,Wind,0.767
4/26/2024 19:00,Wind,0.782
4/26/2024 20:00,Wind,0.815
4/26/2024 21:00,Wind,0.855
4/26/2024 22:00,Wind,0.891
4/26/2024 23:00,Wind,0.896
4/27/2024 0:00,Wind,0.843
4/27/2024 1:00,Wind,0.77
4/27/2024 2:00,Wind,0.81
4/27/2024 3:00,Wind,0.858
4/27/2024 4:00,Wind,0.849
4/27/2024 5:00,Wind,0.84
4/27/2024 6:00,Wind,0.871
4/27/2024 7:00,Wind,0.897
4/27/2024 8:00,Wind,0.914
4/27/2024 9:00,Wind,0.917
4/27/2024 10:00,Wind,0.913
4/27/2024 11:00,Wind,0.907
4/27/2024 12:00,Wind,0.883
4/27/2024 13:00,Wind,0.86
4/27/2024 14:00,Wind,0.873
4/27/2024 15:00,Wind,0.864
4/27/2024 16:00,Wind,0.848
4/27/2024 17:00,Wind,0.862
4/27/2024 18:00,Wind,0.831
4/27/2024 19:00,Wind,0.774
4/27/2024 20:00,Wind,0.764
4/27/2024 21:00,Wind,0.722
4/27/2024 22:00,Wind,0.604
4/27/2024 23:00,Wind,0.53
4/28/2024 0:00,Wind,0.507
4/28/2024 1:00,Wind,0.441
4/28/2024 2:00,Wind,0.431
4/28/2024 3:00,Wind,0.469
4/28/2024 4:00,Wind,0.442
4/28/2024 5:00,Wind,0.448
4/28/2024 6:00,Wind,0.502
4/28/2024 7:00,Wind,0.492
4/28/2024 8:00,Wind,0.555
4/28/2024 9:00,Wind,0.597
4/28/2024 10:00,Wind,0.672
4/28/2024 11:00,Wind,0.735
4/28/2024 12:00,Wind,0.778
4/28/2024 13:00,Wind,0.801
4/28/2024 14:00,Wind,0.8
4/28/2024 15:00,Wind,0.775
4/28/2024 16:00,Wind,0.755
4/28/2024 17:00,Wind,0.777
4/28/2024 18:00,Wind,0.754
4/28/2024 19:00,Wind,0.626
4/28/2024 20:00,Wind,0.527
4/28/2024 21:00,Wind,0.513
4/28/2024 22:00,Wind,0.528
4/28/2024 23:00,Wind,0.526
4/29/2024 0:00,Wind,0.591
4/29/2024 1:00,Wind,0.621
4/29/2024 2:00,Wind,0.53
4/29/2024 3:00,Wind,0.42
4/29/2024 4:00,Wind,0.422
4/29/2024 5:00,Wind,0.39
4/29/2024 6:00,Wind,0.364
4/29/2024 7:00,Wind,0.433
4/29/2024 8:00,Wind,0.376
4/29/2024 9:00,Wind,0.432
4/29/2024 10:00,Wind,0.613
4/29/2024 11:00,Wind,0.612
4/29/2024 12:00,Wind,0.637
4/29/2024 13:00,Wind,0.607
4/29/2024 14:00,Wind,0.555
4/29/2024 15:00,Wind,0.489
4/29/2024 16:00,Wind,0.469
4/29/2024 17:00,Wind,0.409
4/29/2024 18:00,Wind,0.346
4/29/2024 19:00,Wind,0.326
4/29/2024 20:00,Wind,0.304
4/29/2024 21:00,Wind,0.283
4/29/2024 22:00,Wind,0.256
4/29/2024 23:00,Wind,0.193
4/30/2024 0:00,Wind,0.156
4/30/2024 1:00,Wind,0.141
4/30/2024 2:00,Wind,0.118
4/30/2024 3:00,Wind,0.098
4/30/2024 4:00,Wind,0.112
4/30/2024 5:00,Wind,0.156
4/30/2024 6:00,Wind,0.134
4/30/2024 7:00,Wind,0.098
4/30/2024 8:00,Wind,0.072
4/30/2024 9:00,Wind,0.073
4/30/2024 10:00,Wind,0.075
4/30/2024 11:00,Wind,0.091
4/30/2024 12:00,Wind,0.114
4/30/2024 13:00,Wind,0.14
4/30/2024 14:00,Wind,0.169
4/30/2024 15:00,Wind,0.196
4/30/2024 16:00,Wind,0.253
4/30/2024 17:00,Wind,0.287
4/30/2024 18:00,Wind,0.282
4/30/2024 19:00,Wind,0.273
4/30/2024 20:00,Wind,0.316
4/30/2024 21:00,Wind,0.395
4/30/2024 22:00,Wind,0.487
4/30/2024 23:00,Wind,0.545
5/1/2024 0:00,Wind,0.593
5/1/2024 1:00,Wind,0.622
5/1/2024 2:00,Wind,0.588
5/1/2024 3:00,Wind,0.595
5/1/2024 4:00,Wind,0.549
5/1/2024 5:00,Wind,0.53
5/1/2024 6:00,Wind,0.556
5/1/2024 7:00,Wind,0.524
5/1/2024 8:00,Wind,0.415
5/1/2024 9:00,Wind,0.366
5/1/2024 10:00,Wind,0.378
5/1/2024 11:00,Wind,0.433
5/1/2024 12:00,Wind,0.43
5/1/2024 13:00,Wind,0.414
5/1/2024 14:00,Wind,0.394
5/1/2024 15:00,Wind,0.396
5/1/2024 16:00,Wind,0.343
5/1/2024 17:00,Wind,0.253
5/1/2024 18:00,Wind,0.17
5/1/2024 19:00,Wind,0.105
5/1/2024 20:00,Wind,0.076
5/1/2024 21:00,Wind,0.096
5/1/2024 22:00,Wind,0.125
5/1/2024 23:00,Wind,0.135
5/2/2024 0:00,Wind,0.138
5/2/2024 1:00,Wind,0.158
5/2/2024 2:00,Wind,0.197
5/2/2024 3:00,Wind,0.269
5/2/2024 4:00,Wind,0.364
5/2/2024 5:00,Wind,0.497
5/2/2024 6:00,Wind,0.608
5/2/2024 7:00,Wind,0.618
5/2/2024 8:00,Wind,0.576
5/2/2024 9:00,Wind,0.506
5/2/2024 10:00,Wind,0.442
5/2/2024 11:00,Wind,0.391
5/2/2024 12:00,Wind,0.385
5/2/2024 13:00,Wind,0.428
5/2/2024 14:00,Wind,0.455
5/2/2024 15:00,Wind,0.398
5/2/2024 16:00,Wind,0.379
5/2/2024 17:00,Wind,0.336
5/2/2024 18:00,Wind,0.268
5/2/2024 19:00,Wind,0.237
5/2/2024 20:00,Wind,0.275
5/2/2024 21:00,Wind,0.341
5/2/2024 22:00,Wind,0.369
5/2/2024 23:00,Wind,0.291
5/3/2024 0:00,Wind,0.173
5/3/2024 1:00,Wind,0.207
5/3/2024 2:00,Wind,0.234
5/3/2024 3:00,Wind,0.242
5/3/2024 4:00,Wind,0.269
5/3/2024 5:00,Wind,0.259
5/3/2024 6:00,Wind,0.226
5/3/2024 7:00,Wind,0.224
5/3/2024 8:00,Wind,0.167
5/3/2024 9:00,Wind,0.147
5/3/2024 10:00,Wind,0.125
5/3/2024 11:00,Wind,0.104
5/3/2024 12:00,Wind,0.087
5/3/2024 13:00,Wind,0.082
5/3/2024 14:00,Wind,0.141
5/3/2024 15:00,Wind,0.145
5/3/2024 16:00,Wind,0.148
5/3/2024 17:00,Wind,0.163
5/3/2024 18:00,Wind,0.167
5/3/2024 19:00,Wind,0.159
5/3/2024 20:00,Wind,0.206
5/3/2024 21:00,Wind,0.277
5/3/2024 22:00,Wind,0.307
5/3/2024 23:00,Wind,0.299
5/4/2024 0:00,Wind,0.279
5/4/2024 1:00,Wind,0.274
5/4/2024 2:00,Wind,0.259
5/4/2024 3:00,Wind,0.23
5/4/2024 4:00,Wind,0.22
5/4/2024 5:00,Wind,0.247
5/4/2024 6:00,Wind,0.26
5/4/2024 7:00,Wind,0.246
5/4/2024 8:00,Wind,0.225
5/4/2024 9:00,Wind,0.183
5/4/2024 10:00,Wind,0.163
5/4/2024 11:00,Wind,0.155
5/4/2024 12:00,Wind,0.169
5/4/2024 13:00,Wind,0.221
5/4/2024 14:00,Wind,0.245
5/4/2024 15:00,Wind,0.275
5/4/2024 16:00,Wind,0.326
5/4/2024 17:00,Wind,0.367
5/4/2024 18:00,Wind,0.353
5/4/2024 19:00,Wind,0.448
5/4/2024 20:00,Wind,0.43
5/4/2024 21:00,Wind,0.486
5/4/2024 22:00,Wind,0.58
5/4/2024 23:00,Wind,0.594
5/5/2024 0:00,Wind,0.541
5/5/2024 1:00,Wind,0.506
5/5/2024 2:00,Wind,0.482
5/5/2024 3:00,Wind,0.459
5/5/2024 4:00,Wind,0.43
5/5/2024 5:00,Wind,0.388
5/5/2024 6:00,Wind,0.354
5/5/2024 7:00,Wind,0.323
5/5/2024 8:00,Wind,0.282
5/5/2024 9:00,Wind,0.252
5/5/2024 10:00,Wind,0.202
5/5/2024 11:00,Wind,0.135
5/5/2024 12:00,Wind,0.093
5/5/2024 13:00,Wind,0.086
5/5/2024 14:00,Wind,0.097
5/5/2024 15:00,Wind,0.096
5/5/2024 16:00,Wind,0.098
5/5/2024 17:00,Wind,0.085
5/5/2024 18:00,Wind,0.078
5/5/2024 19:00,Wind,0.08
5/5/2024 20:00,Wind,0.115
5/5/2024 21:00,Wind,0.14
5/5/2024 22:00,Wind,0.188
5/5/2024 23:00,Wind,0.199
5/6/2024 0:00,Wind,0.217
5/6/2024 1:00,Wind,0.231
5/6/2024 2:00,Wind,0.231
5/6/2024 3:00,Wind,0.21
5/6/2024 4:00,Wind,0.193
5/6/2024 5:00,Wind,0.2
5/6/2024 6:00,Wind,0.199
5/6/2024 7:00,Wind,0.181
5/6/2024 8:00,Wind,0.146
5/6/2024 9:00,Wind,0.117
5/6/2024 10:00,Wind,0.111
5/6/2024 11:00,Wind,0.129
5/6/2024 12:00,Wind,0.134
5/6/2024 13:00,Wind,0.135
5/6/2024 14:00,Wind,0.137
5/6/2024 15:00,Wind,0.149
5/6/2024 16:00,Wind,0.161
5/6/2024 17:00,Wind,0.172
5/6/2024 18:00,Wind,0.202
5/6/2024 19:00,Wind,0.189
5/6/2024 20:00,Wind,0.191
5/6/2024 21:00,Wind,0.23
5/6/2024 22:00,Wind,0.271
5/6/2024 23:00,Wind,0.311
5/7/2024 0:00,Wind,0.37
5/7/2024 1:00,Wind,0.403
5/7/2024 2:00,Wind,0.428
5/7/2024 3:00,Wind,0.429
5/7/2024 4:00,Wind,0.451
5/7/2024 5:00,Wind,0.483
5/7/2024 6:00,Wind,0.522
5/7/2024 7:00,Wind,0.488
5/7/2024 8:00,Wind,0.327
5/7/2024 9:00,Wind,0.22
5/7/2024 10:00,Wind,0.266
5/7/2024 11:00,Wind,0.332
5/7/2024 12:00,Wind,0.412
5/7/2024 13:00,Wind,0.48
5/7/2024 14:00,Wind,0.526
5/7/2024 15:00,Wind,0.586
5/7/2024 16:00,Wind,0.594
5/7/2024 17:00,Wind,0.548
5/7/2024 18:00,Wind,0.464
5/7/2024 19:00,Wind,0.368
5/7/2024 20:00,Wind,0.264
5/7/2024 21:00,Wind,0.224
5/7/2024 22:00,Wind,0.293
5/7/2024 23:00,Wind,0.326
5/8/2024 0:00,Wind,0.337
5/8/2024 1:00,Wind,0.325
5/8/2024 2:00,Wind,0.249
5/8/2024 3:00,Wind,0.229
5/8/2024 4:00,Wind,0.225
5/8/2024 5:00,Wind,0.238
5/8/2024 6:00,Wind,0.219
5/8/2024 7:00,Wind,0.216
5/8/2024 8:00,Wind,0.226
5/8/2024 9:00,Wind,0.215
5/8/2024 10:00,Wind,0.222
5/8/2024 11:00,Wind,0.211
5/8/2024 12:00,Wind,0.188
5/8/2024 13:00,Wind,0.234
5/8/2024 14:00,Wind,0.293
5/8/2024 15:00,Wind,0.342
5/8/2024 16:00,Wind,0.389
5/8/2024 17:00,Wind,0.379
5/8/2024 18:00,Wind,0.295
5/8/2024 19:00,Wind,0.224
5/8/2024 20:00,Wind,0.2
5/8/2024 21:00,Wind,0.278
5/8/2024 22:00,Wind,0.375
5/8/2024 23:00,Wind,0.415
5/9/2024 0:00,Wind,0.39
5/9/2024 1:00,Wind,0.374
5/9/2024 2:00,Wind,0.431
5/9/2024 3:00,Wind,0.378
5/9/2024 4:00,Wind,0.299
5/9/2024 5:00,Wind,0.294
5/9/2024 6:00,Wind,0.284
5/9/2024 7:00,Wind,0.318
5/9/2024 8:00,Wind,0.398
5/9/2024 9:00,Wind,0.444
5/9/2024 10:00,Wind,0.433
5/9/2024 11:00,Wind,0.408
5/9/2024 12:00,Wind,0.372
5/9/2024 13:00,Wind,0.382
5/9/2024 14:00,Wind,0.396
5/9/2024 15:00,Wind,0.433
5/9/2024 16:00,Wind,0.501
5/9/2024 17:00,Wind,0.543
5/9/2024 18:00,Wind,0.585
5/9/2024 19:00,Wind,0.547
5/9/2024 20:00,Wind,0.449
5/9/2024 21:00,Wind,0.377
5/9/2024 22:00,Wind,0.324
5/9/2024 23:00,Wind,0.272
5/10/2024 0:00,Wind,0.237
5/10/2024 1:00,Wind,0.213
5/10/2024 2:00,Wind,0.206
5/10/2024 3:00,Wind,0.166
5/10/2024 4:00,Wind,0.136
5/10/2024 5:00,Wind,0.148
5/10/2024 6:00,Wind,0.148
5/10/2024 7:00,Wind,0.155
5/10/2024 8:00,Wind,0.139
5/10/2024 9:00,Wind,0.1
5/10/2024 10:00,Wind,0.104
5/10/2024 11:00,Wind,0.14
5/10/2024 12:00,Wind,0.175
5/10/2024 13:00,Wind,0.186
5/10/2024 14:00,Wind,0.195
5/10/2024 15:00,Wind,0.235
5/10/2024 16:00,Wind,0.282
5/10/2024 17:00,Wind,0.303
5/10/2024 18:00,Wind,0.296
5/10/2024 19:00,Wind,0.237
5/10/2024 20:00,Wind,0.18
5/10/2024 21:00,Wind,0.215
5/10/2024 22:00,Wind,0.294
5/10/2024 23:00,Wind,0.41
5/11/2024 0:00,Wind,0.494
5/11/2024 1:00,Wind,0.565
5/11/2024 2:00,Wind,0.542
5/11/2024 3:00,Wind,0.512
5/11/2024 4:00,Wind,0.473
5/11/2024 5:00,Wind,0.466
5/11/2024 6:00,Wind,0.429
5/11/2024 7:00,Wind,0.454
5/11/2024 8:00,Wind,0.422
5/11/2024 9:00,Wind,0.472
5/11/2024 10:00,Wind,0.597
5/11/2024 11:00,Wind,0.684
5/11/2024 12:00,Wind,0.74
5/11/2024 13:00,Wind,0.782
5/11/2024 14:00,Wind,0.773
5/11/2024 15:00,Wind,0.778
5/11/2024 16:00,Wind,0.771
5/11/2024 17:00,Wind,0.725
5/11/2024 18:00,Wind,0.681
5/11/2024 19:00,Wind,0.542
5/11/2024 20:00,Wind,0.324
5/11/2024 21:00,Wind,0.207
5/11/2024 22:00,Wind,0.152
5/11/2024 23:00,Wind,0.143
5/12/2024 0:00,Wind,0.145
5/12/2024 1:00,Wind,0.15
5/12/2024 2:00,Wind,0.159
5/12/2024 3:00,Wind,0.167
5/12/2024 4:00,Wind,0.156
5/12/2024 5:00,Wind,0.174
5/12/2024 6:00,Wind,0.201
5/12/2024 7:00,Wind,0.244
5/12/2024 8:00,Wind,0.284
5/12/2024 9:00,Wind,0.259
5/12/2024 10:00,Wind,0.267
5/12/2024 11:00,Wind,0.293
5/12/2024 12:00,Wind,0.308
5/12/2024 13:00,Wind,0.362
5/12/2024 14:00,Wind,0.414
5/12/2024 15:00,Wind,0.393
5/12/2024 16:00,Wind,0.356
5/12/2024 17:00,Wind,0.365
5/12/2024 18:00,Wind,0.415
5/12/2024 19:00,Wind,0.444
5/12/2024 20:00,Wind,0.456
5/12/2024 21:00,Wind,0.535
5/12/2024 22:00,Wind,0.614
5/12/2024 23:00,Wind,0.66
5/13/2024 0:00,Wind,0.681
5/13/2024 1:00,Wind,0.688
5/13/2024 2:00,Wind,0.654
5/13/2024 3:00,Wind,0.64
5/13/2024 4:00,Wind,0.619
5/13/2024 5:00,Wind,0.535
5/13/2024 6:00,Wind,0.452
5/13/2024 7:00,Wind,0.388
5/13/2024 8:00,Wind,0.244
5/13/2024 9:00,Wind,0.138
5/13/2024 10:00,Wind,0.141
5/13/2024 11:00,Wind,0.163
5/13/2024 12:00,Wind,0.208
5/13/2024 13:00,Wind,0.265
5/13/2024 14:00,Wind,0.296
5/13/2024 15:00,Wind,0.347
5/13/2024 16:00,Wind,0.382
5/13/2024 17:00,Wind,0.314
5/13/2024 18:00,Wind,0.264
5/13/2024 19:00,Wind,0.186
5/13/2024 20:00,Wind,0.19
5/13/2024 21:00,Wind,0.272
5/13/2024 22:00,Wind,0.247
5/13/2024 23:00,Wind,0.238
5/14/2024 0:00,Wind,0.254
5/14/2024 1:00,Wind,0.257
5/14/2024 2:00,Wind,0.225
5/14/2024 3:00,Wind,0.208
5/14/2024 4:00,Wind,0.194
5/14/2024 5:00,Wind,0.176
5/14/2024 6:00,Wind,0.175
5/14/2024 7:00,Wind,0.169
5/14/2024 8:00,Wind,0.155
5/14/2024 9:00,Wind,0.162
5/14/2024 10:00,Wind,0.172
5/14/2024 11:00,Wind,0.184
5/14/2024 12:00,Wind,0.204
5/14/2024 13:00,Wind,0.205
5/14/2024 14:00,Wind,0.224
5/14/2024 15:00,Wind,0.244
5/14/2024 16:00,Wind,0.276
5/14/2024 17:00,Wind,0.314
5/14/2024 18:00,Wind,0.374
5/14/2024 19:00,Wind,0.41
5/14/2024 20:00,Wind,0.386
5/14/2024 21:00,Wind,0.355
5/14/2024 22:00,Wind,0.347
5/14/2024 23:00,Wind,0.335
5/15/2024 0:00,Wind,0.334
5/15/2024 1:00,Wind,0.303
5/15/2024 2:00,Wind,0.3
5/15/2024 3:00,Wind,0.301
5/15/2024 4:00,Wind,0.298
5/15/2024 5:00,Wind,0.291
5/15/2024 6:00,Wind,0.291
5/15/2024 7:00,Wind,0.314
5/15/2024 8:00,Wind,0.264
5/15/2024 9:00,Wind,0.241
5/15/2024 10:00,Wind,0.208
5/15/2024 11:00,Wind,0.183
5/15/2024 12:00,Wind,0.185
5/15/2024 13:00,Wind,0.175
5/15/2024 14:00,Wind,0.137
5/15/2024 15:00,Wind,0.109
5/15/2024 16:00,Wind,0.083
5/15/2024 17:00,Wind,0.069
5/15/2024 18:00,Wind,0.071
5/15/2024 19:00,Wind,0.081
5/15/2024 20:00,Wind,0.085
5/15/2024 21:00,Wind,0.103
5/15/2024 22:00,Wind,0.13
5/15/2024 23:00,Wind,0.164
5/16/2024 0:00,Wind,0.187
5/16/2024 1:00,Wind,0.156
5/16/2024 2:00,Wind,0.136
5/16/2024 3:00,Wind,0.109
5/16/2024 4:00,Wind,0.104
5/16/2024 5:00,Wind,0.104
5/16/2024 6:00,Wind,0.12
5/16/2024 7:00,Wind,0.129
5/16/2024 8:00,Wind,0.121
5/16/2024 9:00,Wind,0.077
5/16/2024 10:00,Wind,0.105
5/16/2024 11:00,Wind,0.169
5/16/2024 12:00,Wind,0.209
5/16/2024 13:00,Wind,0.256
5/16/2024 14:00,Wind,0.297
5/16/2024 15:00,Wind,0.265
5/16/2024 16:00,Wind,0.229
5/16/2024 17:00,Wind,0.174
5/16/2024 18:00,Wind,0.155
5/16/2024 19:00,Wind,0.094
5/16/2024 20:00,Wind,0.086
5/16/2024 21:00,Wind,0.111
5/16/2024 22:00,Wind,0.119
5/16/2024 23:00,Wind,0.116
5/17/2024 0:00,Wind,0.11
5/17/2024 1:00,Wind,0.122
5/17/2024 2:00,Wind,0.112
5/17/2024 3:00,Wind,0.081
5/17/2024 4:00,Wind,0.064
5/17/2024 5:00,Wind,0.048
5/17/2024 6:00,Wind,0.052
5/17/2024 7:00,Wind,0.052
5/17/2024 8:00,Wind,0.038
5/17/2024 9:00,Wind,0.032
5/17/2024 10:00,Wind,0.027
5/17/2024 11:00,Wind,0.02
5/17/2024 12:00,Wind,0.017
5/17/2024 13:00,Wind,0.025
5/17/2024 14:00,Wind,0.042
5/17/2024 15:00,Wind,0.054
5/17/2024 16:00,Wind,0.052
5/17/2024 17:00,Wind,0.053
5/17/2024 18:00,Wind,0.05
5/17/2024 19:00,Wind,0.06
5/17/2024 20:00,Wind,0.064
5/17/2024 21:00,Wind,0.074
5/17/2024 22:00,Wind,0.066
5/17/2024 23:00,Wind,0.1
5/18/2024 0:00,Wind,0.157
5/18/2024 1:00,Wind,0.16
5/18/2024 2:00,Wind,0.166
5/18/2024 3:00,Wind,0.168
5/18/2024 4:00,Wind,0.147
5/18/2024 5:00,Wind,0.128
5/18/2024 6:00,Wind,0.108
5/18/2024 7:00,Wind,0.087
5/18/2024 8:00,Wind,0.054
5/18/2024 9:00,Wind,0.024
5/18/2024 10:00,Wind,0.03
5/18/2024 11:00,Wind,0.045
5/18/2024 12:00,Wind,0.054
5/18/2024 13:00,Wind,0.071
5/18/2024 14:00,Wind,0.093
5/18/2024 15:00,Wind,0.114
5/18/2024 16:00,Wind,0.134
5/18/2024 17:00,Wind,0.147
5/18/2024 18:00,Wind,0.156
5/18/2024 19:00,Wind,0.163
5/18/2024 20:00,Wind,0.154
5/18/2024 21:00,Wind,0.151
5/18/2024 22:00,Wind,0.168
5/18/2024 23:00,Wind,0.189
5/19/2024 0:00,Wind,0.218
5/19/2024 1:00,Wind,0.239
5/19/2024 2:00,Wind,0.236
5/19/2024 3:00,Wind,0.222
5/19/2024 4:00,Wind,0.203
5/19/2024 5:00,Wind,0.209
5/19/2024 6:00,Wind,0.214
5/19/2024 7:00,Wind,0.186
5/19/2024 8:00,Wind,0.155
5/19/2024 9:00,Wind,0.138
5/19/2024 10:00,Wind,0.14
5/19/2024 11:00,Wind,0.106
5/19/2024 12:00,Wind,0.075
5/19/2024 13:00,Wind,0.048
5/19/2024 14:00,Wind,0.04
5/19/2024 15:00,Wind,0.046
5/19/2024 16:00,Wind,0.068
5/19/2024 17:00,Wind,0.104
5/19/2024 18:00,Wind,0.149
5/19/2024 19:00,Wind,0.148
5/19/2024 20:00,Wind,0.149
5/19/2024 21:00,Wind,0.178
5/19/2024 22:00,Wind,0.264
5/19/2024 23:00,Wind,0.288
5/20/2024 0:00,Wind,0.288
5/20/2024 1:00,Wind,0.265
5/20/2024 2:00,Wind,0.278
5/20/2024 3:00,Wind,0.239
5/20/2024 4:00,Wind,0.246
5/20/2024 5:00,Wind,0.239
5/20/2024 6:00,Wind,0.207
5/20/2024 7:00,Wind,0.244
5/20/2024 8:00,Wind,0.261
5/20/2024 9:00,Wind,0.293
5/20/2024 10:00,Wind,0.42
5/20/2024 11:00,Wind,0.526
5/20/2024 12:00,Wind,0.549
5/20/2024 13:00,Wind,0.558
5/20/2024 14:00,Wind,0.542
5/20/2024 15:00,Wind,0.535
5/20/2024 16:00,Wind,0.484
5/20/2024 17:00,Wind,0.441
5/20/2024 18:00,Wind,0.41
5/20/2024 19:00,Wind,0.356
5/20/2024 20:00,Wind,0.243
5/20/2024 21:00,Wind,0.199
5/20/2024 22:00,Wind,0.213
5/20/2024 23:00,Wind,0.191
5/21/2024 0:00,Wind,0.16
5/21/2024 1:00,Wind,0.171
5/21/2024 2:00,Wind,0.201
5/21/2024 3:00,Wind,0.237
5/21/2024 4:00,Wind,0.253
5/21/2024 5:00,Wind,0.203
5/21/2024 6:00,Wind,0.222
5/21/2024 7:00,Wind,0.26
5/21/2024 8:00,Wind,0.235
5/21/2024 9:00,Wind,0.236
5/21/2024 10:00,Wind,0.376
5/21/2024 11:00,Wind,0.548
5/21/2024 12:00,Wind,0.569
5/21/2024 13:00,Wind,0.568
5/21/2024 14:00,Wind,0.587
5/21/2024 15:00,Wind,0.594
5/21/2024 16:00,Wind,0.614
5/21/2024 17:00,Wind,0.614
5/21/2024 18:00,Wind,0.607
5/21/2024 19:00,Wind,0.606
5/21/2024 20:00,Wind,0.63
5/21/2024 21:00,Wind,0.68
5/21/2024 22:00,Wind,0.711
5/21/2024 23:00,Wind,0.678
5/22/2024 0:00,Wind,0.67
5/22/2024 1:00,Wind,0.714
5/22/2024 2:00,Wind,0.739
5/22/2024 3:00,Wind,0.747
5/22/2024 4:00,Wind,0.744
5/22/2024 5:00,Wind,0.688
5/22/2024 6:00,Wind,0.64
5/22/2024 7:00,Wind,0.596
5/22/2024 8:00,Wind,0.593
5/22/2024 9:00,Wind,0.589
5/22/2024 10:00,Wind,0.557
5/22/2024 11:00,Wind,0.598
5/22/2024 12:00,Wind,0.622
5/22/2024 13:00,Wind,0.654
5/22/2024 14:00,Wind,0.668
5/22/2024 15:00,Wind,0.649
5/22/2024 16:00,Wind,0.643
5/22/2024 17:00,Wind,0.653
5/22/2024 18:00,Wind,0.608
5/22/2024 19:00,Wind,0.48
5/22/2024 20:00,Wind,0.32
5/22/2024 21:00,Wind,0.227
5/22/2024 22:00,Wind,0.208
5/22/2024 23:00,Wind,0.194
5/23/2024 0:00,Wind,0.192
5/23/2024 1:00,Wind,0.198
5/23/2024 2:00,Wind,0.197
5/23/2024 3:00,Wind,0.169
5/23/2024 4:00,Wind,0.156
5/23/2024 5:00,Wind,0.127
5/23/2024 6:00,Wind,0.096
5/23/2024 7:00,Wind,0.079
5/23/2024 8:00,Wind,0.054
5/23/2024 9:00,Wind,0.038
5/23/2024 10:00,Wind,0.041
5/23/2024 11:00,Wind,0.051
5/23/2024 12:00,Wind,0.054
5/23/2024 13:00,Wind,0.048
5/23/2024 14:00,Wind,0.052
5/23/2024 15:00,Wind,0.064
5/23/2024 16:00,Wind,0.084
5/23/2024 17:00,Wind,0.079
5/23/2024 18:00,Wind,0.047
5/23/2024 19:00,Wind,0.024
5/23/2024 20:00,Wind,0.025
5/23/2024 21:00,Wind,0.038
5/23/2024 22:00,Wind,0.081
5/23/2024 23:00,Wind,0.188
5/24/2024 0:00,Wind,0.271
5/24/2024 1:00,Wind,0.269
5/24/2024 2:00,Wind,0.244
5/24/2024 3:00,Wind,0.215
5/24/2024 4:00,Wind,0.191
5/24/2024 5:00,Wind,0.173
5/24/2024 6:00,Wind,0.184
5/24/2024 7:00,Wind,0.189
5/24/2024 8:00,Wind,0.167
5/24/2024 9:00,Wind,0.178
5/24/2024 10:00,Wind,0.216
5/24/2024 11:00,Wind,0.259
5/24/2024 12:00,Wind,0.31
5/24/2024 13:00,Wind,0.342
5/24/2024 14:00,Wind,0.344
5/24/2024 15:00,Wind,0.372
5/24/2024 16:00,Wind,0.46
5/24/2024 17:00,Wind,0.517
5/24/2024 18:00,Wind,0.529
5/24/2024 19:00,Wind,0.507
5/24/2024 20:00,Wind,0.542
5/24/2024 21:00,Wind,0.494
5/24/2024 22:00,Wind,0.477
5/24/2024 23:00,Wind,0.371
5/25/2024 0:00,Wind,0.273
5/25/2024 1:00,Wind,0.317
5/25/2024 2:00,Wind,0.321
5/25/2024 3:00,Wind,0.312
5/25/2024 4:00,Wind,0.301
5/25/2024 5:00,Wind,0.252
5/25/2024 6:00,Wind,0.262
5/25/2024 7:00,Wind,0.245
5/25/2024 8:00,Wind,0.199
5/25/2024 9:00,Wind,0.174
5/25/2024 10:00,Wind,0.12
5/25/2024 11:00,Wind,0.082
5/25/2024 12:00,Wind,0.05
5/25/2024 13:00,Wind,0.043
5/25/2024 14:00,Wind,0.041
5/25/2024 15:00,Wind,0.039
5/25/2024 16:00,Wind,0.044
5/25/2024 17:00,Wind,0.07
5/25/2024 18:00,Wind,0.053
5/25/2024 19:00,Wind,0.06
5/25/2024 20:00,Wind,0.096
5/25/2024 21:00,Wind,0.147
5/25/2024 22:00,Wind,0.203
5/25/2024 23:00,Wind,0.235
5/26/2024 0:00,Wind,0.309
5/26/2024 1:00,Wind,0.378
5/26/2024 2:00,Wind,0.41
5/26/2024 3:00,Wind,0.453
5/26/2024 4:00,Wind,0.535
5/26/2024 5:00,Wind,0.569
5/26/2024 6:00,Wind,0.592
5/26/2024 7:00,Wind,0.455
5/26/2024 8:00,Wind,0.354
5/26/2024 9:00,Wind,0.392
5/26/2024 10:00,Wind,0.438
5/26/2024 11:00,Wind,0.529
5/26/2024 12:00,Wind,0.423
5/26/2024 13:00,Wind,0.412
5/26/2024 14:00,Wind,0.389
5/26/2024 15:00,Wind,0.291
5/26/2024 16:00,Wind,0.282
5/26/2024 17:00,Wind,0.305
5/26/2024 18:00,Wind,0.309
5/26/2024 19:00,Wind,0.322
5/26/2024 20:00,Wind,0.288
5/26/2024 21:00,Wind,0.284
5/26/2024 22:00,Wind,0.332
5/26/2024 23:00,Wind,0.413
5/27/2024 0:00,Wind,0.528
5/27/2024 1:00,Wind,0.556
5/27/2024 2:00,Wind,0.554
5/27/2024 3:00,Wind,0.554
5/27/2024 4:00,Wind,0.561
5/27/2024 5:00,Wind,0.549
5/27/2024 6:00,Wind,0.581
5/27/2024 7:00,Wind,0.582
5/27/2024 8:00,Wind,0.634
5/27/2024 9:00,Wind,0.626
5/27/2024 10:00,Wind,0.656
5/27/2024 11:00,Wind,0.736
5/27/2024 12:00,Wind,0.726
5/27/2024 13:00,Wind,0.776
5/27/2024 14:00,Wind,0.792
5/27/2024 15:00,Wind,0.813
5/27/2024 16:00,Wind,0.787
5/27/2024 17:00,Wind,0.691
5/27/2024 18:00,Wind,0.654
5/27/2024 19:00,Wind,0.575
5/27/2024 20:00,Wind,0.483
5/27/2024 21:00,Wind,0.44
5/27/2024 22:00,Wind,0.361
5/27/2024 23:00,Wind,0.375
5/28/2024 0:00,Wind,0.313
5/28/2024 1:00,Wind,0.306
5/28/2024 2:00,Wind,0.307
5/28/2024 3:00,Wind,0.304
5/28/2024 4:00,Wind,0.337
5/28/2024 5:00,Wind,0.345
5/28/2024 6:00,Wind,0.34
5/28/2024 7:00,Wind,0.314
5/28/2024 8:00,Wind,0.24
5/28/2024 9:00,Wind,0.244
5/28/2024 10:00,Wind,0.246
5/28/2024 11:00,Wind,0.268
5/28/2024 12:00,Wind,0.323
5/28/2024 13:00,Wind,0.393
5/28/2024 14:00,Wind,0.496
5/28/2024 15:00,Wind,0.595
5/28/2024 16:00,Wind,0.652
5/28/2024 17:00,Wind,0.673
5/28/2024 18:00,Wind,0.678
5/28/2024 19:00,Wind,0.624
5/28/2024 20:00,Wind,0.521
5/28/2024 21:00,Wind,0.415
5/28/2024 22:00,Wind,0.353
5/28/2024 23:00,Wind,0.32
5/29/2024 0:00,Wind,0.32
5/29/2024 1:00,Wind,0.322
5/29/2024 2:00,Wind,0.31
5/29/2024 3:00,Wind,0.282
5/29/2024 4:00,Wind,0.305
5/29/2024 5:00,Wind,0.272
5/29/2024 6:00,Wind,0.245
5/29/2024 7:00,Wind,0.203
5/29/2024 8:00,Wind,0.158
5/29/2024 9:00,Wind,0.148
5/29/2024 10:00,Wind,0.164
5/29/2024 11:00,Wind,0.198
5/29/2024 12:00,Wind,0.246
5/29/2024 13:00,Wind,0.271
5/29/2024 14:00,Wind,0.257
5/29/2024 15:00,Wind,0.249
5/29/2024 16:00,Wind,0.263
5/29/2024 17:00,Wind,0.227
5/29/2024 18:00,Wind,0.242
5/29/2024 19:00,Wind,0.225
5/29/2024 20:00,Wind,0.207
5/29/2024 21:00,Wind,0.228
5/29/2024 22:00,Wind,0.225
5/29/2024 23:00,Wind,0.226
5/30/2024 0:00,Wind,0.227
5/30/2024 1:00,Wind,0.221
5/30/2024 2:00,Wind,0.215
5/30/2024 3:00,Wind,0.207
5/30/2024 4:00,Wind,0.201
5/30/2024 5:00,Wind,0.211
5/30/2024 6:00,Wind,0.227
5/30/2024 7:00,Wind,0.2
5/30/2024 8:00,Wind,0.116
5/30/2024 9:00,Wind,0.095
5/30/2024 10:00,Wind,0.108
5/30/2024 11:00,Wind,0.113
5/30/2024 12:00,Wind,0.123
5/30/2024 13:00,Wind,0.116
5/30/2024 14:00,Wind,0.104
5/30/2024 15:00,Wind,0.099
5/30/2024 16:00,Wind,0.109
5/30/2024 17:00,Wind,0.121
5/30/2024 18:00,Wind,0.13
5/30/2024 19:00,Wind,0.127
5/30/2024 20:00,Wind,0.131
5/30/2024 21:00,Wind,0.201
5/30/2024 22:00,Wind,0.266
5/30/2024 23:00,Wind,0.291
5/31/2024 0:00,Wind,0.324
5/31/2024 1:00,Wind,0.329
5/31/2024 2:00,Wind,0.321
5/31/2024 3:00,Wind,0.293
5/31/2024 4:00,Wind,0.272
5/31/2024 5:00,Wind,0.253
5/31/2024 6:00,Wind,0.256
5/31/2024 7:00,Wind,0.276
5/31/2024 8:00,Wind,0.216
5/31/2024 9:00,Wind,0.145
5/31/2024 10:00,Wind,0.137
5/31/2024 11:00,Wind,0.154
5/31/2024 12:00,Wind,0.148
5/31/2024 13:00,Wind,0.157
5/31/2024 14:00,Wind,0.168
5/31/2024 15:00,Wind,0.2
5/31/2024 16:00,Wind,0.258
5/31/2024 17:00,Wind,0.306
5/31/2024 18:00,Wind,0.356
5/31/2024 19:00,Wind,0.393
5/31/2024 20:00,Wind,0.348
5/31/2024 21:00,Wind,0.322
5/31/2024 22:00,Wind,0.361
5/31/2024 23:00,Wind,0.381
6/1/2024 0:00,Wind,0.379
6/1/2024 1:00,Wind,0.358
6/1/2024 2:00,Wind,0.377
6/1/2024 3:00,Wind,0.371
6/1/2024 4:00,Wind,0.33
6/1/2024 5:00,Wind,0.304
6/1/2024 6:00,Wind,0.285
6/1/2024 7:00,Wind,0.287
6/1/2024 8:00,Wind,0.262
6/1/2024 9:00,Wind,0.25
6/1/2024 10:00,Wind,0.276
6/1/2024 11:00,Wind,0.328
6/1/2024 12:00,Wind,0.427
6/1/2024 13:00,Wind,0.431
6/1/2024 14:00,Wind,0.389
6/1/2024 15:00,Wind,0.302
6/1/2024 16:00,Wind,0.249
6/1/2024 17:00,Wind,0.258
6/1/2024 18:00,Wind,0.221
6/1/2024 19:00,Wind,0.185
6/1/2024 20:00,Wind,0.201
6/1/2024 21:00,Wind,0.193
6/1/2024 22:00,Wind,0.203
6/1/2024 23:00,Wind,0.218
6/2/2024 0:00,Wind,0.234
6/2/2024 1:00,Wind,0.214
6/2/2024 2:00,Wind,0.19
6/2/2024 3:00,Wind,0.177
6/2/2024 4:00,Wind,0.184
6/2/2024 5:00,Wind,0.18
6/2/2024 6:00,Wind,0.162
6/2/2024 7:00,Wind,0.14
6/2/2024 8:00,Wind,0.124
6/2/2024 9:00,Wind,0.094
6/2/2024 10:00,Wind,0.069
6/2/2024 11:00,Wind,0.059
6/2/2024 12:00,Wind,0.054
6/2/2024 13:00,Wind,0.043
6/2/2024 14:00,Wind,0.03
6/2/2024 15:00,Wind,0.031
6/2/2024 16:00,Wind,0.033
6/2/2024 17:00,Wind,0.033
6/2/2024 18:00,Wind,0.044
6/2/2024 19:00,Wind,0.039
6/2/2024 20:00,Wind,0.05
6/2/2024 21:00,Wind,0.075
6/2/2024 22:00,Wind,0.098
6/2/2024 23:00,Wind,0.109
6/3/2024 0:00,Wind,0.102
6/3/2024 1:00,Wind,0.084
6/3/2024 2:00,Wind,0.081
6/3/2024 3:00,Wind,0.081
6/3/2024 4:00,Wind,0.11
6/3/2024 5:00,Wind,0.153
6/3/2024 6:00,Wind,0.205
6/3/2024 7:00,Wind,0.247
6/3/2024 8:00,Wind,0.21
6/3/2024 9:00,Wind,0.217
6/3/2024 10:00,Wind,0.238
6/3/2024 11:00,Wind,0.248
6/3/2024 12:00,Wind,0.277
6/3/2024 13:00,Wind,0.308
6/3/2024 14:00,Wind,0.31
6/3/2024 15:00,Wind,0.347
6/3/2024 16:00,Wind,0.396
6/3/2024 17:00,Wind,0.426
6/3/2024 18:00,Wind,0.431
6/3/2024 19:00,Wind,0.412
6/3/2024 20:00,Wind,0.36
6/3/2024 21:00,Wind,0.299
6/3/2024 22:00,Wind,0.352
6/3/2024 23:00,Wind,0.403
6/4/2024 0:00,Wind,0.429
6/4/2024 1:00,Wind,0.427
6/4/2024 2:00,Wind,0.43
6/4/2024 3:00,Wind,0.367
6/4/2024 4:00,Wind,0.297
6/4/2024 5:00,Wind,0.24
6/4/2024 6:00,Wind,0.232
6/4/2024 7:00,Wind,0.256
6/4/2024 8:00,Wind,0.189
6/4/2024 9:00,Wind,0.147
6/4/2024 10:00,Wind,0.194
6/4/2024 11:00,Wind,0.29
6/4/2024 12:00,Wind,0.297
6/4/2024 13:00,Wind,0.275
6/4/2024 14:00,Wind,0.309
6/4/2024 15:00,Wind,0.34
6/4/2024 16:00,Wind,0.375
6/4/2024 17:00,Wind,0.435
6/4/2024 18:00,Wind,0.486
6/4/2024 19:00,Wind,0.403
6/4/2024 20:00,Wind,0.362
6/4/2024 21:00,Wind,0.36
6/4/2024 22:00,Wind,0.385
6/4/2024 23:00,Wind,0.469
6/5/2024 0:00,Wind,0.528
6/5/2024 1:00,Wind,0.587
6/5/2024 2:00,Wind,0.549
6/5/2024 3:00,Wind,0.448
6/5/2024 4:00,Wind,0.428
6/5/2024 5:00,Wind,0.397
6/5/2024 6:00,Wind,0.33
6/5/2024 7:00,Wind,0.256
6/5/2024 8:00,Wind,0.214
6/5/2024 9:00,Wind,0.204
6/5/2024 10:00,Wind,0.224
6/5/2024 11:00,Wind,0.188
6/5/2024 12:00,Wind,0.275
6/5/2024 13:00,Wind,0.297
6/5/2024 14:00,Wind,0.266
6/5/2024 15:00,Wind,0.298
6/5/2024 16:00,Wind,0.364
6/5/2024 17:00,Wind,0.397
6/5/2024 18:00,Wind,0.382
6/5/2024 19:00,Wind,0.317
6/5/2024 20:00,Wind,0.204
6/5/2024 21:00,Wind,0.175
6/5/2024 22:00,Wind,0.184
6/5/2024 23:00,Wind,0.257
6/6/2024 0:00,Wind,0.335
6/6/2024 1:00,Wind,0.411
6/6/2024 2:00,Wind,0.45
6/6/2024 3:00,Wind,0.449
6/6/2024 4:00,Wind,0.449
6/6/2024 5:00,Wind,0.426
6/6/2024 6:00,Wind,0.428
6/6/2024 7:00,Wind,0.442
6/6/2024 8:00,Wind,0.371
6/6/2024 9:00,Wind,0.371
6/6/2024 10:00,Wind,0.409
6/6/2024 11:00,Wind,0.507
6/6/2024 12:00,Wind,0.639
6/6/2024 13:00,Wind,0.756
6/6/2024 14:00,Wind,0.818
6/6/2024 15:00,Wind,0.819
6/6/2024 16:00,Wind,0.845
6/6/2024 17:00,Wind,0.837
6/6/2024 18:00,Wind,0.819
6/6/2024 19:00,Wind,0.773
6/6/2024 20:00,Wind,0.68
6/6/2024 21:00,Wind,0.527
6/6/2024 22:00,Wind,0.444
6/6/2024 23:00,Wind,0.453
6/7/2024 0:00,Wind,0.425
6/7/2024 1:00,Wind,0.381
6/7/2024 2:00,Wind,0.368
6/7/2024 3:00,Wind,0.36
6/7/2024 4:00,Wind,0.368
6/7/2024 5:00,Wind,0.407
6/7/2024 6:00,Wind,0.464
6/7/2024 7:00,Wind,0.465
6/7/2024 8:00,Wind,0.392
6/7/2024 9:00,Wind,0.461
6/7/2024 10:00,Wind,0.678
6/7/2024 11:00,Wind,0.821
6/7/2024 12:00,Wind,0.859
6/7/2024 13:00,Wind,0.874
6/7/2024 14:00,Wind,0.891
6/7/2024 15:00,Wind,0.879
6/7/2024 16:00,Wind,0.873
6/7/2024 17:00,Wind,0.844
6/7/2024 18:00,Wind,0.765
6/7/2024 19:00,Wind,0.588
6/7/2024 20:00,Wind,0.339
6/7/2024 21:00,Wind,0.218
6/7/2024 22:00,Wind,0.163
6/7/2024 23:00,Wind,0.142
6/8/2024 0:00,Wind,0.142
6/8/2024 1:00,Wind,0.142
6/8/2024 2:00,Wind,0.126
6/8/2024 3:00,Wind,0.124
6/8/2024 4:00,Wind,0.126
6/8/2024 5:00,Wind,0.167
6/8/2024 6:00,Wind,0.201
6/8/2024 7:00,Wind,0.214
6/8/2024 8:00,Wind,0.247
6/8/2024 9:00,Wind,0.251
6/8/2024 10:00,Wind,0.282
6/8/2024 11:00,Wind,0.332
6/8/2024 12:00,Wind,0.404
6/8/2024 13:00,Wind,0.472
6/8/2024 14:00,Wind,0.548
6/8/2024 15:00,Wind,0.554
6/8/2024 16:00,Wind,0.557
6/8/2024 17:00,Wind,0.608
6/8/2024 18:00,Wind,0.561
6/8/2024 19:00,Wind,0.52
6/8/2024 20:00,Wind,0.505
6/8/2024 21:00,Wind,0.461
6/8/2024 22:00,Wind,0.463
6/8/2024 23:00,Wind,0.384
6/9/2024 0:00,Wind,0.317
6/9/2024 1:00,Wind,0.257
6/9/2024 2:00,Wind,0.282
6/9/2024 3:00,Wind,0.289
6/9/2024 4:00,Wind,0.287
6/9/2024 5:00,Wind,0.283
6/9/2024 6:00,Wind,0.286
6/9/2024 7:00,Wind,0.287
6/9/2024 8:00,Wind,0.28
6/9/2024 9:00,Wind,0.271
6/9/2024 10:00,Wind,0.329
6/9/2024 11:00,Wind,0.456
6/9/2024 12:00,Wind,0.56
6/9/2024 13:00,Wind,0.686
6/9/2024 14:00,Wind,0.768
6/9/2024 15:00,Wind,0.782
6/9/2024 16:00,Wind,0.787
6/9/2024 17:00,Wind,0.783
6/9/2024 18:00,Wind,0.763
6/9/2024 19:00,Wind,0.72
6/9/2024 20:00,Wind,0.647
6/9/2024 21:00,Wind,0.559
6/9/2024 22:00,Wind,0.562
6/9/2024 23:00,Wind,0.496
6/10/2024 0:00,Wind,0.402
6/10/2024 1:00,Wind,0.326
6/10/2024 2:00,Wind,0.293
6/10/2024 3:00,Wind,0.291
6/10/2024 4:00,Wind,0.273
6/10/2024 5:00,Wind,0.273
6/10/2024 6:00,Wind,0.255
6/10/2024 7:00,Wind,0.236
6/10/2024 8:00,Wind,0.246
6/10/2024 9:00,Wind,0.283
6/10/2024 10:00,Wind,0.274
6/10/2024 11:00,Wind,0.283
6/10/2024 12:00,Wind,0.279
6/10/2024 13:00,Wind,0.273
6/10/2024 14:00,Wind,0.256
6/10/2024 15:00,Wind,0.26
6/10/2024 16:00,Wind,0.268
6/10/2024 17:00,Wind,0.259
6/10/2024 18:00,Wind,0.245
6/10/2024 19:00,Wind,0.214
6/10/2024 20:00,Wind,0.169
6/10/2024 21:00,Wind,0.166
6/10/2024 22:00,Wind,0.207
6/10/2024 23:00,Wind,0.201
6/11/2024 0:00,Wind,0.176
6/11/2024 1:00,Wind,0.118
6/11/2024 2:00,Wind,0.085
6/11/2024 3:00,Wind,0.083
6/11/2024 4:00,Wind,0.064
6/11/2024 5:00,Wind,0.063
6/11/2024 6:00,Wind,0.074
6/11/2024 7:00,Wind,0.094
6/11/2024 8:00,Wind,0.059
6/11/2024 9:00,Wind,0.025
6/11/2024 10:00,Wind,0.024
6/11/2024 11:00,Wind,0.036
6/11/2024 12:00,Wind,0.051
6/11/2024 13:00,Wind,0.064
6/11/2024 14:00,Wind,0.07
6/11/2024 15:00,Wind,0.061
6/11/2024 16:00,Wind,0.058
6/11/2024 17:00,Wind,0.063
6/11/2024 18:00,Wind,0.085
6/11/2024 19:00,Wind,0.085
6/11/2024 20:00,Wind,0.087
6/11/2024 21:00,Wind,0.126
6/11/2024 22:00,Wind,0.184
6/11/2024 23:00,Wind,0.242
6/12/2024 0:00,Wind,0.329
6/12/2024 1:00,Wind,0.382
6/12/2024 2:00,Wind,0.397
6/12/2024 3:00,Wind,0.418
6/12/2024 4:00,Wind,0.42
6/12/2024 5:00,Wind,0.407
6/12/2024 6:00,Wind,0.41
6/12/2024 7:00,Wind,0.361
6/12/2024 8:00,Wind,0.236
6/12/2024 9:00,Wind,0.186
6/12/2024 10:00,Wind,0.18
6/12/2024 11:00,Wind,0.166
6/12/2024 12:00,Wind,0.155
6/12/2024 13:00,Wind,0.156
6/12/2024 14:00,Wind,0.182
6/12/2024 15:00,Wind,0.201
6/12/2024 16:00,Wind,0.201
6/12/2024 17:00,Wind,0.21
6/12/2024 18:00,Wind,0.246
6/12/2024 19:00,Wind,0.257
6/12/2024 20:00,Wind,0.252
6/12/2024 21:00,Wind,0.296
6/12/2024 22:00,Wind,0.424
6/12/2024 23:00,Wind,0.528
6/13/2024 0:00,Wind,0.547
6/13/2024 1:00,Wind,0.541
6/13/2024 2:00,Wind,0.561
6/13/2024 3:00,Wind,0.548
6/13/2024 4:00,Wind,0.519
6/13/2024 5:00,Wind,0.497
6/13/2024 6:00,Wind,0.498
6/13/2024 7:00,Wind,0.438
6/13/2024 8:00,Wind,0.328
6/13/2024 9:00,Wind,0.298
6/13/2024 10:00,Wind,0.392
6/13/2024 11:00,Wind,0.477
6/13/2024 12:00,Wind,0.509
6/13/2024 13:00,Wind,0.491
6/13/2024 14:00,Wind,0.468
6/13/2024 15:00,Wind,0.437
6/13/2024 16:00,Wind,0.418
6/13/2024 17:00,Wind,0.399
6/13/2024 18:00,Wind,0.338
6/13/2024 19:00,Wind,0.236
6/13/2024 20:00,Wind,0.182
6/13/2024 21:00,Wind,0.259
6/13/2024 22:00,Wind,0.359
6/13/2024 23:00,Wind,0.323
6/14/2024 0:00,Wind,0.265
6/14/2024 1:00,Wind,0.285
6/14/2024 2:00,Wind,0.288
6/14/2024 3:00,Wind,0.297
6/14/2024 4:00,Wind,0.279
6/14/2024 5:00,Wind,0.234
6/14/2024 6:00,Wind,0.202
6/14/2024 7:00,Wind,0.196
6/14/2024 8:00,Wind,0.142
6/14/2024 9:00,Wind,0.077
6/14/2024 10:00,Wind,0.071
6/14/2024 11:00,Wind,0.123
6/14/2024 12:00,Wind,0.155
6/14/2024 13:00,Wind,0.18
6/14/2024 14:00,Wind,0.184
6/14/2024 15:00,Wind,0.173
6/14/2024 16:00,Wind,0.154
6/14/2024 17:00,Wind,0.15
6/14/2024 18:00,Wind,0.165
6/14/2024 19:00,Wind,0.172
6/14/2024 20:00,Wind,0.172
6/14/2024 21:00,Wind,0.223
6/14/2024 22:00,Wind,0.291
6/14/2024 23:00,Wind,0.311
6/15/2024 0:00,Wind,0.302
6/15/2024 1:00,Wind,0.297
6/15/2024 2:00,Wind,0.289
6/15/2024 3:00,Wind,0.265
6/15/2024 4:00,Wind,0.195
6/15/2024 5:00,Wind,0.182
6/15/2024 6:00,Wind,0.196
6/15/2024 7:00,Wind,0.177
6/15/2024 8:00,Wind,0.137
6/15/2024 9:00,Wind,0.114
6/15/2024 10:00,Wind,0.105
6/15/2024 11:00,Wind,0.099
6/15/2024 12:00,Wind,0.094
6/15/2024 13:00,Wind,0.083
6/15/2024 14:00,Wind,0.081
6/15/2024 15:00,Wind,0.095
6/15/2024 16:00,Wind,0.1
6/15/2024 17:00,Wind,0.098
6/15/2024 18:00,Wind,0.138
6/15/2024 19:00,Wind,0.278
6/15/2024 20:00,Wind,0.304
6/15/2024 21:00,Wind,0.377
6/15/2024 22:00,Wind,0.482
6/15/2024 23:00,Wind,0.543
6/16/2024 0:00,Wind,0.548
6/16/2024 1:00,Wind,0.537
6/16/2024 2:00,Wind,0.557
6/16/2024 3:00,Wind,0.525
6/16/2024 4:00,Wind,0.482
6/16/2024 5:00,Wind,0.438
6/16/2024 6:00,Wind,0.448
6/16/2024 7:00,Wind,0.343
6/16/2024 8:00,Wind,0.421
6/16/2024 9:00,Wind,0.413
6/16/2024 10:00,Wind,0.395
6/16/2024 11:00,Wind,0.377
6/16/2024 12:00,Wind,0.4
6/16/2024 13:00,Wind,0.432
6/16/2024 14:00,Wind,0.473
6/16/2024 15:00,Wind,0.498
6/16/2024 16:00,Wind,0.508
6/16/2024 17:00,Wind,0.443
6/16/2024 18:00,Wind,0.384
6/16/2024 19:00,Wind,0.316
6/16/2024 20:00,Wind,0.275
6/16/2024 21:00,Wind,0.331
6/16/2024 22:00,Wind,0.474
6/16/2024 23:00,Wind,0.579
6/17/2024 0:00,Wind,0.645
6/17/2024 1:00,Wind,0.594
6/17/2024 2:00,Wind,0.513
6/17/2024 3:00,Wind,0.461
6/17/2024 4:00,Wind,0.446
6/17/2024 5:00,Wind,0.451
6/17/2024 6:00,Wind,0.441
6/17/2024 7:00,Wind,0.405
6/17/2024 8:00,Wind,0.307
6/17/2024 9:00,Wind,0.267
6/17/2024 10:00,Wind,0.276
6/17/2024 11:00,Wind,0.337
6/17/2024 12:00,Wind,0.375
6/17/2024 13:00,Wind,0.367
6/17/2024 14:00,Wind,0.328
6/17/2024 15:00,Wind,0.328
6/17/2024 16:00,Wind,0.371
6/17/2024 17:00,Wind,0.435
6/17/2024 18:00,Wind,0.475
6/17/2024 19:00,Wind,0.475
6/17/2024 20:00,Wind,0.427
6/17/2024 21:00,Wind,0.424
6/17/2024 22:00,Wind,0.472
6/17/2024 23:00,Wind,0.524
6/18/2024 0:00,Wind,0.499
6/18/2024 1:00,Wind,0.428
6/18/2024 2:00,Wind,0.39
6/18/2024 3:00,Wind,0.376
6/18/2024 4:00,Wind,0.378
6/18/2024 5:00,Wind,0.386
6/18/2024 6:00,Wind,0.395
6/18/2024 7:00,Wind,0.381
6/18/2024 8:00,Wind,0.388
6/18/2024 9:00,Wind,0.413
6/18/2024 10:00,Wind,0.456
6/18/2024 11:00,Wind,0.452
6/18/2024 12:00,Wind,0.465
6/18/2024 13:00,Wind,0.531
6/18/2024 14:00,Wind,0.576
6/18/2024 15:00,Wind,0.585
6/18/2024 16:00,Wind,0.508
6/18/2024 17:00,Wind,0.499
6/18/2024 18:00,Wind,0.462
6/18/2024 19:00,Wind,0.428
6/18/2024 20:00,Wind,0.408
6/18/2024 21:00,Wind,0.377
6/18/2024 22:00,Wind,0.371
6/18/2024 23:00,Wind,0.34
6/19/2024 0:00,Wind,0.372
6/19/2024 1:00,Wind,0.339
6/19/2024 2:00,Wind,0.302
6/19/2024 3:00,Wind,0.269
6/19/2024 4:00,Wind,0.231
6/19/2024 5:00,Wind,0.171
6/19/2024 6:00,Wind,0.142
6/19/2024 7:00,Wind,0.136
6/19/2024 8:00,Wind,0.108
6/19/2024 9:00,Wind,0.105
6/19/2024 10:00,Wind,0.117
6/19/2024 11:00,Wind,0.151
6/19/2024 12:00,Wind,0.204
6/19/2024 13:00,Wind,0.211
6/19/2024 14:00,Wind,0.19
6/19/2024 15:00,Wind,0.163
6/19/2024 16:00,Wind,0.13
6/19/2024 17:00,Wind,0.109
6/19/2024 18:00,Wind,0.105
6/19/2024 19:00,Wind,0.087
6/19/2024 20:00,Wind,0.06
6/19/2024 21:00,Wind,0.054
6/19/2024 22:00,Wind,0.066
6/19/2024 23:00,Wind,0.078
6/20/2024 0:00,Wind,0.095
6/20/2024 1:00,Wind,0.114
6/20/2024 2:00,Wind,0.109
6/20/2024 3:00,Wind,0.091
6/20/2024 4:00,Wind,0.093
6/20/2024 5:00,Wind,0.11
6/20/2024 6:00,Wind,0.118
6/20/2024 7:00,Wind,0.129
6/20/2024 8:00,Wind,0.074
6/20/2024 9:00,Wind,0.037
6/20/2024 10:00,Wind,0.032
6/20/2024 11:00,Wind,0.026
6/20/2024 12:00,Wind,0.012
6/20/2024 13:00,Wind,0.013
6/20/2024 14:00,Wind,0.028
6/20/2024 15:00,Wind,0.038
6/20/2024 16:00,Wind,0.061
6/20/2024 17:00,Wind,0.121
6/20/2024 18:00,Wind,0.107
6/20/2024 19:00,Wind,0.089
6/20/2024 20:00,Wind,0.095
6/20/2024 21:00,Wind,0.059
6/20/2024 22:00,Wind,0.059
6/20/2024 23:00,Wind,0.055
6/21/2024 0:00,Wind,0.073
6/21/2024 1:00,Wind,0.071
6/21/2024 2:00,Wind,0.074
6/21/2024 3:00,Wind,0.07
6/21/2024 4:00,Wind,0.064
6/21/2024 5:00,Wind,0.058
6/21/2024 6:00,Wind,0.067
6/21/2024 7:00,Wind,0.08
6/21/2024 8:00,Wind,0.058
6/21/2024 9:00,Wind,0.02
6/21/2024 10:00,Wind,0.024
6/21/2024 11:00,Wind,0.044
6/21/2024 12:00,Wind,0.063
6/21/2024 13:00,Wind,0.078
6/21/2024 14:00,Wind,0.092
6/21/2024 15:00,Wind,0.115
6/21/2024 16:00,Wind,0.14
6/21/2024 17:00,Wind,0.163
6/21/2024 18:00,Wind,0.175
6/21/2024 19:00,Wind,0.171
6/21/2024 20:00,Wind,0.143
6/21/2024 21:00,Wind,0.14
6/21/2024 22:00,Wind,0.174
6/21/2024 23:00,Wind,0.198
6/22/2024 0:00,Wind,0.235
6/22/2024 1:00,Wind,0.253
6/22/2024 2:00,Wind,0.271
6/22/2024 3:00,Wind,0.304
6/22/2024 4:00,Wind,0.316
6/22/2024 5:00,Wind,0.346
6/22/2024 6:00,Wind,0.385
6/22/2024 7:00,Wind,0.392
6/22/2024 8:00,Wind,0.362
6/22/2024 9:00,Wind,0.376
6/22/2024 10:00,Wind,0.433
6/22/2024 11:00,Wind,0.572
6/22/2024 12:00,Wind,0.617
6/22/2024 13:00,Wind,0.608
6/22/2024 14:00,Wind,0.591
6/22/2024 15:00,Wind,0.589
6/22/2024 16:00,Wind,0.596
6/22/2024 17:00,Wind,0.585
6/22/2024 18:00,Wind,0.565
6/22/2024 19:00,Wind,0.557
6/22/2024 20:00,Wind,0.572
6/22/2024 21:00,Wind,0.583
6/22/2024 22:00,Wind,0.603
6/22/2024 23:00,Wind,0.635
6/23/2024 0:00,Wind,0.648
6/23/2024 1:00,Wind,0.652
6/23/2024 2:00,Wind,0.607
6/23/2024 3:00,Wind,0.574
6/23/2024 4:00,Wind,0.506
6/23/2024 5:00,Wind,0.408
6/23/2024 6:00,Wind,0.375
6/23/2024 7:00,Wind,0.402
6/23/2024 8:00,Wind,0.462
6/23/2024 9:00,Wind,0.513
6/23/2024 10:00,Wind,0.539
6/23/2024 11:00,Wind,0.528
6/23/2024 12:00,Wind,0.519
6/23/2024 13:00,Wind,0.547
6/23/2024 14:00,Wind,0.525
6/23/2024 15:00,Wind,0.536
6/23/2024 16:00,Wind,0.541
6/23/2024 17:00,Wind,0.535
6/23/2024 18:00,Wind,0.536
6/23/2024 19:00,Wind,0.484
6/23/2024 20:00,Wind,0.388
6/23/2024 21:00,Wind,0.34
6/23/2024 22:00,Wind,0.283
6/23/2024 23:00,Wind,0.261
6/24/2024 0:00,Wind,0.226
6/24/2024 1:00,Wind,0.199
6/24/2024 2:00,Wind,0.173
6/24/2024 3:00,Wind,0.161
6/24/2024 4:00,Wind,0.137
6/24/2024 5:00,Wind,0.141
6/24/2024 6:00,Wind,0.139
6/24/2024 7:00,Wind,0.145
6/24/2024 8:00,Wind,0.132
6/24/2024 9:00,Wind,0.122
6/24/2024 10:00,Wind,0.121
6/24/2024 11:00,Wind,0.117
6/24/2024 12:00,Wind,0.117
6/24/2024 13:00,Wind,0.116
6/24/2024 14:00,Wind,0.122
6/24/2024 15:00,Wind,0.139
6/24/2024 16:00,Wind,0.151
6/24/2024 17:00,Wind,0.177
6/24/2024 18:00,Wind,0.208
6/24/2024 19:00,Wind,0.234
6/24/2024 20:00,Wind,0.249
6/24/2024 21:00,Wind,0.336
6/24/2024 22:00,Wind,0.371
6/24/2024 23:00,Wind,0.397
6/25/2024 0:00,Wind,0.347
6/25/2024 1:00,Wind,0.401
6/25/2024 2:00,Wind,0.511
6/25/2024 3:00,Wind,0.631
6/25/2024 4:00,Wind,0.672
6/25/2024 5:00,Wind,0.655
6/25/2024 6:00,Wind,0.676
6/25/2024 7:00,Wind,0.669
6/25/2024 8:00,Wind,0.658
6/25/2024 9:00,Wind,0.561
6/25/2024 10:00,Wind,0.483
6/25/2024 11:00,Wind,0.453
6/25/2024 12:00,Wind,0.366
6/25/2024 13:00,Wind,0.429
6/25/2024 14:00,Wind,0.544
6/25/2024 15:00,Wind,0.556
6/25/2024 16:00,Wind,0.451
6/25/2024 17:00,Wind,0.419
6/25/2024 18:00,Wind,0.353
6/25/2024 19:00,Wind,0.209
6/25/2024 20:00,Wind,0.185
6/25/2024 21:00,Wind,0.295
6/25/2024 22:00,Wind,0.471
6/25/2024 23:00,Wind,0.539
6/26/2024 0:00,Wind,0.511
6/26/2024 1:00,Wind,0.468
6/26/2024 2:00,Wind,0.378
6/26/2024 3:00,Wind,0.314
6/26/2024 4:00,Wind,0.256
6/26/2024 5:00,Wind,0.264
6/26/2024 6:00,Wind,0.248
6/26/2024 7:00,Wind,0.192
6/26/2024 8:00,Wind,0.143
6/26/2024 9:00,Wind,0.104
6/26/2024 10:00,Wind,0.136
6/26/2024 11:00,Wind,0.165
6/26/2024 12:00,Wind,0.145
6/26/2024 13:00,Wind,0.129
6/26/2024 14:00,Wind,0.115
6/26/2024 15:00,Wind,0.109
6/26/2024 16:00,Wind,0.111
6/26/2024 17:00,Wind,0.118
6/26/2024 18:00,Wind,0.164
6/26/2024 19:00,Wind,0.169
6/26/2024 20:00,Wind,0.16
6/26/2024 21:00,Wind,0.202
6/26/2024 22:00,Wind,0.204
6/26/2024 23:00,Wind,0.18
6/27/2024 0:00,Wind,0.188
6/27/2024 1:00,Wind,0.23
6/27/2024 2:00,Wind,0.257
6/27/2024 3:00,Wind,0.294
6/27/2024 4:00,Wind,0.298
6/27/2024 5:00,Wind,0.322
6/27/2024 6:00,Wind,0.352
6/27/2024 7:00,Wind,0.288
6/27/2024 8:00,Wind,0.207
6/27/2024 9:00,Wind,0.18
6/27/2024 10:00,Wind,0.162
6/27/2024 11:00,Wind,0.159
6/27/2024 12:00,Wind,0.15
6/27/2024 13:00,Wind,0.124
6/27/2024 14:00,Wind,0.102
6/27/2024 15:00,Wind,0.091
6/27/2024 16:00,Wind,0.068
6/27/2024 17:00,Wind,0.059
6/27/2024 18:00,Wind,0.068
6/27/2024 19:00,Wind,0.08
6/27/2024 20:00,Wind,0.127
6/27/2024 21:00,Wind,0.179
6/27/2024 22:00,Wind,0.258
6/27/2024 23:00,Wind,0.297
6/28/2024 0:00,Wind,0.273
6/28/2024 1:00,Wind,0.26
6/28/2024 2:00,Wind,0.267
6/28/2024 3:00,Wind,0.297
6/28/2024 4:00,Wind,0.277
6/28/2024 5:00,Wind,0.267
6/28/2024 6:00,Wind,0.302
6/28/2024 7:00,Wind,0.324
6/28/2024 8:00,Wind,0.3
6/28/2024 9:00,Wind,0.291
6/28/2024 10:00,Wind,0.292
6/28/2024 11:00,Wind,0.254
6/28/2024 12:00,Wind,0.247
6/28/2024 13:00,Wind,0.236
6/28/2024 14:00,Wind,0.246
6/28/2024 15:00,Wind,0.275
6/28/2024 16:00,Wind,0.26
6/28/2024 17:00,Wind,0.328
6/28/2024 18:00,Wind,0.362
6/28/2024 19:00,Wind,0.309
6/28/2024 20:00,Wind,0.262
6/28/2024 21:00,Wind,0.329
6/28/2024 22:00,Wind,0.469
6/28/2024 23:00,Wind,0.543
6/29/2024 0:00,Wind,0.575
6/29/2024 1:00,Wind,0.592
6/29/2024 2:00,Wind,0.652
6/29/2024 3:00,Wind,0.624
6/29/2024 4:00,Wind,0.611
6/29/2024 5:00,Wind,0.633
6/29/2024 6:00,Wind,0.578
6/29/2024 7:00,Wind,0.506
6/29/2024 8:00,Wind,0.431
6/29/2024 9:00,Wind,0.356
6/29/2024 10:00,Wind,0.28
6/29/2024 11:00,Wind,0.247
6/29/2024 12:00,Wind,0.256
6/29/2024 13:00,Wind,0.306
6/29/2024 14:00,Wind,0.307
6/29/2024 15:00,Wind,0.347
6/29/2024 16:00,Wind,0.372
6/29/2024 17:00,Wind,0.366
6/29/2024 18:00,Wind,0.349
6/29/2024 19:00,Wind,0.345
6/29/2024 20:00,Wind,0.352
6/29/2024 21:00,Wind,0.374
6/29/2024 22:00,Wind,0.427
6/29/2024 23:00,Wind,0.51
6/30/2024 0:00,Wind,0.533
6/30/2024 1:00,Wind,0.578
6/30/2024 2:00,Wind,0.563
6/30/2024 3:00,Wind,0.511
6/30/2024 4:00,Wind,0.481
6/30/2024 5:00,Wind,0.483
6/30/2024 6:00,Wind,0.502
6/30/2024 7:00,Wind,0.435
6/30/2024 8:00,Wind,0.386
6/30/2024 9:00,Wind,0.385
6/30/2024 10:00,Wind,0.301
6/30/2024 11:00,Wind,0.238
6/30/2024 12:00,Wind,0.206
6/30/2024 13:00,Wind,0.209
6/30/2024 14:00,Wind,0.248
6/30/2024 15:00,Wind,0.318
6/30/2024 16:00,Wind,0.388
6/30/2024 17:00,Wind,0.418
6/30/2024 18:00,Wind,0.437
6/30/2024 19:00,Wind,0.445
6/30/2024 20:00,Wind,0.389
6/30/2024 21:00,Wind,0.328
6/30/2024 22:00,Wind,0.335
6/30/2024 23:00,Wind,0.331
7/1/2024 0:00,Wind,0.356
7/1/2024 1:00,Wind,0.35
7/1/2024 2:00,Wind,0.323
7/1/2024 3:00,Wind,0.283
7/1/2024 4:00,Wind,0.265
7/1/2024 5:00,Wind,0.277
7/1/2024 6:00,Wind,0.289
7/1/2024 7:00,Wind,0.282
7/1/2024 8:00,Wind,0.225
7/1/2024 9:00,Wind,0.199
7/1/2024 10:00,Wind,0.2
7/1/2024 11:00,Wind,0.177
7/1/2024 12:00,Wind,0.147
7/1/2024 13:00,Wind,0.149
7/1/2024 14:00,Wind,0.142
7/1/2024 15:00,Wind,0.155
7/1/2024 16:00,Wind,0.178
7/1/2024 17:00,Wind,0.192
7/1/2024 18:00,Wind,0.189
7/1/2024 19:00,Wind,0.179
7/1/2024 20:00,Wind,0.195
7/1/2024 21:00,Wind,0.256
7/1/2024 22:00,Wind,0.366
7/1/2024 23:00,Wind,0.393
7/2/2024 0:00,Wind,0.405
7/2/2024 1:00,Wind,0.45
7/2/2024 2:00,Wind,0.463
7/2/2024 3:00,Wind,0.439
7/2/2024 4:00,Wind,0.446
7/2/2024 5:00,Wind,0.486
7/2/2024 6:00,Wind,0.527
7/2/2024 7:00,Wind,0.526
7/2/2024 8:00,Wind,0.421
7/2/2024 9:00,Wind,0.349
7/2/2024 10:00,Wind,0.361
7/2/2024 11:00,Wind,0.304
7/2/2024 12:00,Wind,0.323
7/2/2024 13:00,Wind,0.33
7/2/2024 14:00,Wind,0.364
7/2/2024 15:00,Wind,0.397
7/2/2024 16:00,Wind,0.434
7/2/2024 17:00,Wind,0.476
7/2/2024 18:00,Wind,0.512
7/2/2024 19:00,Wind,0.505
7/2/2024 20:00,Wind,0.488
7/2/2024 21:00,Wind,0.513
7/2/2024 22:00,Wind,0.556
7/2/2024 23:00,Wind,0.541
7/3/2024 0:00,Wind,0.593
7/3/2024 1:00,Wind,0.569
7/3/2024 2:00,Wind,0.641
7/3/2024 3:00,Wind,0.598
7/3/2024 4:00,Wind,0.576
7/3/2024 5:00,Wind,0.555
7/3/2024 6:00,Wind,0.492
7/3/2024 7:00,Wind,0.428
7/3/2024 8:00,Wind,0.268
7/3/2024 9:00,Wind,0.215
7/3/2024 10:00,Wind,0.186
7/3/2024 11:00,Wind,0.19
7/3/2024 12:00,Wind,0.152
7/3/2024 13:00,Wind,0.106
7/3/2024 14:00,Wind,0.115
7/3/2024 15:00,Wind,0.134
7/3/2024 16:00,Wind,0.135
7/3/2024 17:00,Wind,0.137
7/3/2024 18:00,Wind,0.131
7/3/2024 19:00,Wind,0.109
7/3/2024 20:00,Wind,0.096
7/3/2024 21:00,Wind,0.093
7/3/2024 22:00,Wind,0.102
7/3/2024 23:00,Wind,0.097
7/4/2024 0:00,Wind,0.098
7/4/2024 1:00,Wind,0.109
7/4/2024 2:00,Wind,0.096
7/4/2024 3:00,Wind,0.071
7/4/2024 4:00,Wind,0.058
7/4/2024 5:00,Wind,0.056
7/4/2024 6:00,Wind,0.06
7/4/2024 7:00,Wind,0.053
7/4/2024 8:00,Wind,0.031
7/4/2024 9:00,Wind,0.027
7/4/2024 10:00,Wind,0.034
7/4/2024 11:00,Wind,0.039
7/4/2024 12:00,Wind,0.037
7/4/2024 13:00,Wind,0.044
7/4/2024 14:00,Wind,0.043
7/4/2024 15:00,Wind,0.029
7/4/2024 16:00,Wind,0.037
7/4/2024 17:00,Wind,0.05
7/4/2024 18:00,Wind,0.064
7/4/2024 19:00,Wind,0.072
7/4/2024 20:00,Wind,0.081
7/4/2024 21:00,Wind,0.092
7/4/2024 22:00,Wind,0.127
7/4/2024 23:00,Wind,0.147
7/5/2024 0:00,Wind,0.153
7/5/2024 1:00,Wind,0.164
7/5/2024 2:00,Wind,0.193
7/5/2024 3:00,Wind,0.197
7/5/2024 4:00,Wind,0.195
7/5/2024 5:00,Wind,0.195
7/5/2024 6:00,Wind,0.217
7/5/2024 7:00,Wind,0.211
7/5/2024 8:00,Wind,0.162
7/5/2024 9:00,Wind,0.144
7/5/2024 10:00,Wind,0.165
7/5/2024 11:00,Wind,0.158
7/5/2024 12:00,Wind,0.178
7/5/2024 13:00,Wind,0.227
7/5/2024 14:00,Wind,0.273
7/5/2024 15:00,Wind,0.361
7/5/2024 16:00,Wind,0.398
7/5/2024 17:00,Wind,0.407
7/5/2024 18:00,Wind,0.409
7/5/2024 19:00,Wind,0.396
7/5/2024 20:00,Wind,0.339
7/5/2024 21:00,Wind,0.297
7/5/2024 22:00,Wind,0.309
7/5/2024 23:00,Wind,0.319
7/6/2024 0:00,Wind,0.324
7/6/2024 1:00,Wind,0.317
7/6/2024 2:00,Wind,0.325
7/6/2024 3:00,Wind,0.319
7/6/2024 4:00,Wind,0.288
7/6/2024 5:00,Wind,0.25
7/6/2024 6:00,Wind,0.239
7/6/2024 7:00,Wind,0.186
7/6/2024 8:00,Wind,0.108
7/6/2024 9:00,Wind,0.076
7/6/2024 10:00,Wind,0.091
7/6/2024 11:00,Wind,0.12
7/6/2024 12:00,Wind,0.116
7/6/2024 13:00,Wind,0.118
7/6/2024 14:00,Wind,0.099
7/6/2024 15:00,Wind,0.09
7/6/2024 16:00,Wind,0.091
7/6/2024 17:00,Wind,0.104
7/6/2024 18:00,Wind,0.098
7/6/2024 19:00,Wind,0.087
7/6/2024 20:00,Wind,0.071
7/6/2024 21:00,Wind,0.066
7/6/2024 22:00,Wind,0.068
7/6/2024 23:00,Wind,0.065
7/7/2024 0:00,Wind,0.061
7/7/2024 1:00,Wind,0.052
7/7/2024 2:00,Wind,0.053
7/7/2024 3:00,Wind,0.057
7/7/2024 4:00,Wind,0.05
7/7/2024 5:00,Wind,0.061
7/7/2024 6:00,Wind,0.08
7/7/2024 7:00,Wind,0.1
7/7/2024 8:00,Wind,0.098
7/7/2024 9:00,Wind,0.063
7/7/2024 10:00,Wind,0.072
7/7/2024 11:00,Wind,0.092
7/7/2024 12:00,Wind,0.121
7/7/2024 13:00,Wind,0.141
7/7/2024 14:00,Wind,0.136
7/7/2024 15:00,Wind,0.133
7/7/2024 16:00,Wind,0.127
7/7/2024 17:00,Wind,0.154
7/7/2024 18:00,Wind,0.101
7/7/2024 19:00,Wind,0.053
7/7/2024 20:00,Wind,0.065
7/7/2024 21:00,Wind,0.104
7/7/2024 22:00,Wind,0.063
7/7/2024 23:00,Wind,0.049
7/8/2024 0:00,Wind,0.057
7/8/2024 1:00,Wind,0.083
7/8/2024 2:00,Wind,0.099
7/8/2024 3:00,Wind,0.1
7/8/2024 4:00,Wind,0.096
7/8/2024 5:00,Wind,0.087
7/8/2024 6:00,Wind,0.064
7/8/2024 7:00,Wind,0.047
7/8/2024 8:00,Wind,0.051
7/8/2024 9:00,Wind,0.045
7/8/2024 10:00,Wind,0.051
7/8/2024 11:00,Wind,0.066
7/8/2024 12:00,Wind,0.051
7/8/2024 13:00,Wind,0.032
7/8/2024 14:00,Wind,0.033
7/8/2024 15:00,Wind,0.045
7/8/2024 16:00,Wind,0.051
7/8/2024 17:00,Wind,0.05
7/8/2024 18:00,Wind,0.056
7/8/2024 19:00,Wind,0.067
7/8/2024 20:00,Wind,0.073
7/8/2024 21:00,Wind,0.084
7/8/2024 22:00,Wind,0.095
7/8/2024 23:00,Wind,0.099
7/9/2024 0:00,Wind,0.099
7/9/2024 1:00,Wind,0.078
7/9/2024 2:00,Wind,0.078
7/9/2024 3:00,Wind,0.08
7/9/2024 4:00,Wind,0.073
7/9/2024 5:00,Wind,0.056
7/9/2024 6:00,Wind,0.047
7/9/2024 7:00,Wind,0.046
7/9/2024 8:00,Wind,0.038
7/9/2024 9:00,Wind,0.031
7/9/2024 10:00,Wind,0.03
7/9/2024 11:00,Wind,0.023
7/9/2024 12:00,Wind,0.018
7/9/2024 13:00,Wind,0.006
7/9/2024 14:00,Wind,0.011
7/9/2024 15:00,Wind,0.021
7/9/2024 16:00,Wind,0.034
7/9/2024 17:00,Wind,0.041
7/9/2024 18:00,Wind,0.076
7/9/2024 19:00,Wind,0.139
7/9/2024 20:00,Wind,0.21
7/9/2024 21:00,Wind,0.307
7/9/2024 22:00,Wind,0.397
7/9/2024 23:00,Wind,0.415
7/10/2024 0:00,Wind,0.461
7/10/2024 1:00,Wind,0.424
7/10/2024 2:00,Wind,0.418
7/10/2024 3:00,Wind,0.404
7/10/2024 4:00,Wind,0.412
7/10/2024 5:00,Wind,0.432
7/10/2024 6:00,Wind,0.445
7/10/2024 7:00,Wind,0.479
7/10/2024 8:00,Wind,0.396
7/10/2024 9:00,Wind,0.336
7/10/2024 10:00,Wind,0.353
7/10/2024 11:00,Wind,0.383
7/10/2024 12:00,Wind,0.392
7/10/2024 13:00,Wind,0.405
7/10/2024 14:00,Wind,0.408
7/10/2024 15:00,Wind,0.396
7/10/2024 16:00,Wind,0.37
7/10/2024 17:00,Wind,0.337
7/10/2024 18:00,Wind,0.322
7/10/2024 19:00,Wind,0.239
7/10/2024 20:00,Wind,0.264
7/10/2024 21:00,Wind,0.218
7/10/2024 22:00,Wind,0.193
7/10/2024 23:00,Wind,0.183
7/11/2024 0:00,Wind,0.174
7/11/2024 1:00,Wind,0.167
7/11/2024 2:00,Wind,0.171
7/11/2024 3:00,Wind,0.158
7/11/2024 4:00,Wind,0.15
7/11/2024 5:00,Wind,0.145
7/11/2024 6:00,Wind,0.136
7/11/2024 7:00,Wind,0.137
7/11/2024 8:00,Wind,0.143
7/11/2024 9:00,Wind,0.133
7/11/2024 10:00,Wind,0.115
7/11/2024 11:00,Wind,0.1
7/11/2024 12:00,Wind,0.077
7/11/2024 13:00,Wind,0.057
7/11/2024 14:00,Wind,0.053
7/11/2024 15:00,Wind,0.053
7/11/2024 16:00,Wind,0.059
7/11/2024 17:00,Wind,0.048
7/11/2024 18:00,Wind,0.037
7/11/2024 19:00,Wind,0.041
7/11/2024 20:00,Wind,0.045
7/11/2024 21:00,Wind,0.064
7/11/2024 22:00,Wind,0.072
7/11/2024 23:00,Wind,0.074
7/12/2024 0:00,Wind,0.088
7/12/2024 1:00,Wind,0.079
7/12/2024 2:00,Wind,0.07
7/12/2024 3:00,Wind,0.049
7/12/2024 4:00,Wind,0.038
7/12/2024 5:00,Wind,0.037
7/12/2024 6:00,Wind,0.04
7/12/2024 7:00,Wind,0.037
7/12/2024 8:00,Wind,0.028
7/12/2024 9:00,Wind,0.025
7/12/2024 10:00,Wind,0.026
7/12/2024 11:00,Wind,0.023
7/12/2024 12:00,Wind,0.025
7/12/2024 13:00,Wind,0.021
7/12/2024 14:00,Wind,0.02
7/12/2024 15:00,Wind,0.024
7/12/2024 16:00,Wind,0.024
7/12/2024 17:00,Wind,0.012
7/12/2024 18:00,Wind,0.023
7/12/2024 19:00,Wind,0.033
7/12/2024 20:00,Wind,0.037
7/12/2024 21:00,Wind,0.046
7/12/2024 22:00,Wind,0.05
7/12/2024 23:00,Wind,0.042
7/13/2024 0:00,Wind,0.043
7/13/2024 1:00,Wind,0.047
7/13/2024 2:00,Wind,0.057
7/13/2024 3:00,Wind,0.061
7/13/2024 4:00,Wind,0.071
7/13/2024 5:00,Wind,0.081
7/13/2024 6:00,Wind,0.095
7/13/2024 7:00,Wind,0.118
7/13/2024 8:00,Wind,0.098
7/13/2024 9:00,Wind,0.055
7/13/2024 10:00,Wind,0.053
7/13/2024 11:00,Wind,0.072
7/13/2024 12:00,Wind,0.094
7/13/2024 13:00,Wind,0.115
7/13/2024 14:00,Wind,0.126
7/13/2024 15:00,Wind,0.135
7/13/2024 16:00,Wind,0.14
7/13/2024 17:00,Wind,0.123
7/13/2024 18:00,Wind,0.119
7/13/2024 19:00,Wind,0.146
7/13/2024 20:00,Wind,0.171
7/13/2024 21:00,Wind,0.261
7/13/2024 22:00,Wind,0.31
7/13/2024 23:00,Wind,0.351
7/14/2024 0:00,Wind,0.403
7/14/2024 1:00,Wind,0.388
7/14/2024 2:00,Wind,0.334
7/14/2024 3:00,Wind,0.279
7/14/2024 4:00,Wind,0.254
7/14/2024 5:00,Wind,0.263
7/14/2024 6:00,Wind,0.234
7/14/2024 7:00,Wind,0.197
7/14/2024 8:00,Wind,0.175
7/14/2024 9:00,Wind,0.198
7/14/2024 10:00,Wind,0.284
7/14/2024 11:00,Wind,0.288
7/14/2024 12:00,Wind,0.224
7/14/2024 13:00,Wind,0.328
7/14/2024 14:00,Wind,0.358
7/14/2024 15:00,Wind,0.331
7/14/2024 16:00,Wind,0.341
7/14/2024 17:00,Wind,0.374
7/14/2024 18:00,Wind,0.389
7/14/2024 19:00,Wind,0.303
7/14/2024 20:00,Wind,0.334
7/14/2024 21:00,Wind,0.46
7/14/2024 22:00,Wind,0.545
7/14/2024 23:00,Wind,0.579
7/15/2024 0:00,Wind,0.596
7/15/2024 1:00,Wind,0.579
7/15/2024 2:00,Wind,0.493
7/15/2024 3:00,Wind,0.449
7/15/2024 4:00,Wind,0.422
7/15/2024 5:00,Wind,0.372
7/15/2024 6:00,Wind,0.3
7/15/2024 7:00,Wind,0.321
7/15/2024 8:00,Wind,0.262
7/15/2024 9:00,Wind,0.191
7/15/2024 10:00,Wind,0.169
7/15/2024 11:00,Wind,0.167
7/15/2024 12:00,Wind,0.134
7/15/2024 13:00,Wind,0.112
7/15/2024 14:00,Wind,0.117
7/15/2024 15:00,Wind,0.125
7/15/2024 16:00,Wind,0.19
7/15/2024 17:00,Wind,0.266
7/15/2024 18:00,Wind,0.32
7/15/2024 19:00,Wind,0.362
7/15/2024 20:00,Wind,0.416
7/15/2024 21:00,Wind,0.489
7/15/2024 22:00,Wind,0.471
7/15/2024 23:00,Wind,0.42
7/16/2024 0:00,Wind,0.393
7/16/2024 1:00,Wind,0.36
7/16/2024 2:00,Wind,0.348
7/16/2024 3:00,Wind,0.444
7/16/2024 4:00,Wind,0.414
7/16/2024 5:00,Wind,0.395
7/16/2024 6:00,Wind,0.36
7/16/2024 7:00,Wind,0.295
7/16/2024 8:00,Wind,0.229
7/16/2024 9:00,Wind,0.24
7/16/2024 10:00,Wind,0.301
7/16/2024 11:00,Wind,0.361
7/16/2024 12:00,Wind,0.382
7/16/2024 13:00,Wind,0.409
7/16/2024 14:00,Wind,0.465
7/16/2024 15:00,Wind,0.469
7/16/2024 16:00,Wind,0.468
7/16/2024 17:00,Wind,0.408
7/16/2024 18:00,Wind,0.35
7/16/2024 19:00,Wind,0.258
7/16/2024 20:00,Wind,0.219
7/16/2024 21:00,Wind,0.211
7/16/2024 22:00,Wind,0.213
7/16/2024 23:00,Wind,0.222
7/17/2024 0:00,Wind,0.253
7/17/2024 1:00,Wind,0.223
7/17/2024 2:00,Wind,0.224
7/17/2024 3:00,Wind,0.23
7/17/2024 4:00,Wind,0.233
7/17/2024 5:00,Wind,0.201
7/17/2024 6:00,Wind,0.179
7/17/2024 7:00,Wind,0.172
7/17/2024 8:00,Wind,0.136
7/17/2024 9:00,Wind,0.085
7/17/2024 10:00,Wind,0.079
7/17/2024 11:00,Wind,0.095
7/17/2024 12:00,Wind,0.133
7/17/2024 13:00,Wind,0.193
7/17/2024 14:00,Wind,0.244
7/17/2024 15:00,Wind,0.279
7/17/2024 16:00,Wind,0.35
7/17/2024 17:00,Wind,0.412
7/17/2024 18:00,Wind,0.482
7/17/2024 19:00,Wind,0.472
7/17/2024 20:00,Wind,0.423
7/17/2024 21:00,Wind,0.336
7/17/2024 22:00,Wind,0.326
7/17/2024 23:00,Wind,0.302
7/18/2024 0:00,Wind,0.232
7/18/2024 1:00,Wind,0.186
7/18/2024 2:00,Wind,0.178
7/18/2024 3:00,Wind,0.202
7/18/2024 4:00,Wind,0.211
7/18/2024 5:00,Wind,0.2
7/18/2024 6:00,Wind,0.199
7/18/2024 7:00,Wind,0.194
7/18/2024 8:00,Wind,0.12
7/18/2024 9:00,Wind,0.089
7/18/2024 10:00,Wind,0.1
7/18/2024 11:00,Wind,0.091
7/18/2024 12:00,Wind,0.086
7/18/2024 13:00,Wind,0.083
7/18/2024 14:00,Wind,0.091
7/18/2024 15:00,Wind,0.099
7/18/2024 16:00,Wind,0.106
7/18/2024 17:00,Wind,0.109
7/18/2024 18:00,Wind,0.104
7/18/2024 19:00,Wind,0.11
7/18/2024 20:00,Wind,0.106
7/18/2024 21:00,Wind,0.1
7/18/2024 22:00,Wind,0.107
7/18/2024 23:00,Wind,0.112
7/19/2024 0:00,Wind,0.111
7/19/2024 1:00,Wind,0.096
7/19/2024 2:00,Wind,0.087
7/19/2024 3:00,Wind,0.081
7/19/2024 4:00,Wind,0.066
7/19/2024 5:00,Wind,0.052
7/19/2024 6:00,Wind,0.046
7/19/2024 7:00,Wind,0.037
7/19/2024 8:00,Wind,0.025
7/19/2024 9:00,Wind,0.012
7/19/2024 10:00,Wind,0.007
7/19/2024 11:00,Wind,0.007
7/19/2024 12:00,Wind,0.013
7/19/2024 13:00,Wind,0.017
7/19/2024 14:00,Wind,0.009
7/19/2024 15:00,Wind,0.007
7/19/2024 16:00,Wind,0.01
7/19/2024 17:00,Wind,0.012
7/19/2024 18:00,Wind,0.01
7/19/2024 19:00,Wind,0.009
7/19/2024 20:00,Wind,0.009
7/19/2024 21:00,Wind,0.01
7/19/2024 22:00,Wind,0.018
7/19/2024 23:00,Wind,0.027
7/20/2024 0:00,Wind,0.036
7/20/2024 1:00,Wind,0.037
7/20/2024 2:00,Wind,0.033
7/20/2024 3:00,Wind,0.036
7/20/2024 4:00,Wind,0.038
7/20/2024 5:00,Wind,0.044
7/20/2024 6:00,Wind,0.041
7/20/2024 7:00,Wind,0.031
7/20/2024 8:00,Wind,0.017
7/20/2024 9:00,Wind,0.009
7/20/2024 10:00,Wind,0.012
7/20/2024 11:00,Wind,0.013
7/20/2024 12:00,Wind,0.009
7/20/2024 13:00,Wind,0.009
7/20/2024 14:00,Wind,0.01
7/20/2024 15:00,Wind,0.015
7/20/2024 16:00,Wind,0.021
7/20/2024 17:00,Wind,0.017
7/20/2024 18:00,Wind,0.02
7/20/2024 19:00,Wind,0.018
7/20/2024 20:00,Wind,0.015
7/20/2024 21:00,Wind,0.016
7/20/2024 22:00,Wind,0.019
7/20/2024 23:00,Wind,0.018
7/21/2024 0:00,Wind,0.025
7/21/2024 1:00,Wind,0.03
7/21/2024 2:00,Wind,0.039
7/21/2024 3:00,Wind,0.029
7/21/2024 4:00,Wind,0.027
7/21/2024 5:00,Wind,0.015
7/21/2024 6:00,Wind,0.012
7/21/2024 7:00,Wind,0.017
7/21/2024 8:00,Wind,0.01
7/21/2024 9:00,Wind,0.004
7/21/2024 10:00,Wind,0.002
7/21/2024 11:00,Wind,0.004
7/21/2024 12:00,Wind,0.004
7/21/2024 13:00,Wind,0.004
7/21/2024 14:00,Wind,0.002
7/21/2024 15:00,Wind,0.003
7/21/2024 16:00,Wind,0.003
7/21/2024 17:00,Wind,0.004
7/21/2024 18:00,Wind,0.005
7/21/2024 19:00,Wind,0.007
7/21/2024 20:00,Wind,0.009
7/21/2024 21:00,Wind,0.01
7/21/2024 22:00,Wind,0.013
7/21/2024 23:00,Wind,0.016
7/22/2024 0:00,Wind,0.014
7/22/2024 1:00,Wind,0.016
7/22/2024 2:00,Wind,0.018
7/22/2024 3:00,Wind,0.025
7/22/2024 4:00,Wind,0.028
7/22/2024 5:00,Wind,0.029
7/22/2024 6:00,Wind,0.031
7/22/2024 7:00,Wind,0.033
7/22/2024 8:00,Wind,0.026
7/22/2024 9:00,Wind,0.017
7/22/2024 10:00,Wind,0.015
7/22/2024 11:00,Wind,0.022
7/22/2024 12:00,Wind,0.026
7/22/2024 13:00,Wind,0.029
7/22/2024 14:00,Wind,0.03
7/22/2024 15:00,Wind,0.028
7/22/2024 16:00,Wind,0.025
7/22/2024 17:00,Wind,0.02
7/22/2024 18:00,Wind,0.033
7/22/2024 19:00,Wind,0.029
7/22/2024 20:00,Wind,0.03
7/22/2024 21:00,Wind,0.035
7/22/2024 22:00,Wind,0.047
7/22/2024 23:00,Wind,0.055
7/23/2024 0:00,Wind,0.056
7/23/2024 1:00,Wind,0.069
7/23/2024 2:00,Wind,0.081
7/23/2024 3:00,Wind,0.09
7/23/2024 4:00,Wind,0.086
7/23/2024 5:00,Wind,0.078
7/23/2024 6:00,Wind,0.068
7/23/2024 7:00,Wind,0.065
7/23/2024 8:00,Wind,0.057
7/23/2024 9:00,Wind,0.028
7/23/2024 10:00,Wind,0.016
7/23/2024 11:00,Wind,0.017
7/23/2024 12:00,Wind,0.035
7/23/2024 13:00,Wind,0.046
7/23/2024 14:00,Wind,0.07
7/23/2024 15:00,Wind,0.096
7/23/2024 16:00,Wind,0.095
7/23/2024 17:00,Wind,0.097
7/23/2024 18:00,Wind,0.123
7/23/2024 19:00,Wind,0.149
7/23/2024 20:00,Wind,0.118
7/23/2024 21:00,Wind,0.077
7/23/2024 22:00,Wind,0.058
7/23/2024 23:00,Wind,0.081
7/24/2024 0:00,Wind,0.085
7/24/2024 1:00,Wind,0.09
7/24/2024 2:00,Wind,0.123
7/24/2024 3:00,Wind,0.132
7/24/2024 4:00,Wind,0.146
7/24/2024 5:00,Wind,0.145
7/24/2024 6:00,Wind,0.133
7/24/2024 7:00,Wind,0.126
7/24/2024 8:00,Wind,0.105
7/24/2024 9:00,Wind,0.068
7/24/2024 10:00,Wind,0.07
7/24/2024 11:00,Wind,0.079
7/24/2024 12:00,Wind,0.075
7/24/2024 13:00,Wind,0.084
7/24/2024 14:00,Wind,0.092
7/24/2024 15:00,Wind,0.068
7/24/2024 16:00,Wind,0.052
7/24/2024 17:00,Wind,0.05
7/24/2024 18:00,Wind,0.061
7/24/2024 19:00,Wind,0.072
7/24/2024 20:00,Wind,0.077
7/24/2024 21:00,Wind,0.083
7/24/2024 22:00,Wind,0.111
7/24/2024 23:00,Wind,0.15
7/25/2024 0:00,Wind,0.144
7/25/2024 1:00,Wind,0.141
7/25/2024 2:00,Wind,0.136
7/25/2024 3:00,Wind,0.112
7/25/2024 4:00,Wind,0.119
7/25/2024 5:00,Wind,0.108
7/25/2024 6:00,Wind,0.122
7/25/2024 7:00,Wind,0.121
7/25/2024 8:00,Wind,0.103
7/25/2024 9:00,Wind,0.077
7/25/2024 10:00,Wind,0.071
7/25/2024 11:00,Wind,0.059
7/25/2024 12:00,Wind,0.053
7/25/2024 13:00,Wind,0.059
7/25/2024 14:00,Wind,0.055
7/25/2024 15:00,Wind,0.056
7/25/2024 16:00,Wind,0.063
7/25/2024 17:00,Wind,0.065
7/25/2024 18:00,Wind,0.059
7/25/2024 19:00,Wind,0.061
7/25/2024 20:00,Wind,0.09
7/25/2024 21:00,Wind,0.174
7/25/2024 22:00,Wind,0.235
7/25/2024 23:00,Wind,0.269
7/26/2024 0:00,Wind,0.271
7/26/2024 1:00,Wind,0.274
7/26/2024 2:00,Wind,0.265
7/26/2024 3:00,Wind,0.222
7/26/2024 4:00,Wind,0.179
7/26/2024 5:00,Wind,0.165
7/26/2024 6:00,Wind,0.156
7/26/2024 7:00,Wind,0.149
7/26/2024 8:00,Wind,0.127
7/26/2024 9:00,Wind,0.072
7/26/2024 10:00,Wind,0.043
7/26/2024 11:00,Wind,0.034
7/26/2024 12:00,Wind,0.03
7/26/2024 13:00,Wind,0.025
7/26/2024 14:00,Wind,0.02
7/26/2024 15:00,Wind,0.016
7/26/2024 16:00,Wind,0.013
7/26/2024 17:00,Wind,0.018
7/26/2024 18:00,Wind,0.025
7/26/2024 19:00,Wind,0.036
7/26/2024 20:00,Wind,0.055
7/26/2024 21:00,Wind,0.105
7/26/2024 22:00,Wind,0.134
7/26/2024 23:00,Wind,0.159
7/27/2024 0:00,Wind,0.164
7/27/2024 1:00,Wind,0.168
7/27/2024 2:00,Wind,0.161
7/27/2024 3:00,Wind,0.151
7/27/2024 4:00,Wind,0.145
7/27/2024 5:00,Wind,0.122
7/27/2024 6:00,Wind,0.098
7/27/2024 7:00,Wind,0.076
7/27/2024 8:00,Wind,0.058
7/27/2024 9:00,Wind,0.027
7/27/2024 10:00,Wind,0.009
7/27/2024 11:00,Wind,0.01
7/27/2024 12:00,Wind,0.023
7/27/2024 13:00,Wind,0.033
7/27/2024 14:00,Wind,0.037
7/27/2024 15:00,Wind,0.049
7/27/2024 16:00,Wind,0.061
7/27/2024 17:00,Wind,0.056
7/27/2024 18:00,Wind,0.051
7/27/2024 19:00,Wind,0.043
7/27/2024 20:00,Wind,0.053
7/27/2024 21:00,Wind,0.07
7/27/2024 22:00,Wind,0.105
7/27/2024 23:00,Wind,0.134
7/28/2024 0:00,Wind,0.175
7/28/2024 1:00,Wind,0.2
7/28/2024 2:00,Wind,0.204
7/28/2024 3:00,Wind,0.205
7/28/2024 4:00,Wind,0.187
7/28/2024 5:00,Wind,0.151
7/28/2024 6:00,Wind,0.138
7/28/2024 7:00,Wind,0.143
7/28/2024 8:00,Wind,0.126
7/28/2024 9:00,Wind,0.098
7/28/2024 10:00,Wind,0.079
7/28/2024 11:00,Wind,0.09
7/28/2024 12:00,Wind,0.117
7/28/2024 13:00,Wind,0.154
7/28/2024 14:00,Wind,0.166
7/28/2024 15:00,Wind,0.16
7/28/2024 16:00,Wind,0.141
7/28/2024 17:00,Wind,0.151
7/28/2024 18:00,Wind,0.164
7/28/2024 19:00,Wind,0.167
7/28/2024 20:00,Wind,0.133
7/28/2024 21:00,Wind,0.127
7/28/2024 22:00,Wind,0.184
7/28/2024 23:00,Wind,0.249
7/29/2024 0:00,Wind,0.281
7/29/2024 1:00,Wind,0.298
7/29/2024 2:00,Wind,0.304
7/29/2024 3:00,Wind,0.272
7/29/2024 4:00,Wind,0.225
7/29/2024 5:00,Wind,0.198
7/29/2024 6:00,Wind,0.2
7/29/2024 7:00,Wind,0.215
7/29/2024 8:00,Wind,0.276
7/29/2024 9:00,Wind,0.283
7/29/2024 10:00,Wind,0.258
7/29/2024 11:00,Wind,0.248
7/29/2024 12:00,Wind,0.279
7/29/2024 13:00,Wind,0.303
7/29/2024 14:00,Wind,0.284
7/29/2024 15:00,Wind,0.266
7/29/2024 16:00,Wind,0.237
7/29/2024 17:00,Wind,0.191
7/29/2024 18:00,Wind,0.166
7/29/2024 19:00,Wind,0.132
7/29/2024 20:00,Wind,0.13
7/29/2024 21:00,Wind,0.143
7/29/2024 22:00,Wind,0.159
7/29/2024 23:00,Wind,0.18
7/30/2024 0:00,Wind,0.191
7/30/2024 1:00,Wind,0.196
7/30/2024 2:00,Wind,0.199
7/30/2024 3:00,Wind,0.155
7/30/2024 4:00,Wind,0.116
7/30/2024 5:00,Wind,0.096
7/30/2024 6:00,Wind,0.087
7/30/2024 7:00,Wind,0.086
7/30/2024 8:00,Wind,0.094
7/30/2024 9:00,Wind,0.095
7/30/2024 10:00,Wind,0.079
7/30/2024 11:00,Wind,0.08
7/30/2024 12:00,Wind,0.06
7/30/2024 13:00,Wind,0.077
7/30/2024 14:00,Wind,0.096
7/30/2024 15:00,Wind,0.195
7/30/2024 16:00,Wind,0.252
7/30/2024 17:00,Wind,0.134
7/30/2024 18:00,Wind,0.096
7/30/2024 19:00,Wind,0.094
7/30/2024 20:00,Wind,0.124
7/30/2024 21:00,Wind,0.137
7/30/2024 22:00,Wind,0.134
7/30/2024 23:00,Wind,0.149
7/31/2024 0:00,Wind,0.208
7/31/2024 1:00,Wind,0.223
7/31/2024 2:00,Wind,0.262
7/31/2024 3:00,Wind,0.241
7/31/2024 4:00,Wind,0.211
7/31/2024 5:00,Wind,0.189
7/31/2024 6:00,Wind,0.165
7/31/2024 7:00,Wind,0.18
7/31/2024 8:00,Wind,0.223
7/31/2024 9:00,Wind,0.319
7/31/2024 10:00,Wind,0.291
7/31/2024 11:00,Wind,0.28
7/31/2024 12:00,Wind,0.175
7/31/2024 13:00,Wind,0.191
7/31/2024 14:00,Wind,0.154
7/31/2024 15:00,Wind,0.088
7/31/2024 16:00,Wind,0.06
7/31/2024 17:00,Wind,0.055
7/31/2024 18:00,Wind,0.064
7/31/2024 19:00,Wind,0.071
7/31/2024 20:00,Wind,0.077
7/31/2024 21:00,Wind,0.092
7/31/2024 22:00,Wind,0.112
7/31/2024 23:00,Wind,0.136
8/1/2024 0:00,Wind,0.152
8/1/2024 1:00,Wind,0.213
8/1/2024 2:00,Wind,0.219
8/1/2024 3:00,Wind,0.171
8/1/2024 4:00,Wind,0.153
8/1/2024 5:00,Wind,0.229
8/1/2024 6:00,Wind,0.235
8/1/2024 7:00,Wind,0.237
8/1/2024 8:00,Wind,0.141
8/1/2024 9:00,Wind,0.108
8/1/2024 10:00,Wind,0.08
8/1/2024 11:00,Wind,0.075
8/1/2024 12:00,Wind,0.067
8/1/2024 13:00,Wind,0.076
8/1/2024 14:00,Wind,0.063
8/1/2024 15:00,Wind,0.052
8/1/2024 16:00,Wind,0.062
8/1/2024 17:00,Wind,0.081
8/1/2024 18:00,Wind,0.131
8/1/2024 19:00,Wind,0.124
8/1/2024 20:00,Wind,0.118
8/1/2024 21:00,Wind,0.129
8/1/2024 22:00,Wind,0.144
8/1/2024 23:00,Wind,0.216
8/2/2024 0:00,Wind,0.202
8/2/2024 1:00,Wind,0.188
8/2/2024 2:00,Wind,0.161
8/2/2024 3:00,Wind,0.154
8/2/2024 4:00,Wind,0.164
8/2/2024 5:00,Wind,0.164
8/2/2024 6:00,Wind,0.167
8/2/2024 7:00,Wind,0.173
8/2/2024 8:00,Wind,0.132
8/2/2024 9:00,Wind,0.111
8/2/2024 10:00,Wind,0.114
8/2/2024 11:00,Wind,0.126
8/2/2024 12:00,Wind,0.124
8/2/2024 13:00,Wind,0.163
8/2/2024 14:00,Wind,0.219
8/2/2024 15:00,Wind,0.212
8/2/2024 16:00,Wind,0.27
8/2/2024 17:00,Wind,0.254
8/2/2024 18:00,Wind,0.194
8/2/2024 19:00,Wind,0.148
8/2/2024 20:00,Wind,0.155
8/2/2024 21:00,Wind,0.143
8/2/2024 22:00,Wind,0.115
8/2/2024 23:00,Wind,0.115
8/3/2024 0:00,Wind,0.125
8/3/2024 1:00,Wind,0.138
8/3/2024 2:00,Wind,0.136
8/3/2024 3:00,Wind,0.127
8/3/2024 4:00,Wind,0.125
8/3/2024 5:00,Wind,0.118
8/3/2024 6:00,Wind,0.112
8/3/2024 7:00,Wind,0.115
8/3/2024 8:00,Wind,0.091
8/3/2024 9:00,Wind,0.038
8/3/2024 10:00,Wind,0.018
8/3/2024 11:00,Wind,0.028
8/3/2024 12:00,Wind,0.036
8/3/2024 13:00,Wind,0.049
8/3/2024 14:00,Wind,0.063
8/3/2024 15:00,Wind,0.08
8/3/2024 16:00,Wind,0.098
8/3/2024 17:00,Wind,0.089
8/3/2024 18:00,Wind,0.042
8/3/2024 19:00,Wind,0.026
8/3/2024 20:00,Wind,0.023
8/3/2024 21:00,Wind,0.041
8/3/2024 22:00,Wind,0.043
8/3/2024 23:00,Wind,0.037
8/4/2024 0:00,Wind,0.036
8/4/2024 1:00,Wind,0.035
8/4/2024 2:00,Wind,0.035
8/4/2024 3:00,Wind,0.034
8/4/2024 4:00,Wind,0.04
8/4/2024 5:00,Wind,0.045
8/4/2024 6:00,Wind,0.067
8/4/2024 7:00,Wind,0.055
8/4/2024 8:00,Wind,0.041
8/4/2024 9:00,Wind,0.031
8/4/2024 10:00,Wind,0.016
8/4/2024 11:00,Wind,0.015
8/4/2024 12:00,Wind,0.023
8/4/2024 13:00,Wind,0.03
8/4/2024 14:00,Wind,0.045
8/4/2024 15:00,Wind,0.071
8/4/2024 16:00,Wind,0.111
8/4/2024 17:00,Wind,0.086
8/4/2024 18:00,Wind,0.092
8/4/2024 19:00,Wind,0.083
8/4/2024 20:00,Wind,0.086
8/4/2024 21:00,Wind,0.095
8/4/2024 22:00,Wind,0.103
8/4/2024 23:00,Wind,0.118
8/5/2024 0:00,Wind,0.127
8/5/2024 1:00,Wind,0.15
8/5/2024 2:00,Wind,0.204
8/5/2024 3:00,Wind,0.248
8/5/2024 4:00,Wind,0.257
8/5/2024 5:00,Wind,0.275
8/5/2024 6:00,Wind,0.283
8/5/2024 7:00,Wind,0.301
8/5/2024 8:00,Wind,0.294
8/5/2024 9:00,Wind,0.183
8/5/2024 10:00,Wind,0.099
8/5/2024 11:00,Wind,0.084
8/5/2024 12:00,Wind,0.096
8/5/2024 13:00,Wind,0.103
8/5/2024 14:00,Wind,0.146
8/5/2024 15:00,Wind,0.169
8/5/2024 16:00,Wind,0.182
8/5/2024 17:00,Wind,0.17
8/5/2024 18:00,Wind,0.129
8/5/2024 19:00,Wind,0.096
8/5/2024 20:00,Wind,0.093
8/5/2024 21:00,Wind,0.108
8/5/2024 22:00,Wind,0.119
8/5/2024 23:00,Wind,0.136
8/6/2024 0:00,Wind,0.187
8/6/2024 1:00,Wind,0.258
8/6/2024 2:00,Wind,0.287
8/6/2024 3:00,Wind,0.336
8/6/2024 4:00,Wind,0.381
8/6/2024 5:00,Wind,0.359
8/6/2024 6:00,Wind,0.356
8/6/2024 7:00,Wind,0.362
8/6/2024 8:00,Wind,0.304
8/6/2024 9:00,Wind,0.248
8/6/2024 10:00,Wind,0.259
8/6/2024 11:00,Wind,0.274
8/6/2024 12:00,Wind,0.282
8/6/2024 13:00,Wind,0.294
8/6/2024 14:00,Wind,0.279
8/6/2024 15:00,Wind,0.316
8/6/2024 16:00,Wind,0.405
8/6/2024 17:00,Wind,0.411
8/6/2024 18:00,Wind,0.392
8/6/2024 19:00,Wind,0.354
8/6/2024 20:00,Wind,0.39
8/6/2024 21:00,Wind,0.359
8/6/2024 22:00,Wind,0.301
8/6/2024 23:00,Wind,0.278
8/7/2024 0:00,Wind,0.273
8/7/2024 1:00,Wind,0.272
8/7/2024 2:00,Wind,0.272
8/7/2024 3:00,Wind,0.265
8/7/2024 4:00,Wind,0.254
8/7/2024 5:00,Wind,0.237
8/7/2024 6:00,Wind,0.236
8/7/2024 7:00,Wind,0.24
8/7/2024 8:00,Wind,0.21
8/7/2024 9:00,Wind,0.172
8/7/2024 10:00,Wind,0.174
8/7/2024 11:00,Wind,0.181
8/7/2024 12:00,Wind,0.201
8/7/2024 13:00,Wind,0.205
8/7/2024 14:00,Wind,0.204
8/7/2024 15:00,Wind,0.189
8/7/2024 16:00,Wind,0.162
8/7/2024 17:00,Wind,0.164
8/7/2024 18:00,Wind,0.157
8/7/2024 19:00,Wind,0.142
8/7/2024 20:00,Wind,0.14
8/7/2024 21:00,Wind,0.163
8/7/2024 22:00,Wind,0.176
8/7/2024 23:00,Wind,0.187
8/8/2024 0:00,Wind,0.201
8/8/2024 1:00,Wind,0.195
8/8/2024 2:00,Wind,0.182
8/8/2024 3:00,Wind,0.155
8/8/2024 4:00,Wind,0.135
8/8/2024 5:00,Wind,0.131
8/8/2024 6:00,Wind,0.122
8/8/2024 7:00,Wind,0.133
8/8/2024 8:00,Wind,0.13
8/8/2024 9:00,Wind,0.12
8/8/2024 10:00,Wind,0.112
8/8/2024 11:00,Wind,0.115
8/8/2024 12:00,Wind,0.131
8/8/2024 13:00,Wind,0.142
8/8/2024 14:00,Wind,0.128
8/8/2024 15:00,Wind,0.124
8/8/2024 16:00,Wind,0.143
8/8/2024 17:00,Wind,0.157
8/8/2024 18:00,Wind,0.18
8/8/2024 19:00,Wind,0.186
8/8/2024 20:00,Wind,0.193
8/8/2024 21:00,Wind,0.233
8/8/2024 22:00,Wind,0.306
8/8/2024 23:00,Wind,0.365
8/9/2024 0:00,Wind,0.42
8/9/2024 1:00,Wind,0.451
8/9/2024 2:00,Wind,0.45
8/9/2024 3:00,Wind,0.447
8/9/2024 4:00,Wind,0.459
8/9/2024 5:00,Wind,0.418
8/9/2024 6:00,Wind,0.378
8/9/2024 7:00,Wind,0.397
8/9/2024 8:00,Wind,0.314
8/9/2024 9:00,Wind,0.229
8/9/2024 10:00,Wind,0.214
8/9/2024 11:00,Wind,0.224
8/9/2024 12:00,Wind,0.298
8/9/2024 13:00,Wind,0.376
8/9/2024 14:00,Wind,0.43
8/9/2024 15:00,Wind,0.473
8/9/2024 16:00,Wind,0.478
8/9/2024 17:00,Wind,0.494
8/9/2024 18:00,Wind,0.462
8/9/2024 19:00,Wind,0.394
8/9/2024 20:00,Wind,0.29
8/9/2024 21:00,Wind,0.252
8/9/2024 22:00,Wind,0.241
8/9/2024 23:00,Wind,0.255
8/10/2024 0:00,Wind,0.293
8/10/2024 1:00,Wind,0.282
8/10/2024 2:00,Wind,0.28
8/10/2024 3:00,Wind,0.286
8/10/2024 4:00,Wind,0.275
8/10/2024 5:00,Wind,0.239
8/10/2024 6:00,Wind,0.236
8/10/2024 7:00,Wind,0.252
8/10/2024 8:00,Wind,0.193
8/10/2024 9:00,Wind,0.092
8/10/2024 10:00,Wind,0.096
8/10/2024 11:00,Wind,0.213
8/10/2024 12:00,Wind,0.354
8/10/2024 13:00,Wind,0.379
8/10/2024 14:00,Wind,0.401
8/10/2024 15:00,Wind,0.386
8/10/2024 16:00,Wind,0.366
8/10/2024 17:00,Wind,0.358
8/10/2024 18:00,Wind,0.335
8/10/2024 19:00,Wind,0.247
8/10/2024 20:00,Wind,0.176
8/10/2024 21:00,Wind,0.165
8/10/2024 22:00,Wind,0.183
8/10/2024 23:00,Wind,0.194
8/11/2024 0:00,Wind,0.199
8/11/2024 1:00,Wind,0.196
8/11/2024 2:00,Wind,0.193
8/11/2024 3:00,Wind,0.203
8/11/2024 4:00,Wind,0.199
8/11/2024 5:00,Wind,0.187
8/11/2024 6:00,Wind,0.188
8/11/2024 7:00,Wind,0.176
8/11/2024 8:00,Wind,0.133
8/11/2024 9:00,Wind,0.051
8/11/2024 10:00,Wind,0.029
8/11/2024 11:00,Wind,0.069
8/11/2024 12:00,Wind,0.137
8/11/2024 13:00,Wind,0.181
8/11/2024 14:00,Wind,0.212
8/11/2024 15:00,Wind,0.232
8/11/2024 16:00,Wind,0.216
8/11/2024 17:00,Wind,0.187
8/11/2024 18:00,Wind,0.145
8/11/2024 19:00,Wind,0.086
8/11/2024 20:00,Wind,0.058
8/11/2024 21:00,Wind,0.056
8/11/2024 22:00,Wind,0.057
8/11/2024 23:00,Wind,0.049
8/12/2024 0:00,Wind,0.052
8/12/2024 1:00,Wind,0.062
8/12/2024 2:00,Wind,0.074
8/12/2024 3:00,Wind,0.077
8/12/2024 4:00,Wind,0.064
8/12/2024 5:00,Wind,0.077
8/12/2024 6:00,Wind,0.094
8/12/2024 7:00,Wind,0.101
8/12/2024 8:00,Wind,0.087
8/12/2024 9:00,Wind,0.065
8/12/2024 10:00,Wind,0.073
8/12/2024 11:00,Wind,0.084
8/12/2024 12:00,Wind,0.075
8/12/2024 13:00,Wind,0.065
8/12/2024 14:00,Wind,0.064
8/12/2024 15:00,Wind,0.064
8/12/2024 16:00,Wind,0.068
8/12/2024 17:00,Wind,0.051
8/12/2024 18:00,Wind,0.047
8/12/2024 19:00,Wind,0.037
8/12/2024 20:00,Wind,0.036
8/12/2024 21:00,Wind,0.037
8/12/2024 22:00,Wind,0.031
8/12/2024 23:00,Wind,0.033
8/13/2024 0:00,Wind,0.033
8/13/2024 1:00,Wind,0.029
8/13/2024 2:00,Wind,0.032
8/13/2024 3:00,Wind,0.04
8/13/2024 4:00,Wind,0.051
8/13/2024 5:00,Wind,0.057
8/13/2024 6:00,Wind,0.073
8/13/2024 7:00,Wind,0.076
8/13/2024 8:00,Wind,0.059
8/13/2024 9:00,Wind,0.023
8/13/2024 10:00,Wind,0.012
8/13/2024 11:00,Wind,0.012
8/13/2024 12:00,Wind,0.011
8/13/2024 13:00,Wind,0.013
8/13/2024 14:00,Wind,0.016
8/13/2024 15:00,Wind,0.016
8/13/2024 16:00,Wind,0.017
8/13/2024 17:00,Wind,0.02
8/13/2024 18:00,Wind,0.018
8/13/2024 19:00,Wind,0.014
8/13/2024 20:00,Wind,0.015
8/13/2024 21:00,Wind,0.017
8/13/2024 22:00,Wind,0.016
8/13/2024 23:00,Wind,0.015
8/14/2024 0:00,Wind,0.016
8/14/2024 1:00,Wind,0.014
8/14/2024 2:00,Wind,0.012
8/14/2024 3:00,Wind,0.01
8/14/2024 4:00,Wind,0.013
8/14/2024 5:00,Wind,0.016
8/14/2024 6:00,Wind,0.022
8/14/2024 7:00,Wind,0.047
8/14/2024 8:00,Wind,0.057
8/14/2024 9:00,Wind,0.04
8/14/2024 10:00,Wind,0.014
8/14/2024 11:00,Wind,0.009
8/14/2024 12:00,Wind,0.009
8/14/2024 13:00,Wind,0.021
8/14/2024 14:00,Wind,0.054
8/14/2024 15:00,Wind,0.108
8/14/2024 16:00,Wind,0.088
8/14/2024 17:00,Wind,0.069
8/14/2024 18:00,Wind,0.072
8/14/2024 19:00,Wind,0.066
8/14/2024 20:00,Wind,0.037
8/14/2024 21:00,Wind,0.039
8/14/2024 22:00,Wind,0.086
8/14/2024 23:00,Wind,0.175
8/15/2024 0:00,Wind,0.226
8/15/2024 1:00,Wind,0.282
8/15/2024 2:00,Wind,0.272
8/15/2024 3:00,Wind,0.254
8/15/2024 4:00,Wind,0.262
8/15/2024 5:00,Wind,0.297
8/15/2024 6:00,Wind,0.304
8/15/2024 7:00,Wind,0.311
8/15/2024 8:00,Wind,0.341
8/15/2024 9:00,Wind,0.333
8/15/2024 10:00,Wind,0.374
8/15/2024 11:00,Wind,0.368
8/15/2024 12:00,Wind,0.372
8/15/2024 13:00,Wind,0.343
8/15/2024 14:00,Wind,0.3
8/15/2024 15:00,Wind,0.251
8/15/2024 16:00,Wind,0.197
8/15/2024 17:00,Wind,0.162
8/15/2024 18:00,Wind,0.144
8/15/2024 19:00,Wind,0.102
8/15/2024 20:00,Wind,0.099
8/15/2024 21:00,Wind,0.118
8/15/2024 22:00,Wind,0.179
8/15/2024 23:00,Wind,0.244
8/16/2024 0:00,Wind,0.272
8/16/2024 1:00,Wind,0.295
8/16/2024 2:00,Wind,0.308
8/16/2024 3:00,Wind,0.276
8/16/2024 4:00,Wind,0.261
8/16/2024 5:00,Wind,0.206
8/16/2024 6:00,Wind,0.153
8/16/2024 7:00,Wind,0.129
8/16/2024 8:00,Wind,0.137
8/16/2024 9:00,Wind,0.129
8/16/2024 10:00,Wind,0.134
8/16/2024 11:00,Wind,0.106
8/16/2024 12:00,Wind,0.117
8/16/2024 13:00,Wind,0.161
8/16/2024 14:00,Wind,0.212
8/16/2024 15:00,Wind,0.234
8/16/2024 16:00,Wind,0.269
8/16/2024 17:00,Wind,0.34
8/16/2024 18:00,Wind,0.364
8/16/2024 19:00,Wind,0.326
8/16/2024 20:00,Wind,0.317
8/16/2024 21:00,Wind,0.387
8/16/2024 22:00,Wind,0.431
8/16/2024 23:00,Wind,0.461
8/17/2024 0:00,Wind,0.411
8/17/2024 1:00,Wind,0.359
8/17/2024 2:00,Wind,0.368
8/17/2024 3:00,Wind,0.353
8/17/2024 4:00,Wind,0.362
8/17/2024 5:00,Wind,0.338
8/17/2024 6:00,Wind,0.316
8/17/2024 7:00,Wind,0.318
8/17/2024 8:00,Wind,0.257
8/17/2024 9:00,Wind,0.206
8/17/2024 10:00,Wind,0.234
8/17/2024 11:00,Wind,0.295
8/17/2024 12:00,Wind,0.338
8/17/2024 13:00,Wind,0.339
8/17/2024 14:00,Wind,0.355
8/17/2024 15:00,Wind,0.373
8/17/2024 16:00,Wind,0.428
8/17/2024 17:00,Wind,0.416
8/17/2024 18:00,Wind,0.371
8/17/2024 19:00,Wind,0.286
8/17/2024 20:00,Wind,0.226
8/17/2024 21:00,Wind,0.214
8/17/2024 22:00,Wind,0.249
8/17/2024 23:00,Wind,0.239
8/18/2024 0:00,Wind,0.233
8/18/2024 1:00,Wind,0.22
8/18/2024 2:00,Wind,0.192
8/18/2024 3:00,Wind,0.207
8/18/2024 4:00,Wind,0.222
8/18/2024 5:00,Wind,0.214
8/18/2024 6:00,Wind,0.19
8/18/2024 7:00,Wind,0.174
8/18/2024 8:00,Wind,0.144
8/18/2024 9:00,Wind,0.144
8/18/2024 10:00,Wind,0.186
8/18/2024 11:00,Wind,0.224
8/18/2024 12:00,Wind,0.269
8/18/2024 13:00,Wind,0.303
8/18/2024 14:00,Wind,0.316
8/18/2024 15:00,Wind,0.35
8/18/2024 16:00,Wind,0.337
8/18/2024 17:00,Wind,0.342
8/18/2024 18:00,Wind,0.31
8/18/2024 19:00,Wind,0.278
8/18/2024 20:00,Wind,0.27
8/18/2024 21:00,Wind,0.268
8/18/2024 22:00,Wind,0.269
8/18/2024 23:00,Wind,0.282
8/19/2024 0:00,Wind,0.277
8/19/2024 1:00,Wind,0.256
8/19/2024 2:00,Wind,0.239
8/19/2024 3:00,Wind,0.206
8/19/2024 4:00,Wind,0.146
8/19/2024 5:00,Wind,0.123
8/19/2024 6:00,Wind,0.13
8/19/2024 7:00,Wind,0.156
8/19/2024 8:00,Wind,0.184
8/19/2024 9:00,Wind,0.165
8/19/2024 10:00,Wind,0.18
8/19/2024 11:00,Wind,0.24
8/19/2024 12:00,Wind,0.299
8/19/2024 13:00,Wind,0.336
8/19/2024 14:00,Wind,0.364
8/19/2024 15:00,Wind,0.383
8/19/2024 16:00,Wind,0.43
8/19/2024 17:00,Wind,0.453
8/19/2024 18:00,Wind,0.433
8/19/2024 19:00,Wind,0.366
8/19/2024 20:00,Wind,0.296
8/19/2024 21:00,Wind,0.255
8/19/2024 22:00,Wind,0.267
8/19/2024 23:00,Wind,0.265
8/20/2024 0:00,Wind,0.248
8/20/2024 1:00,Wind,0.271
8/20/2024 2:00,Wind,0.239
8/20/2024 3:00,Wind,0.215
8/20/2024 4:00,Wind,0.207
8/20/2024 5:00,Wind,0.191
8/20/2024 6:00,Wind,0.199
8/20/2024 7:00,Wind,0.22
8/20/2024 8:00,Wind,0.191
8/20/2024 9:00,Wind,0.124
8/20/2024 10:00,Wind,0.123
8/20/2024 11:00,Wind,0.138
8/20/2024 12:00,Wind,0.142
8/20/2024 13:00,Wind,0.159
8/20/2024 14:00,Wind,0.163
8/20/2024 15:00,Wind,0.152
8/20/2024 16:00,Wind,0.135
8/20/2024 17:00,Wind,0.113
8/20/2024 18:00,Wind,0.093
8/20/2024 19:00,Wind,0.092
8/20/2024 20:00,Wind,0.099
8/20/2024 21:00,Wind,0.171
8/20/2024 22:00,Wind,0.256
8/20/2024 23:00,Wind,0.296
8/21/2024 0:00,Wind,0.278
8/21/2024 1:00,Wind,0.224
8/21/2024 2:00,Wind,0.169
8/21/2024 3:00,Wind,0.116
8/21/2024 4:00,Wind,0.08
8/21/2024 5:00,Wind,0.06
8/21/2024 6:00,Wind,0.053
8/21/2024 7:00,Wind,0.06
8/21/2024 8:00,Wind,0.058
8/21/2024 9:00,Wind,0.041
8/21/2024 10:00,Wind,0.049
8/21/2024 11:00,Wind,0.066
8/21/2024 12:00,Wind,0.082
8/21/2024 13:00,Wind,0.084
8/21/2024 14:00,Wind,0.082
8/21/2024 15:00,Wind,0.082
8/21/2024 16:00,Wind,0.077
8/21/2024 17:00,Wind,0.066
8/21/2024 18:00,Wind,0.056
8/21/2024 19:00,Wind,0.042
8/21/2024 20:00,Wind,0.033
8/21/2024 21:00,Wind,0.039
8/21/2024 22:00,Wind,0.038
8/21/2024 23:00,Wind,0.042
8/22/2024 0:00,Wind,0.057
8/22/2024 1:00,Wind,0.054
8/22/2024 2:00,Wind,0.056
8/22/2024 3:00,Wind,0.053
8/22/2024 4:00,Wind,0.044
8/22/2024 5:00,Wind,0.034
8/22/2024 6:00,Wind,0.039
8/22/2024 7:00,Wind,0.043
8/22/2024 8:00,Wind,0.032
8/22/2024 9:00,Wind,0.019
8/22/2024 10:00,Wind,0.016
8/22/2024 11:00,Wind,0.021
8/22/2024 12:00,Wind,0.033
8/22/2024 13:00,Wind,0.036
8/22/2024 14:00,Wind,0.031
8/22/2024 15:00,Wind,0.021
8/22/2024 16:00,Wind,0.011
8/22/2024 17:00,Wind,0.01
8/22/2024 18:00,Wind,0.005
8/22/2024 19:00,Wind,0.005
8/22/2024 20:00,Wind,0.009
8/22/2024 21:00,Wind,0.024
8/22/2024 22:00,Wind,0.06
8/22/2024 23:00,Wind,0.085
8/23/2024 0:00,Wind,0.102
8/23/2024 1:00,Wind,0.106
8/23/2024 2:00,Wind,0.11
8/23/2024 3:00,Wind,0.098
8/23/2024 4:00,Wind,0.107
8/23/2024 5:00,Wind,0.104
8/23/2024 6:00,Wind,0.118
8/23/2024 7:00,Wind,0.137
8/23/2024 8:00,Wind,0.134
8/23/2024 9:00,Wind,0.088
8/23/2024 10:00,Wind,0.023
8/23/2024 11:00,Wind,0.016
8/23/2024 12:00,Wind,0.02
8/23/2024 13:00,Wind,0.022
8/23/2024 14:00,Wind,0.014
8/23/2024 15:00,Wind,0.012
8/23/2024 16:00,Wind,0.017
8/23/2024 17:00,Wind,0.029
8/23/2024 18:00,Wind,0.033
8/23/2024 19:00,Wind,0.026
8/23/2024 20:00,Wind,0.021
8/23/2024 21:00,Wind,0.024
8/23/2024 22:00,Wind,0.042
8/23/2024 23:00,Wind,0.092
8/24/2024 0:00,Wind,0.119
8/24/2024 1:00,Wind,0.126
8/24/2024 2:00,Wind,0.139
8/24/2024 3:00,Wind,0.155
8/24/2024 4:00,Wind,0.161
8/24/2024 5:00,Wind,0.154
8/24/2024 6:00,Wind,0.15
8/24/2024 7:00,Wind,0.165
8/24/2024 8:00,Wind,0.175
8/24/2024 9:00,Wind,0.104
8/24/2024 10:00,Wind,0.044
8/24/2024 11:00,Wind,0.037
8/24/2024 12:00,Wind,0.061
8/24/2024 13:00,Wind,0.091
8/24/2024 14:00,Wind,0.122
8/24/2024 15:00,Wind,0.149
8/24/2024 16:00,Wind,0.145
8/24/2024 17:00,Wind,0.128
8/24/2024 18:00,Wind,0.094
8/24/2024 19:00,Wind,0.071
8/24/2024 20:00,Wind,0.081
8/24/2024 21:00,Wind,0.122
8/24/2024 22:00,Wind,0.195
8/24/2024 23:00,Wind,0.251
8/25/2024 0:00,Wind,0.282
8/25/2024 1:00,Wind,0.309
8/25/2024 2:00,Wind,0.313
8/25/2024 3:00,Wind,0.279
8/25/2024 4:00,Wind,0.242
8/25/2024 5:00,Wind,0.213
8/25/2024 6:00,Wind,0.202
8/25/2024 7:00,Wind,0.222
8/25/2024 8:00,Wind,0.244
8/25/2024 9:00,Wind,0.174
8/25/2024 10:00,Wind,0.148
8/25/2024 11:00,Wind,0.183
8/25/2024 12:00,Wind,0.232
8/25/2024 13:00,Wind,0.27
8/25/2024 14:00,Wind,0.285
8/25/2024 15:00,Wind,0.28
8/25/2024 16:00,Wind,0.282
8/25/2024 17:00,Wind,0.265
8/25/2024 18:00,Wind,0.234
8/25/2024 19:00,Wind,0.205
8/25/2024 20:00,Wind,0.241
8/25/2024 21:00,Wind,0.31
8/25/2024 22:00,Wind,0.343
8/25/2024 23:00,Wind,0.348
8/26/2024 0:00,Wind,0.354
8/26/2024 1:00,Wind,0.378
8/26/2024 2:00,Wind,0.388
8/26/2024 3:00,Wind,0.376
8/26/2024 4:00,Wind,0.39
8/26/2024 5:00,Wind,0.423
8/26/2024 6:00,Wind,0.431
8/26/2024 7:00,Wind,0.437
8/26/2024 8:00,Wind,0.407
8/26/2024 9:00,Wind,0.276
8/26/2024 10:00,Wind,0.187
8/26/2024 11:00,Wind,0.16
8/26/2024 12:00,Wind,0.161
8/26/2024 13:00,Wind,0.159
8/26/2024 14:00,Wind,0.166
8/26/2024 15:00,Wind,0.201
8/26/2024 16:00,Wind,0.219
8/26/2024 17:00,Wind,0.208
8/26/2024 18:00,Wind,0.178
8/26/2024 19:00,Wind,0.15
8/26/2024 20:00,Wind,0.167
8/26/2024 21:00,Wind,0.249
8/26/2024 22:00,Wind,0.316
8/26/2024 23:00,Wind,0.367
8/27/2024 0:00,Wind,0.387
8/27/2024 1:00,Wind,0.392
8/27/2024 2:00,Wind,0.379
8/27/2024 3:00,Wind,0.363
8/27/2024 4:00,Wind,0.342
8/27/2024 5:00,Wind,0.349
8/27/2024 6:00,Wind,0.33
8/27/2024 7:00,Wind,0.207
8/27/2024 8:00,Wind,0.176
8/27/2024 9:00,Wind,0.093
8/27/2024 10:00,Wind,0.052
8/27/2024 11:00,Wind,0.058
8/27/2024 12:00,Wind,0.069
8/27/2024 13:00,Wind,0.089
8/27/2024 14:00,Wind,0.088
8/27/2024 15:00,Wind,0.081
8/27/2024 16:00,Wind,0.073
8/27/2024 17:00,Wind,0.088
8/27/2024 18:00,Wind,0.079
8/27/2024 19:00,Wind,0.064
8/27/2024 20:00,Wind,0.082
8/27/2024 21:00,Wind,0.145
8/27/2024 22:00,Wind,0.226
8/27/2024 23:00,Wind,0.393
8/28/2024 0:00,Wind,0.446
8/28/2024 1:00,Wind,0.39
8/28/2024 2:00,Wind,0.312
8/28/2024 3:00,Wind,0.324
8/28/2024 4:00,Wind,0.306
8/28/2024 5:00,Wind,0.256
8/28/2024 6:00,Wind,0.261
8/28/2024 7:00,Wind,0.218
8/28/2024 8:00,Wind,0.209
8/28/2024 9:00,Wind,0.167
8/28/2024 10:00,Wind,0.13
8/28/2024 11:00,Wind,0.133
8/28/2024 12:00,Wind,0.085
8/28/2024 13:00,Wind,0.078
8/28/2024 14:00,Wind,0.054
8/28/2024 15:00,Wind,0.052
8/28/2024 16:00,Wind,0.051
8/28/2024 17:00,Wind,0.052
8/28/2024 18:00,Wind,0.055
8/28/2024 19:00,Wind,0.044
8/28/2024 20:00,Wind,0.031
8/28/2024 21:00,Wind,0.035
8/28/2024 22:00,Wind,0.041
8/28/2024 23:00,Wind,0.037
8/29/2024 0:00,Wind,0.048
8/29/2024 1:00,Wind,0.082
8/29/2024 2:00,Wind,0.081
8/29/2024 3:00,Wind,0.061
8/29/2024 4:00,Wind,0.068
8/29/2024 5:00,Wind,0.065
8/29/2024 6:00,Wind,0.062
8/29/2024 7:00,Wind,0.083
8/29/2024 8:00,Wind,0.086
8/29/2024 9:00,Wind,0.06
8/29/2024 10:00,Wind,0.046
8/29/2024 11:00,Wind,0.04
8/29/2024 12:00,Wind,0.037
8/29/2024 13:00,Wind,0.034
8/29/2024 14:00,Wind,0.038
8/29/2024 15:00,Wind,0.037
8/29/2024 16:00,Wind,0.041
8/29/2024 17:00,Wind,0.057
8/29/2024 18:00,Wind,0.088
8/29/2024 19:00,Wind,0.112
8/29/2024 20:00,Wind,0.157
8/29/2024 21:00,Wind,0.195
8/29/2024 22:00,Wind,0.234
8/29/2024 23:00,Wind,0.258
8/30/2024 0:00,Wind,0.274
8/30/2024 1:00,Wind,0.312
8/30/2024 2:00,Wind,0.308
8/30/2024 3:00,Wind,0.316
8/30/2024 4:00,Wind,0.288
8/30/2024 5:00,Wind,0.3
8/30/2024 6:00,Wind,0.272
8/30/2024 7:00,Wind,0.244
8/30/2024 8:00,Wind,0.177
8/30/2024 9:00,Wind,0.109
8/30/2024 10:00,Wind,0.065
8/30/2024 11:00,Wind,0.065
8/30/2024 12:00,Wind,0.078
8/30/2024 13:00,Wind,0.078
8/30/2024 14:00,Wind,0.084
8/30/2024 15:00,Wind,0.11
8/30/2024 16:00,Wind,0.14
8/30/2024 17:00,Wind,0.165
8/30/2024 18:00,Wind,0.218
8/30/2024 19:00,Wind,0.173
8/30/2024 20:00,Wind,0.159
8/30/2024 21:00,Wind,0.178
8/30/2024 22:00,Wind,0.184
8/30/2024 23:00,Wind,0.159
8/31/2024 0:00,Wind,0.206
8/31/2024 1:00,Wind,0.191
8/31/2024 2:00,Wind,0.145
8/31/2024 3:00,Wind,0.121
8/31/2024 4:00,Wind,0.104
8/31/2024 5:00,Wind,0.078
8/31/2024 6:00,Wind,0.066
8/31/2024 7:00,Wind,0.061
8/31/2024 8:00,Wind,0.065
8/31/2024 9:00,Wind,0.041
8/31/2024 10:00,Wind,0.024
8/31/2024 11:00,Wind,0.019
8/31/2024 12:00,Wind,0.016
8/31/2024 13:00,Wind,0.018
8/31/2024 14:00,Wind,0.028
8/31/2024 15:00,Wind,0.059
8/31/2024 16:00,Wind,0.086
8/31/2024 17:00,Wind,0.055
8/31/2024 18:00,Wind,0.066
8/31/2024 19:00,Wind,0.055
8/31/2024 20:00,Wind,0.051
8/31/2024 21:00,Wind,0.07
8/31/2024 22:00,Wind,0.122
8/31/2024 23:00,Wind,0.173
9/1/2024 0:00,Wind,0.187
9/1/2024 1:00,Wind,0.222
9/1/2024 2:00,Wind,0.259
9/1/2024 3:00,Wind,0.276
9/1/2024 4:00,Wind,0.298
9/1/2024 5:00,Wind,0.329
9/1/2024 6:00,Wind,0.321
9/1/2024 7:00,Wind,0.318
9/1/2024 8:00,Wind,0.295
9/1/2024 9:00,Wind,0.195
9/1/2024 10:00,Wind,0.197
9/1/2024 11:00,Wind,0.209
9/1/2024 12:00,Wind,0.231
9/1/2024 13:00,Wind,0.237
9/1/2024 14:00,Wind,0.317
9/1/2024 15:00,Wind,0.356
9/1/2024 16:00,Wind,0.382
9/1/2024 17:00,Wind,0.414
9/1/2024 18:00,Wind,0.391
9/1/2024 19:00,Wind,0.347
9/1/2024 20:00,Wind,0.375
9/1/2024 21:00,Wind,0.419
9/1/2024 22:00,Wind,0.43
9/1/2024 23:00,Wind,0.408
9/2/2024 0:00,Wind,0.398
9/2/2024 1:00,Wind,0.4
9/2/2024 2:00,Wind,0.395
9/2/2024 3:00,Wind,0.381
9/2/2024 4:00,Wind,0.351
9/2/2024 5:00,Wind,0.32
9/2/2024 6:00,Wind,0.307
9/2/2024 7:00,Wind,0.295
9/2/2024 8:00,Wind,0.264
9/2/2024 9:00,Wind,0.199
9/2/2024 10:00,Wind,0.198
9/2/2024 11:00,Wind,0.227
9/2/2024 12:00,Wind,0.201
9/2/2024 13:00,Wind,0.194
9/2/2024 14:00,Wind,0.2
9/2/2024 15:00,Wind,0.189
9/2/2024 16:00,Wind,0.177
9/2/2024 17:00,Wind,0.159
9/2/2024 18:00,Wind,0.149
9/2/2024 19:00,Wind,0.143
9/2/2024 20:00,Wind,0.147
9/2/2024 21:00,Wind,0.177
9/2/2024 22:00,Wind,0.23
9/2/2024 23:00,Wind,0.27
9/3/2024 0:00,Wind,0.29
9/3/2024 1:00,Wind,0.309
9/3/2024 2:00,Wind,0.325
9/3/2024 3:00,Wind,0.367
9/3/2024 4:00,Wind,0.342
9/3/2024 5:00,Wind,0.297
9/3/2024 6:00,Wind,0.276
9/3/2024 7:00,Wind,0.272
9/3/2024 8:00,Wind,0.256
9/3/2024 9:00,Wind,0.188
9/3/2024 10:00,Wind,0.172
9/3/2024 11:00,Wind,0.196
9/3/2024 12:00,Wind,0.158
9/3/2024 13:00,Wind,0.122
9/3/2024 14:00,Wind,0.089
9/3/2024 15:00,Wind,0.069
9/3/2024 16:00,Wind,0.065
9/3/2024 17:00,Wind,0.068
9/3/2024 18:00,Wind,0.078
9/3/2024 19:00,Wind,0.081
9/3/2024 20:00,Wind,0.106
9/3/2024 21:00,Wind,0.175
9/3/2024 22:00,Wind,0.271
9/3/2024 23:00,Wind,0.327
9/4/2024 0:00,Wind,0.355
9/4/2024 1:00,Wind,0.363
9/4/2024 2:00,Wind,0.328
9/4/2024 3:00,Wind,0.292
9/4/2024 4:00,Wind,0.25
9/4/2024 5:00,Wind,0.217
9/4/2024 6:00,Wind,0.191
9/4/2024 7:00,Wind,0.177
9/4/2024 8:00,Wind,0.154
9/4/2024 9:00,Wind,0.097
9/4/2024 10:00,Wind,0.068
9/4/2024 11:00,Wind,0.063
9/4/2024 12:00,Wind,0.058
9/4/2024 13:00,Wind,0.051
9/4/2024 14:00,Wind,0.052
9/4/2024 15:00,Wind,0.052
9/4/2024 16:00,Wind,0.057
9/4/2024 17:00,Wind,0.061
9/4/2024 18:00,Wind,0.065
9/4/2024 19:00,Wind,0.07
9/4/2024 20:00,Wind,0.09
9/4/2024 21:00,Wind,0.109
9/4/2024 22:00,Wind,0.148
9/4/2024 23:00,Wind,0.158
9/5/2024 0:00,Wind,0.168
9/5/2024 1:00,Wind,0.186
9/5/2024 2:00,Wind,0.226
9/5/2024 3:00,Wind,0.272
9/5/2024 4:00,Wind,0.28
9/5/2024 5:00,Wind,0.258
9/5/2024 6:00,Wind,0.211
9/5/2024 7:00,Wind,0.174
9/5/2024 8:00,Wind,0.168
9/5/2024 9:00,Wind,0.112
9/5/2024 10:00,Wind,0.063
9/5/2024 11:00,Wind,0.069
9/5/2024 12:00,Wind,0.09
9/5/2024 13:00,Wind,0.104
9/5/2024 14:00,Wind,0.108
9/5/2024 15:00,Wind,0.128
9/5/2024 16:00,Wind,0.147
9/5/2024 17:00,Wind,0.154
9/5/2024 18:00,Wind,0.156
9/5/2024 19:00,Wind,0.146
9/5/2024 20:00,Wind,0.154
9/5/2024 21:00,Wind,0.177
9/5/2024 22:00,Wind,0.203
9/5/2024 23:00,Wind,0.231
9/6/2024 0:00,Wind,0.236
9/6/2024 1:00,Wind,0.257
9/6/2024 2:00,Wind,0.237
9/6/2024 3:00,Wind,0.234
9/6/2024 4:00,Wind,0.195
9/6/2024 5:00,Wind,0.186
9/6/2024 6:00,Wind,0.154
9/6/2024 7:00,Wind,0.149
9/6/2024 8:00,Wind,0.14
9/6/2024 9:00,Wind,0.09
9/6/2024 10:00,Wind,0.082
9/6/2024 11:00,Wind,0.087
9/6/2024 12:00,Wind,0.119
9/6/2024 13:00,Wind,0.175
9/6/2024 14:00,Wind,0.223
9/6/2024 15:00,Wind,0.32
9/6/2024 16:00,Wind,0.369
9/6/2024 17:00,Wind,0.448
9/6/2024 18:00,Wind,0.451
9/6/2024 19:00,Wind,0.44
9/6/2024 20:00,Wind,0.427
9/6/2024 21:00,Wind,0.404
9/6/2024 22:00,Wind,0.392
9/6/2024 23:00,Wind,0.348
9/7/2024 0:00,Wind,0.319
9/7/2024 1:00,Wind,0.321
9/7/2024 2:00,Wind,0.279
9/7/2024 3:00,Wind,0.234
9/7/2024 4:00,Wind,0.252
9/7/2024 5:00,Wind,0.276
9/7/2024 6:00,Wind,0.334
9/7/2024 7:00,Wind,0.397
9/7/2024 8:00,Wind,0.396
9/7/2024 9:00,Wind,0.313
9/7/2024 10:00,Wind,0.393
9/7/2024 11:00,Wind,0.425
9/7/2024 12:00,Wind,0.379
9/7/2024 13:00,Wind,0.345
9/7/2024 14:00,Wind,0.317
9/7/2024 15:00,Wind,0.311
9/7/2024 16:00,Wind,0.304
9/7/2024 17:00,Wind,0.31
9/7/2024 18:00,Wind,0.316
9/7/2024 19:00,Wind,0.265
9/7/2024 20:00,Wind,0.269
9/7/2024 21:00,Wind,0.264
9/7/2024 22:00,Wind,0.257
9/7/2024 23:00,Wind,0.237
9/8/2024 0:00,Wind,0.183
9/8/2024 1:00,Wind,0.147
9/8/2024 2:00,Wind,0.151
9/8/2024 3:00,Wind,0.143
9/8/2024 4:00,Wind,0.134
9/8/2024 5:00,Wind,0.13
9/8/2024 6:00,Wind,0.131
9/8/2024 7:00,Wind,0.129
9/8/2024 8:00,Wind,0.122
9/8/2024 9:00,Wind,0.144
9/8/2024 10:00,Wind,0.143
9/8/2024 11:00,Wind,0.14
9/8/2024 12:00,Wind,0.131
9/8/2024 13:00,Wind,0.126
9/8/2024 14:00,Wind,0.122
9/8/2024 15:00,Wind,0.122
9/8/2024 16:00,Wind,0.128
9/8/2024 17:00,Wind,0.133
9/8/2024 18:00,Wind,0.117
9/8/2024 19:00,Wind,0.104
9/8/2024 20:00,Wind,0.117
9/8/2024 21:00,Wind,0.16
9/8/2024 22:00,Wind,0.216
9/8/2024 23:00,Wind,0.244
9/9/2024 0:00,Wind,0.269
9/9/2024 1:00,Wind,0.277
9/9/2024 2:00,Wind,0.285
9/9/2024 3:00,Wind,0.323
9/9/2024 4:00,Wind,0.35
9/9/2024 5:00,Wind,0.352
9/9/2024 6:00,Wind,0.346
9/9/2024 7:00,Wind,0.336
9/9/2024 8:00,Wind,0.32
9/9/2024 9:00,Wind,0.227
9/9/2024 10:00,Wind,0.132
9/9/2024 11:00,Wind,0.144
9/9/2024 12:00,Wind,0.168
9/9/2024 13:00,Wind,0.154
9/9/2024 14:00,Wind,0.139
9/9/2024 15:00,Wind,0.136
9/9/2024 16:00,Wind,0.138
9/9/2024 17:00,Wind,0.133
9/9/2024 18:00,Wind,0.111
9/9/2024 19:00,Wind,0.097
9/9/2024 20:00,Wind,0.123
9/9/2024 21:00,Wind,0.148
9/9/2024 22:00,Wind,0.159
9/9/2024 23:00,Wind,0.156
9/10/2024 0:00,Wind,0.156
9/10/2024 1:00,Wind,0.159
9/10/2024 2:00,Wind,0.164
9/10/2024 3:00,Wind,0.169
9/10/2024 4:00,Wind,0.172
9/10/2024 5:00,Wind,0.156
9/10/2024 6:00,Wind,0.128
9/10/2024 7:00,Wind,0.111
9/10/2024 8:00,Wind,0.091
9/10/2024 9:00,Wind,0.064
9/10/2024 10:00,Wind,0.035
9/10/2024 11:00,Wind,0.026
9/10/2024 12:00,Wind,0.047
9/10/2024 13:00,Wind,0.065
9/10/2024 14:00,Wind,0.062
9/10/2024 15:00,Wind,0.048
9/10/2024 16:00,Wind,0.039
9/10/2024 17:00,Wind,0.034
9/10/2024 18:00,Wind,0.025
9/10/2024 19:00,Wind,0.03
9/10/2024 20:00,Wind,0.039
9/10/2024 21:00,Wind,0.067
9/10/2024 22:00,Wind,0.088
9/10/2024 23:00,Wind,0.109
9/11/2024 0:00,Wind,0.138
9/11/2024 1:00,Wind,0.168
9/11/2024 2:00,Wind,0.174
9/11/2024 3:00,Wind,0.161
9/11/2024 4:00,Wind,0.148
9/11/2024 5:00,Wind,0.119
9/11/2024 6:00,Wind,0.088
9/11/2024 7:00,Wind,0.077
9/11/2024 8:00,Wind,0.071
9/11/2024 9:00,Wind,0.057
9/11/2024 10:00,Wind,0.029
9/11/2024 11:00,Wind,0.009
9/11/2024 12:00,Wind,0.009
9/11/2024 13:00,Wind,0.014
9/11/2024 14:00,Wind,0.021
9/11/2024 15:00,Wind,0.027
9/11/2024 16:00,Wind,0.031
9/11/2024 17:00,Wind,0.038
9/11/2024 18:00,Wind,0.054
9/11/2024 19:00,Wind,0.084
9/11/2024 20:00,Wind,0.111
9/11/2024 21:00,Wind,0.149
9/11/2024 22:00,Wind,0.178
9/11/2024 23:00,Wind,0.192
9/12/2024 0:00,Wind,0.214
9/12/2024 1:00,Wind,0.22
9/12/2024 2:00,Wind,0.22
9/12/2024 3:00,Wind,0.198
9/12/2024 4:00,Wind,0.172
9/12/2024 5:00,Wind,0.143
9/12/2024 6:00,Wind,0.125
9/12/2024 7:00,Wind,0.144
9/12/2024 8:00,Wind,0.148
9/12/2024 9:00,Wind,0.111
9/12/2024 10:00,Wind,0.07
9/12/2024 11:00,Wind,0.064
9/12/2024 12:00,Wind,0.101
9/12/2024 13:00,Wind,0.173
9/12/2024 14:00,Wind,0.226
9/12/2024 15:00,Wind,0.238
9/12/2024 16:00,Wind,0.239
9/12/2024 17:00,Wind,0.235
9/12/2024 18:00,Wind,0.215
9/12/2024 19:00,Wind,0.255
9/12/2024 20:00,Wind,0.356
9/12/2024 21:00,Wind,0.484
9/12/2024 22:00,Wind,0.525
9/12/2024 23:00,Wind,0.541
9/13/2024 0:00,Wind,0.524
9/13/2024 1:00,Wind,0.53
9/13/2024 2:00,Wind,0.51
9/13/2024 3:00,Wind,0.468
9/13/2024 4:00,Wind,0.416
9/13/2024 5:00,Wind,0.376
9/13/2024 6:00,Wind,0.377
9/13/2024 7:00,Wind,0.385
9/13/2024 8:00,Wind,0.379
9/13/2024 9:00,Wind,0.27
9/13/2024 10:00,Wind,0.189
9/13/2024 11:00,Wind,0.185
9/13/2024 12:00,Wind,0.21
9/13/2024 13:00,Wind,0.283
9/13/2024 14:00,Wind,0.269
9/13/2024 15:00,Wind,0.286
9/13/2024 16:00,Wind,0.311
9/13/2024 17:00,Wind,0.274
9/13/2024 18:00,Wind,0.206
9/13/2024 19:00,Wind,0.17
9/13/2024 20:00,Wind,0.175
9/13/2024 21:00,Wind,0.21
9/13/2024 22:00,Wind,0.217
9/13/2024 23:00,Wind,0.226
9/14/2024 0:00,Wind,0.268
9/14/2024 1:00,Wind,0.303
9/14/2024 2:00,Wind,0.276
9/14/2024 3:00,Wind,0.25
9/14/2024 4:00,Wind,0.247
9/14/2024 5:00,Wind,0.222
9/14/2024 6:00,Wind,0.216
9/14/2024 7:00,Wind,0.241
9/14/2024 8:00,Wind,0.241
9/14/2024 9:00,Wind,0.153
9/14/2024 10:00,Wind,0.123
9/14/2024 11:00,Wind,0.115
9/14/2024 12:00,Wind,0.125
9/14/2024 13:00,Wind,0.145
9/14/2024 14:00,Wind,0.162
9/14/2024 15:00,Wind,0.178
9/14/2024 16:00,Wind,0.189
9/14/2024 17:00,Wind,0.189
9/14/2024 18:00,Wind,0.183
9/14/2024 19:00,Wind,0.174
9/14/2024 20:00,Wind,0.197
9/14/2024 21:00,Wind,0.26
9/14/2024 22:00,Wind,0.311
9/14/2024 23:00,Wind,0.364
9/15/2024 0:00,Wind,0.399
9/15/2024 1:00,Wind,0.393
9/15/2024 2:00,Wind,0.373
9/15/2024 3:00,Wind,0.363
9/15/2024 4:00,Wind,0.358
9/15/2024 5:00,Wind,0.338
9/15/2024 6:00,Wind,0.314
9/15/2024 7:00,Wind,0.326
9/15/2024 8:00,Wind,0.301
9/15/2024 9:00,Wind,0.209
9/15/2024 10:00,Wind,0.127
9/15/2024 11:00,Wind,0.098
9/15/2024 12:00,Wind,0.092
9/15/2024 13:00,Wind,0.116
9/15/2024 14:00,Wind,0.158
9/15/2024 15:00,Wind,0.176
9/15/2024 16:00,Wind,0.185
9/15/2024 17:00,Wind,0.186
9/15/2024 18:00,Wind,0.158
9/15/2024 19:00,Wind,0.145
9/15/2024 20:00,Wind,0.167
9/15/2024 21:00,Wind,0.225
9/15/2024 22:00,Wind,0.258
9/15/2024 23:00,Wind,0.283
9/16/2024 0:00,Wind,0.292
9/16/2024 1:00,Wind,0.282
9/16/2024 2:00,Wind,0.238
9/16/2024 3:00,Wind,0.186
9/16/2024 4:00,Wind,0.17
9/16/2024 5:00,Wind,0.144
9/16/2024 6:00,Wind,0.126
9/16/2024 7:00,Wind,0.129
9/16/2024 8:00,Wind,0.13
9/16/2024 9:00,Wind,0.111
9/16/2024 10:00,Wind,0.073
9/16/2024 11:00,Wind,0.056
9/16/2024 12:00,Wind,0.056
9/16/2024 13:00,Wind,0.086
9/16/2024 14:00,Wind,0.081
9/16/2024 15:00,Wind,0.083
9/16/2024 16:00,Wind,0.083
9/16/2024 17:00,Wind,0.088
9/16/2024 18:00,Wind,0.105
9/16/2024 19:00,Wind,0.127
9/16/2024 20:00,Wind,0.177
9/16/2024 21:00,Wind,0.23
9/16/2024 22:00,Wind,0.266
9/16/2024 23:00,Wind,0.285
9/17/2024 0:00,Wind,0.31
9/17/2024 1:00,Wind,0.322
9/17/2024 2:00,Wind,0.293
9/17/2024 3:00,Wind,0.239
9/17/2024 4:00,Wind,0.191
9/17/2024 5:00,Wind,0.153
9/17/2024 6:00,Wind,0.132
9/17/2024 7:00,Wind,0.123
9/17/2024 8:00,Wind,0.139
9/17/2024 9:00,Wind,0.13
9/17/2024 10:00,Wind,0.11
9/17/2024 11:00,Wind,0.095
9/17/2024 12:00,Wind,0.119
9/17/2024 13:00,Wind,0.111
9/17/2024 14:00,Wind,0.096
9/17/2024 15:00,Wind,0.093
9/17/2024 16:00,Wind,0.087
9/17/2024 17:00,Wind,0.079
9/17/2024 18:00,Wind,0.08
9/17/2024 19:00,Wind,0.12
9/17/2024 20:00,Wind,0.188
9/17/2024 21:00,Wind,0.284
9/17/2024 22:00,Wind,0.336
9/17/2024 23:00,Wind,0.322
9/18/2024 0:00,Wind,0.295
9/18/2024 1:00,Wind,0.257
9/18/2024 2:00,Wind,0.215
9/18/2024 3:00,Wind,0.175
9/18/2024 4:00,Wind,0.133
9/18/2024 5:00,Wind,0.11
9/18/2024 6:00,Wind,0.106
9/18/2024 7:00,Wind,0.081
9/18/2024 8:00,Wind,0.062
9/18/2024 9:00,Wind,0.052
9/18/2024 10:00,Wind,0.034
9/18/2024 11:00,Wind,0.029
9/18/2024 12:00,Wind,0.029
9/18/2024 13:00,Wind,0.032
9/18/2024 14:00,Wind,0.031
9/18/2024 15:00,Wind,0.027
9/18/2024 16:00,Wind,0.027
9/18/2024 17:00,Wind,0.027
9/18/2024 18:00,Wind,0.041
9/18/2024 19:00,Wind,0.05
9/18/2024 20:00,Wind,0.087
9/18/2024 21:00,Wind,0.108
9/18/2024 22:00,Wind,0.118
9/18/2024 23:00,Wind,0.115
9/19/2024 0:00,Wind,0.098
9/19/2024 1:00,Wind,0.103
9/19/2024 2:00,Wind,0.099
9/19/2024 3:00,Wind,0.097
9/19/2024 4:00,Wind,0.066
9/19/2024 5:00,Wind,0.053
9/19/2024 6:00,Wind,0.045
9/19/2024 7:00,Wind,0.052
9/19/2024 8:00,Wind,0.055
9/19/2024 9:00,Wind,0.042
9/19/2024 10:00,Wind,0.015
9/19/2024 11:00,Wind,0.015
9/19/2024 12:00,Wind,0.031
9/19/2024 13:00,Wind,0.046
9/19/2024 14:00,Wind,0.055
9/19/2024 15:00,Wind,0.065
9/19/2024 16:00,Wind,0.066
9/19/2024 17:00,Wind,0.064
9/19/2024 18:00,Wind,0.067
9/19/2024 19:00,Wind,0.067
9/19/2024 20:00,Wind,0.101
9/19/2024 21:00,Wind,0.158
9/19/2024 22:00,Wind,0.257
9/19/2024 23:00,Wind,0.356
9/20/2024 0:00,Wind,0.405
9/20/2024 1:00,Wind,0.403
9/20/2024 2:00,Wind,0.376
9/20/2024 3:00,Wind,0.346
9/20/2024 4:00,Wind,0.316
9/20/2024 5:00,Wind,0.211
9/20/2024 6:00,Wind,0.169
9/20/2024 7:00,Wind,0.152
9/20/2024 8:00,Wind,0.175
9/20/2024 9:00,Wind,0.135
9/20/2024 10:00,Wind,0.101
9/20/2024 11:00,Wind,0.091
9/20/2024 12:00,Wind,0.104
9/20/2024 13:00,Wind,0.119
9/20/2024 14:00,Wind,0.137
9/20/2024 15:00,Wind,0.153
9/20/2024 16:00,Wind,0.149
9/20/2024 17:00,Wind,0.15
9/20/2024 18:00,Wind,0.115
9/20/2024 19:00,Wind,0.089
9/20/2024 20:00,Wind,0.087
9/20/2024 21:00,Wind,0.069
9/20/2024 22:00,Wind,0.059
9/20/2024 23:00,Wind,0.053
9/21/2024 0:00,Wind,0.063
9/21/2024 1:00,Wind,0.069
9/21/2024 2:00,Wind,0.072
9/21/2024 3:00,Wind,0.068
9/21/2024 4:00,Wind,0.057
9/21/2024 5:00,Wind,0.052
9/21/2024 6:00,Wind,0.058
9/21/2024 7:00,Wind,0.067
9/21/2024 8:00,Wind,0.111
9/21/2024 9:00,Wind,0.131
9/21/2024 10:00,Wind,0.102
9/21/2024 11:00,Wind,0.085
9/21/2024 12:00,Wind,0.114
9/21/2024 13:00,Wind,0.117
9/21/2024 14:00,Wind,0.116
9/21/2024 15:00,Wind,0.136
9/21/2024 16:00,Wind,0.13
9/21/2024 17:00,Wind,0.127
9/21/2024 18:00,Wind,0.113
9/21/2024 19:00,Wind,0.08
9/21/2024 20:00,Wind,0.083
9/21/2024 21:00,Wind,0.08
9/21/2024 22:00,Wind,0.072
9/21/2024 23:00,Wind,0.068
9/22/2024 0:00,Wind,0.088
9/22/2024 1:00,Wind,0.121
9/22/2024 2:00,Wind,0.089
9/22/2024 3:00,Wind,0.103
9/22/2024 4:00,Wind,0.156
9/22/2024 5:00,Wind,0.21
9/22/2024 6:00,Wind,0.247
9/22/2024 7:00,Wind,0.209
9/22/2024 8:00,Wind,0.196
9/22/2024 9:00,Wind,0.121
9/22/2024 10:00,Wind,0.057
9/22/2024 11:00,Wind,0.049
9/22/2024 12:00,Wind,0.066
9/22/2024 13:00,Wind,0.144
9/22/2024 14:00,Wind,0.191
9/22/2024 15:00,Wind,0.211
9/22/2024 16:00,Wind,0.253
9/22/2024 17:00,Wind,0.301
9/22/2024 18:00,Wind,0.27
9/22/2024 19:00,Wind,0.28
9/22/2024 20:00,Wind,0.268
9/22/2024 21:00,Wind,0.245
9/22/2024 22:00,Wind,0.228
9/22/2024 23:00,Wind,0.22
9/23/2024 0:00,Wind,0.201
9/23/2024 1:00,Wind,0.168
9/23/2024 2:00,Wind,0.175
9/23/2024 3:00,Wind,0.166
9/23/2024 4:00,Wind,0.15
9/23/2024 5:00,Wind,0.134
9/23/2024 6:00,Wind,0.128
9/23/2024 7:00,Wind,0.126
9/23/2024 8:00,Wind,0.144
9/23/2024 9:00,Wind,0.153
9/23/2024 10:00,Wind,0.176
9/23/2024 11:00,Wind,0.151
9/23/2024 12:00,Wind,0.1
9/23/2024 13:00,Wind,0.077
9/23/2024 14:00,Wind,0.07
9/23/2024 15:00,Wind,0.074
9/23/2024 16:00,Wind,0.081
9/23/2024 17:00,Wind,0.108
9/23/2024 18:00,Wind,0.11
9/23/2024 19:00,Wind,0.084
9/23/2024 20:00,Wind,0.085
9/23/2024 21:00,Wind,0.095
9/23/2024 22:00,Wind,0.09
9/23/2024 23:00,Wind,0.086
9/24/2024 0:00,Wind,0.095
9/24/2024 1:00,Wind,0.08
9/24/2024 2:00,Wind,0.076
9/24/2024 3:00,Wind,0.089
9/24/2024 4:00,Wind,0.102
9/24/2024 5:00,Wind,0.119
9/24/2024 6:00,Wind,0.133
9/24/2024 7:00,Wind,0.109
9/24/2024 8:00,Wind,0.121
9/24/2024 9:00,Wind,0.14
9/24/2024 10:00,Wind,0.196
9/24/2024 11:00,Wind,0.218
9/24/2024 12:00,Wind,0.233
9/24/2024 13:00,Wind,0.243
9/24/2024 14:00,Wind,0.305
9/24/2024 15:00,Wind,0.316
9/24/2024 16:00,Wind,0.288
9/24/2024 17:00,Wind,0.299
9/24/2024 18:00,Wind,0.285
9/24/2024 19:00,Wind,0.213
9/24/2024 20:00,Wind,0.198
9/24/2024 21:00,Wind,0.181
9/24/2024 22:00,Wind,0.176
9/24/2024 23:00,Wind,0.174
9/25/2024 0:00,Wind,0.167
9/25/2024 1:00,Wind,0.154
9/25/2024 2:00,Wind,0.152
9/25/2024 3:00,Wind,0.137
9/25/2024 4:00,Wind,0.131
9/25/2024 5:00,Wind,0.133
9/25/2024 6:00,Wind,0.132
9/25/2024 7:00,Wind,0.129
9/25/2024 8:00,Wind,0.12
9/25/2024 9:00,Wind,0.091
9/25/2024 10:00,Wind,0.074
9/25/2024 11:00,Wind,0.072
9/25/2024 12:00,Wind,0.07
9/25/2024 13:00,Wind,0.063
9/25/2024 14:00,Wind,0.066
9/25/2024 15:00,Wind,0.064
9/25/2024 16:00,Wind,0.071
9/25/2024 17:00,Wind,0.078
9/25/2024 18:00,Wind,0.073
9/25/2024 19:00,Wind,0.053
9/25/2024 20:00,Wind,0.052
9/25/2024 21:00,Wind,0.067
9/25/2024 22:00,Wind,0.07
9/25/2024 23:00,Wind,0.074
9/26/2024 0:00,Wind,0.08
9/26/2024 1:00,Wind,0.091
9/26/2024 2:00,Wind,0.099
9/26/2024 3:00,Wind,0.085
9/26/2024 4:00,Wind,0.068
9/26/2024 5:00,Wind,0.062
9/26/2024 6:00,Wind,0.085
9/26/2024 7:00,Wind,0.103
9/26/2024 8:00,Wind,0.119
9/26/2024 9:00,Wind,0.105
9/26/2024 10:00,Wind,0.067
9/26/2024 11:00,Wind,0.109
9/26/2024 12:00,Wind,0.158
9/26/2024 13:00,Wind,0.172
9/26/2024 14:00,Wind,0.159
9/26/2024 15:00,Wind,0.146
9/26/2024 16:00,Wind,0.15
9/26/2024 17:00,Wind,0.166
9/26/2024 18:00,Wind,0.208
9/26/2024 19:00,Wind,0.24
9/26/2024 20:00,Wind,0.373
9/26/2024 21:00,Wind,0.453
9/26/2024 22:00,Wind,0.477
9/26/2024 23:00,Wind,0.476
9/27/2024 0:00,Wind,0.45
9/27/2024 1:00,Wind,0.422
9/27/2024 2:00,Wind,0.424
9/27/2024 3:00,Wind,0.473
9/27/2024 4:00,Wind,0.551
9/27/2024 5:00,Wind,0.604
9/27/2024 6:00,Wind,0.656
9/27/2024 7:00,Wind,0.693
9/27/2024 8:00,Wind,0.751
9/27/2024 9:00,Wind,0.784
9/27/2024 10:00,Wind,0.806
9/27/2024 11:00,Wind,0.837
9/27/2024 12:00,Wind,0.866
9/27/2024 13:00,Wind,0.906
9/27/2024 14:00,Wind,0.916
9/27/2024 15:00,Wind,0.905
9/27/2024 16:00,Wind,0.907
9/27/2024 17:00,Wind,0.914
9/27/2024 18:00,Wind,0.894
9/27/2024 19:00,Wind,0.916
9/27/2024 20:00,Wind,0.908
9/27/2024 21:00,Wind,0.877
9/27/2024 22:00,Wind,0.843
9/27/2024 23:00,Wind,0.81
9/28/2024 0:00,Wind,0.779
9/28/2024 1:00,Wind,0.725
9/28/2024 2:00,Wind,0.672
9/28/2024 3:00,Wind,0.633
9/28/2024 4:00,Wind,0.594
9/28/2024 5:00,Wind,0.579
9/28/2024 6:00,Wind,0.537
9/28/2024 7:00,Wind,0.482
9/28/2024 8:00,Wind,0.438
9/28/2024 9:00,Wind,0.416
9/28/2024 10:00,Wind,0.442
9/28/2024 11:00,Wind,0.46
9/28/2024 12:00,Wind,0.488
9/28/2024 13:00,Wind,0.495
9/28/2024 14:00,Wind,0.524
9/28/2024 15:00,Wind,0.572
9/28/2024 16:00,Wind,0.569
9/28/2024 17:00,Wind,0.557
9/28/2024 18:00,Wind,0.531
9/28/2024 19:00,Wind,0.477
9/28/2024 20:00,Wind,0.421
9/28/2024 21:00,Wind,0.389
9/28/2024 22:00,Wind,0.36
9/28/2024 23:00,Wind,0.329
9/29/2024 0:00,Wind,0.282
9/29/2024 1:00,Wind,0.256
9/29/2024 2:00,Wind,0.207
9/29/2024 3:00,Wind,0.201
9/29/2024 4:00,Wind,0.217
9/29/2024 5:00,Wind,0.24
9/29/2024 6:00,Wind,0.242
9/29/2024 7:00,Wind,0.263
9/29/2024 8:00,Wind,0.284
9/29/2024 9:00,Wind,0.274
9/29/2024 10:00,Wind,0.33
9/29/2024 11:00,Wind,0.342
9/29/2024 12:00,Wind,0.376
9/29/2024 13:00,Wind,0.38
9/29/2024 14:00,Wind,0.386
9/29/2024 15:00,Wind,0.379
9/29/2024 16:00,Wind,0.394
9/29/2024 17:00,Wind,0.394
9/29/2024 18:00,Wind,0.382
9/29/2024 19:00,Wind,0.325
9/29/2024 20:00,Wind,0.323
9/29/2024 21:00,Wind,0.328
9/29/2024 22:00,Wind,0.304
9/29/2024 23:00,Wind,0.287
9/30/2024 0:00,Wind,0.272
9/30/2024 1:00,Wind,0.236
9/30/2024 2:00,Wind,0.198
9/30/2024 3:00,Wind,0.154
9/30/2024 4:00,Wind,0.123
9/30/2024 5:00,Wind,0.109
9/30/2024 6:00,Wind,0.098
9/30/2024 7:00,Wind,0.09
9/30/2024 8:00,Wind,0.089
9/30/2024 9:00,Wind,0.062
9/30/2024 10:00,Wind,0.044
9/30/2024 11:00,Wind,0.042
9/30/2024 12:00,Wind,0.039
9/30/2024 13:00,Wind,0.041
9/30/2024 14:00,Wind,0.04
9/30/2024 15:00,Wind,0.045
9/30/2024 16:00,Wind,0.054
9/30/2024 17:00,Wind,0.057
9/30/2024 18:00,Wind,0.065
9/30/2024 19:00,Wind,0.062
9/30/2024 20:00,Wind,0.075
9/30/2024 21:00,Wind,0.089
9/30/2024 22:00,Wind,0.092
9/30/2024 23:00,Wind,0.091
10/1/2024 0:00,Wind,0.102
10/1/2024 1:00,Wind,0.114
10/1/2024 2:00,Wind,0.124
10/1/2024 3:00,Wind,0.137
10/1/2024 4:00,Wind,0.171
10/1/2024 5:00,Wind,0.232
10/1/2024 6:00,Wind,0.289
10/1/2024 7:00,Wind,0.344
10/1/2024 8:00,Wind,0.395
10/1/2024 9:00,Wind,0.416
10/1/2024 10:00,Wind,0.436
10/1/2024 11:00,Wind,0.469
10/1/2024 12:00,Wind,0.446
10/1/2024 13:00,Wind,0.44
10/1/2024 14:00,Wind,0.436
10/1/2024 15:00,Wind,0.438
10/1/2024 16:00,Wind,0.466
10/1/2024 17:00,Wind,0.459
10/1/2024 18:00,Wind,0.419
10/1/2024 19:00,Wind,0.348
10/1/2024 20:00,Wind,0.358
10/1/2024 21:00,Wind,0.348
10/1/2024 22:00,Wind,0.29
10/1/2024 23:00,Wind,0.238
10/2/2024 0:00,Wind,0.187
10/2/2024 1:00,Wind,0.155
10/2/2024 2:00,Wind,0.131
10/2/2024 3:00,Wind,0.099
10/2/2024 4:00,Wind,0.077
10/2/2024 5:00,Wind,0.054
10/2/2024 6:00,Wind,0.038
10/2/2024 7:00,Wind,0.029
10/2/2024 8:00,Wind,0.029
10/2/2024 9:00,Wind,0.027
10/2/2024 10:00,Wind,0.025
10/2/2024 11:00,Wind,0.03
10/2/2024 12:00,Wind,0.035
10/2/2024 13:00,Wind,0.047
10/2/2024 14:00,Wind,0.063
10/2/2024 15:00,Wind,0.093
10/2/2024 16:00,Wind,0.126
10/2/2024 17:00,Wind,0.107
10/2/2024 18:00,Wind,0.088
10/2/2024 19:00,Wind,0.08
10/2/2024 20:00,Wind,0.122
10/2/2024 21:00,Wind,0.202
10/2/2024 22:00,Wind,0.277
10/2/2024 23:00,Wind,0.329
10/3/2024 0:00,Wind,0.347
10/3/2024 1:00,Wind,0.342
10/3/2024 2:00,Wind,0.302
10/3/2024 3:00,Wind,0.27
10/3/2024 4:00,Wind,0.224
10/3/2024 5:00,Wind,0.197
10/3/2024 6:00,Wind,0.171
10/3/2024 7:00,Wind,0.136
10/3/2024 8:00,Wind,0.111
10/3/2024 9:00,Wind,0.073
10/3/2024 10:00,Wind,0.014
10/3/2024 11:00,Wind,0.005
10/3/2024 12:00,Wind,0.005
10/3/2024 13:00,Wind,0.007
10/3/2024 14:00,Wind,0.009
10/3/2024 15:00,Wind,0.009
10/3/2024 16:00,Wind,0.008
10/3/2024 17:00,Wind,0.009
10/3/2024 18:00,Wind,0.014
10/3/2024 19:00,Wind,0.029
10/3/2024 20:00,Wind,0.073
10/3/2024 21:00,Wind,0.12
10/3/2024 22:00,Wind,0.142
10/3/2024 23:00,Wind,0.128
10/4/2024 0:00,Wind,0.114
10/4/2024 1:00,Wind,0.097
10/4/2024 2:00,Wind,0.124
10/4/2024 3:00,Wind,0.129
10/4/2024 4:00,Wind,0.137
10/4/2024 5:00,Wind,0.146
10/4/2024 6:00,Wind,0.151
10/4/2024 7:00,Wind,0.216
10/4/2024 8:00,Wind,0.278
10/4/2024 9:00,Wind,0.284
10/4/2024 10:00,Wind,0.236
10/4/2024 11:00,Wind,0.194
10/4/2024 12:00,Wind,0.172
10/4/2024 13:00,Wind,0.16
10/4/2024 14:00,Wind,0.116
10/4/2024 15:00,Wind,0.104
10/4/2024 16:00,Wind,0.114
10/4/2024 17:00,Wind,0.145
10/4/2024 18:00,Wind,0.183
10/4/2024 19:00,Wind,0.245
10/4/2024 20:00,Wind,0.399
10/4/2024 21:00,Wind,0.453
10/4/2024 22:00,Wind,0.424
10/4/2024 23:00,Wind,0.385
10/5/2024 0:00,Wind,0.355
10/5/2024 1:00,Wind,0.352
10/5/2024 2:00,Wind,0.366
10/5/2024 3:00,Wind,0.427
10/5/2024 4:00,Wind,0.459
10/5/2024 5:00,Wind,0.465
10/5/2024 6:00,Wind,0.475
10/5/2024 7:00,Wind,0.479
10/5/2024 8:00,Wind,0.476
10/5/2024 9:00,Wind,0.408
10/5/2024 10:00,Wind,0.361
10/5/2024 11:00,Wind,0.367
10/5/2024 12:00,Wind,0.405
10/5/2024 13:00,Wind,0.442
10/5/2024 14:00,Wind,0.479
10/5/2024 15:00,Wind,0.491
10/5/2024 16:00,Wind,0.51
10/5/2024 17:00,Wind,0.522
10/5/2024 18:00,Wind,0.496
10/5/2024 19:00,Wind,0.499
10/5/2024 20:00,Wind,0.589
10/5/2024 21:00,Wind,0.649
10/5/2024 22:00,Wind,0.713
10/5/2024 23:00,Wind,0.74
10/6/2024 0:00,Wind,0.738
10/6/2024 1:00,Wind,0.747
10/6/2024 2:00,Wind,0.753
10/6/2024 3:00,Wind,0.716
10/6/2024 4:00,Wind,0.691
10/6/2024 5:00,Wind,0.631
10/6/2024 6:00,Wind,0.582
10/6/2024 7:00,Wind,0.532
10/6/2024 8:00,Wind,0.492
10/6/2024 9:00,Wind,0.403
10/6/2024 10:00,Wind,0.374
10/6/2024 11:00,Wind,0.406
10/6/2024 12:00,Wind,0.5
10/6/2024 13:00,Wind,0.615
10/6/2024 14:00,Wind,0.686
10/6/2024 15:00,Wind,0.688
10/6/2024 16:00,Wind,0.718
10/6/2024 17:00,Wind,0.725
10/6/2024 18:00,Wind,0.692
10/6/2024 19:00,Wind,0.648
10/6/2024 20:00,Wind,0.642
10/6/2024 21:00,Wind,0.632
10/6/2024 22:00,Wind,0.592
10/6/2024 23:00,Wind,0.562
10/7/2024 0:00,Wind,0.494
10/7/2024 1:00,Wind,0.425
10/7/2024 2:00,Wind,0.409
10/7/2024 3:00,Wind,0.41
10/7/2024 4:00,Wind,0.403
10/7/2024 5:00,Wind,0.371
10/7/2024 6:00,Wind,0.32
10/7/2024 7:00,Wind,0.271
10/7/2024 8:00,Wind,0.223
10/7/2024 9:00,Wind,0.128
10/7/2024 10:00,Wind,0.095
10/7/2024 11:00,Wind,0.108
10/7/2024 12:00,Wind,0.113
10/7/2024 13:00,Wind,0.123
10/7/2024 14:00,Wind,0.149
10/7/2024 15:00,Wind,0.177
10/7/2024 16:00,Wind,0.184
10/7/2024 17:00,Wind,0.179
10/7/2024 18:00,Wind,0.165
10/7/2024 19:00,Wind,0.156
10/7/2024 20:00,Wind,0.2
10/7/2024 21:00,Wind,0.206
10/7/2024 22:00,Wind,0.189
10/7/2024 23:00,Wind,0.169
10/8/2024 0:00,Wind,0.16
10/8/2024 1:00,Wind,0.122
10/8/2024 2:00,Wind,0.094
10/8/2024 3:00,Wind,0.076
10/8/2024 4:00,Wind,0.066
10/8/2024 5:00,Wind,0.063
10/8/2024 6:00,Wind,0.067
10/8/2024 7:00,Wind,0.067
10/8/2024 8:00,Wind,0.067
10/8/2024 9:00,Wind,0.055
10/8/2024 10:00,Wind,0.035
10/8/2024 11:00,Wind,0.035
10/8/2024 12:00,Wind,0.061
10/8/2024 13:00,Wind,0.089
10/8/2024 14:00,Wind,0.113
10/8/2024 15:00,Wind,0.153
10/8/2024 16:00,Wind,0.17
10/8/2024 17:00,Wind,0.181
10/8/2024 18:00,Wind,0.159
10/8/2024 19:00,Wind,0.139
10/8/2024 20:00,Wind,0.161
10/8/2024 21:00,Wind,0.152
10/8/2024 22:00,Wind,0.15
10/8/2024 23:00,Wind,0.145
10/9/2024 0:00,Wind,0.147
10/9/2024 1:00,Wind,0.166
10/9/2024 2:00,Wind,0.192
10/9/2024 3:00,Wind,0.197
10/9/2024 4:00,Wind,0.184
10/9/2024 5:00,Wind,0.169
10/9/2024 6:00,Wind,0.164
10/9/2024 7:00,Wind,0.155
10/9/2024 8:00,Wind,0.139
10/9/2024 9:00,Wind,0.107
10/9/2024 10:00,Wind,0.08
10/9/2024 11:00,Wind,0.087
10/9/2024 12:00,Wind,0.11
10/9/2024 13:00,Wind,0.121
10/9/2024 14:00,Wind,0.13
10/9/2024 15:00,Wind,0.14
10/9/2024 16:00,Wind,0.146
10/9/2024 17:00,Wind,0.139
10/9/2024 18:00,Wind,0.136
10/9/2024 19:00,Wind,0.159
10/9/2024 20:00,Wind,0.236
10/9/2024 21:00,Wind,0.289
10/9/2024 22:00,Wind,0.341
10/9/2024 23:00,Wind,0.355
10/10/2024 0:00,Wind,0.37
10/10/2024 1:00,Wind,0.364
10/10/2024 2:00,Wind,0.36
10/10/2024 3:00,Wind,0.341
10/10/2024 4:00,Wind,0.329
10/10/2024 5:00,Wind,0.317
10/10/2024 6:00,Wind,0.313
10/10/2024 7:00,Wind,0.331
10/10/2024 8:00,Wind,0.322
10/10/2024 9:00,Wind,0.216
10/10/2024 10:00,Wind,0.097
10/10/2024 11:00,Wind,0.073
10/10/2024 12:00,Wind,0.056
10/10/2024 13:00,Wind,0.047
10/10/2024 14:00,Wind,0.054
10/10/2024 15:00,Wind,0.059
10/10/2024 16:00,Wind,0.061
10/10/2024 17:00,Wind,0.066
10/10/2024 18:00,Wind,0.07
10/10/2024 19:00,Wind,0.09
10/10/2024 20:00,Wind,0.112
10/10/2024 21:00,Wind,0.143
10/10/2024 22:00,Wind,0.185
10/10/2024 23:00,Wind,0.218
10/11/2024 0:00,Wind,0.23
10/11/2024 1:00,Wind,0.248
10/11/2024 2:00,Wind,0.251
10/11/2024 3:00,Wind,0.265
10/11/2024 4:00,Wind,0.3
10/11/2024 5:00,Wind,0.337
10/11/2024 6:00,Wind,0.355
10/11/2024 7:00,Wind,0.369
10/11/2024 8:00,Wind,0.37
10/11/2024 9:00,Wind,0.314
10/11/2024 10:00,Wind,0.198
10/11/2024 11:00,Wind,0.151
10/11/2024 12:00,Wind,0.242
10/11/2024 13:00,Wind,0.318
10/11/2024 14:00,Wind,0.32
10/11/2024 15:00,Wind,0.326
10/11/2024 16:00,Wind,0.327
10/11/2024 17:00,Wind,0.318
10/11/2024 18:00,Wind,0.3
10/11/2024 19:00,Wind,0.377
10/11/2024 20:00,Wind,0.518
10/11/2024 21:00,Wind,0.651
10/11/2024 22:00,Wind,0.723
10/11/2024 23:00,Wind,0.758
10/12/2024 0:00,Wind,0.761
10/12/2024 1:00,Wind,0.691
10/12/2024 2:00,Wind,0.614
10/12/2024 3:00,Wind,0.542
10/12/2024 4:00,Wind,0.45
10/12/2024 5:00,Wind,0.354
10/12/2024 6:00,Wind,0.33
10/12/2024 7:00,Wind,0.314
10/12/2024 8:00,Wind,0.298
10/12/2024 9:00,Wind,0.265
10/12/2024 10:00,Wind,0.228
10/12/2024 11:00,Wind,0.167
10/12/2024 12:00,Wind,0.108
10/12/2024 13:00,Wind,0.114
10/12/2024 14:00,Wind,0.127
10/12/2024 15:00,Wind,0.191
10/12/2024 16:00,Wind,0.247
10/12/2024 17:00,Wind,0.324
10/12/2024 18:00,Wind,0.409
10/12/2024 19:00,Wind,0.553
10/12/2024 20:00,Wind,0.61
10/12/2024 21:00,Wind,0.542
10/12/2024 22:00,Wind,0.462
10/12/2024 23:00,Wind,0.402
10/13/2024 0:00,Wind,0.343
10/13/2024 1:00,Wind,0.319
10/13/2024 2:00,Wind,0.411
10/13/2024 3:00,Wind,0.409
10/13/2024 4:00,Wind,0.376
10/13/2024 5:00,Wind,0.389
10/13/2024 6:00,Wind,0.394
10/13/2024 7:00,Wind,0.382
10/13/2024 8:00,Wind,0.383
10/13/2024 9:00,Wind,0.341
10/13/2024 10:00,Wind,0.354
10/13/2024 11:00,Wind,0.465
10/13/2024 12:00,Wind,0.583
10/13/2024 13:00,Wind,0.679
10/13/2024 14:00,Wind,0.772
10/13/2024 15:00,Wind,0.794
10/13/2024 16:00,Wind,0.787
10/13/2024 17:00,Wind,0.737
10/13/2024 18:00,Wind,0.75
10/13/2024 19:00,Wind,0.744
10/13/2024 20:00,Wind,0.767
10/13/2024 21:00,Wind,0.809
10/13/2024 22:00,Wind,0.785
10/13/2024 23:00,Wind,0.751
10/14/2024 0:00,Wind,0.78
10/14/2024 1:00,Wind,0.793
10/14/2024 2:00,Wind,0.802
10/14/2024 3:00,Wind,0.843
10/14/2024 4:00,Wind,0.868
10/14/2024 5:00,Wind,0.848
10/14/2024 6:00,Wind,0.795
10/14/2024 7:00,Wind,0.75
10/14/2024 8:00,Wind,0.709
10/14/2024 9:00,Wind,0.625
10/14/2024 10:00,Wind,0.579
10/14/2024 11:00,Wind,0.457
10/14/2024 12:00,Wind,0.379
10/14/2024 13:00,Wind,0.326
10/14/2024 14:00,Wind,0.317
10/14/2024 15:00,Wind,0.344
10/14/2024 16:00,Wind,0.349
10/14/2024 17:00,Wind,0.338
10/14/2024 18:00,Wind,0.294
10/14/2024 19:00,Wind,0.248
10/14/2024 20:00,Wind,0.231
10/14/2024 21:00,Wind,0.239
10/14/2024 22:00,Wind,0.289
10/14/2024 23:00,Wind,0.293
10/15/2024 0:00,Wind,0.274
10/15/2024 1:00,Wind,0.263
10/15/2024 2:00,Wind,0.268
10/15/2024 3:00,Wind,0.273
10/15/2024 4:00,Wind,0.26
10/15/2024 5:00,Wind,0.298
10/15/2024 6:00,Wind,0.336
10/15/2024 7:00,Wind,0.352
10/15/2024 8:00,Wind,0.341
10/15/2024 9:00,Wind,0.315
10/15/2024 10:00,Wind,0.357
10/15/2024 11:00,Wind,0.383
10/15/2024 12:00,Wind,0.424
10/15/2024 13:00,Wind,0.519
10/15/2024 14:00,Wind,0.53
10/15/2024 15:00,Wind,0.545
10/15/2024 16:00,Wind,0.575
10/15/2024 17:00,Wind,0.597
10/15/2024 18:00,Wind,0.583
10/15/2024 19:00,Wind,0.557
10/15/2024 20:00,Wind,0.551
10/15/2024 21:00,Wind,0.555
10/15/2024 22:00,Wind,0.554
10/15/2024 23:00,Wind,0.538
10/16/2024 0:00,Wind,0.478
10/16/2024 1:00,Wind,0.402
10/16/2024 2:00,Wind,0.378
10/16/2024 3:00,Wind,0.322
10/16/2024 4:00,Wind,0.308
10/16/2024 5:00,Wind,0.325
10/16/2024 6:00,Wind,0.318
10/16/2024 7:00,Wind,0.288
10/16/2024 8:00,Wind,0.305
10/16/2024 9:00,Wind,0.275
10/16/2024 10:00,Wind,0.198
10/16/2024 11:00,Wind,0.217
10/16/2024 12:00,Wind,0.252
10/16/2024 13:00,Wind,0.231
10/16/2024 14:00,Wind,0.229
10/16/2024 15:00,Wind,0.224
10/16/2024 16:00,Wind,0.186
10/16/2024 17:00,Wind,0.148
10/16/2024 18:00,Wind,0.119
10/16/2024 19:00,Wind,0.11
10/16/2024 20:00,Wind,0.118
10/16/2024 21:00,Wind,0.125
10/16/2024 22:00,Wind,0.128
10/16/2024 23:00,Wind,0.121
10/17/2024 0:00,Wind,0.123
10/17/2024 1:00,Wind,0.122
10/17/2024 2:00,Wind,0.109
10/17/2024 3:00,Wind,0.109
10/17/2024 4:00,Wind,0.116
10/17/2024 5:00,Wind,0.128
10/17/2024 6:00,Wind,0.152
10/17/2024 7:00,Wind,0.181
10/17/2024 8:00,Wind,0.176
10/17/2024 9:00,Wind,0.164
10/17/2024 10:00,Wind,0.113
10/17/2024 11:00,Wind,0.112
10/17/2024 12:00,Wind,0.152
10/17/2024 13:00,Wind,0.186
10/17/2024 14:00,Wind,0.194
10/17/2024 15:00,Wind,0.186
10/17/2024 16:00,Wind,0.19
10/17/2024 17:00,Wind,0.205
10/17/2024 18:00,Wind,0.22
10/17/2024 19:00,Wind,0.296
10/17/2024 20:00,Wind,0.387
10/17/2024 21:00,Wind,0.43
10/17/2024 22:00,Wind,0.469
10/17/2024 23:00,Wind,0.502
10/18/2024 0:00,Wind,0.502
10/18/2024 1:00,Wind,0.473
10/18/2024 2:00,Wind,0.443
10/18/2024 3:00,Wind,0.425
10/18/2024 4:00,Wind,0.425
10/18/2024 5:00,Wind,0.371
10/18/2024 6:00,Wind,0.339
10/18/2024 7:00,Wind,0.299
10/18/2024 8:00,Wind,0.261
10/18/2024 9:00,Wind,0.225
10/18/2024 10:00,Wind,0.145
10/18/2024 11:00,Wind,0.162
10/18/2024 12:00,Wind,0.235
10/18/2024 13:00,Wind,0.194
10/18/2024 14:00,Wind,0.169
10/18/2024 15:00,Wind,0.162
10/18/2024 16:00,Wind,0.144
10/18/2024 17:00,Wind,0.129
10/18/2024 18:00,Wind,0.117
10/18/2024 19:00,Wind,0.126
10/18/2024 20:00,Wind,0.168
10/18/2024 21:00,Wind,0.242
10/18/2024 22:00,Wind,0.31
10/18/2024 23:00,Wind,0.325
10/19/2024 0:00,Wind,0.306
10/19/2024 1:00,Wind,0.277
10/19/2024 2:00,Wind,0.246
10/19/2024 3:00,Wind,0.225
10/19/2024 4:00,Wind,0.209
10/19/2024 5:00,Wind,0.196
10/19/2024 6:00,Wind,0.172
10/19/2024 7:00,Wind,0.149
10/19/2024 8:00,Wind,0.124
10/19/2024 9:00,Wind,0.079
10/19/2024 10:00,Wind,0.035
10/19/2024 11:00,Wind,0.012
10/19/2024 12:00,Wind,0.012
10/19/2024 13:00,Wind,0.022
10/19/2024 14:00,Wind,0.032
10/19/2024 15:00,Wind,0.05
10/19/2024 16:00,Wind,0.06
10/19/2024 17:00,Wind,0.063
10/19/2024 18:00,Wind,0.064
10/19/2024 19:00,Wind,0.086
10/19/2024 20:00,Wind,0.137
10/19/2024 21:00,Wind,0.203
10/19/2024 22:00,Wind,0.243
10/19/2024 23:00,Wind,0.285
10/20/2024 0:00,Wind,0.341
10/20/2024 1:00,Wind,0.367
10/20/2024 2:00,Wind,0.387
10/20/2024 3:00,Wind,0.395
10/20/2024 4:00,Wind,0.427
10/20/2024 5:00,Wind,0.437
10/20/2024 6:00,Wind,0.408
10/20/2024 7:00,Wind,0.341
10/20/2024 8:00,Wind,0.3
10/20/2024 9:00,Wind,0.26
10/20/2024 10:00,Wind,0.151
10/20/2024 11:00,Wind,0.091
10/20/2024 12:00,Wind,0.126
10/20/2024 13:00,Wind,0.164
10/20/2024 14:00,Wind,0.178
10/20/2024 15:00,Wind,0.194
10/20/2024 16:00,Wind,0.191
10/20/2024 17:00,Wind,0.187
10/20/2024 18:00,Wind,0.2
10/20/2024 19:00,Wind,0.301
10/20/2024 20:00,Wind,0.451
10/20/2024 21:00,Wind,0.629
10/20/2024 22:00,Wind,0.724
10/20/2024 23:00,Wind,0.724
10/21/2024 0:00,Wind,0.693
10/21/2024 1:00,Wind,0.658
10/21/2024 2:00,Wind,0.626
10/21/2024 3:00,Wind,0.565
10/21/2024 4:00,Wind,0.536
10/21/2024 5:00,Wind,0.492
10/21/2024 6:00,Wind,0.442
10/21/2024 7:00,Wind,0.362
10/21/2024 8:00,Wind,0.304
10/21/2024 9:00,Wind,0.234
10/21/2024 10:00,Wind,0.126
10/21/2024 11:00,Wind,0.069
10/21/2024 12:00,Wind,0.072
10/21/2024 13:00,Wind,0.098
10/21/2024 14:00,Wind,0.125
10/21/2024 15:00,Wind,0.146
10/21/2024 16:00,Wind,0.172
10/21/2024 17:00,Wind,0.205
10/21/2024 18:00,Wind,0.209
10/21/2024 19:00,Wind,0.293
10/21/2024 20:00,Wind,0.4
10/21/2024 21:00,Wind,0.462
10/21/2024 22:00,Wind,0.519
10/21/2024 23:00,Wind,0.543
10/22/2024 0:00,Wind,0.544
10/22/2024 1:00,Wind,0.524
10/22/2024 2:00,Wind,0.51
10/22/2024 3:00,Wind,0.496
10/22/2024 4:00,Wind,0.518
10/22/2024 5:00,Wind,0.505
10/22/2024 6:00,Wind,0.504
10/22/2024 7:00,Wind,0.533
10/22/2024 8:00,Wind,0.565
10/22/2024 9:00,Wind,0.56
10/22/2024 10:00,Wind,0.47
10/22/2024 11:00,Wind,0.495
10/22/2024 12:00,Wind,0.57
10/22/2024 13:00,Wind,0.57
10/22/2024 14:00,Wind,0.587
10/22/2024 15:00,Wind,0.605
10/22/2024 16:00,Wind,0.626
10/22/2024 17:00,Wind,0.658
10/22/2024 18:00,Wind,0.577
10/22/2024 19:00,Wind,0.572
10/22/2024 20:00,Wind,0.594
10/22/2024 21:00,Wind,0.706
10/22/2024 22:00,Wind,0.767
10/22/2024 23:00,Wind,0.75
10/23/2024 0:00,Wind,0.745
10/23/2024 1:00,Wind,0.668
10/23/2024 2:00,Wind,0.613
10/23/2024 3:00,Wind,0.576
10/23/2024 4:00,Wind,0.577
10/23/2024 5:00,Wind,0.587
10/23/2024 6:00,Wind,0.586
10/23/2024 7:00,Wind,0.591
10/23/2024 8:00,Wind,0.611
10/23/2024 9:00,Wind,0.53
10/23/2024 10:00,Wind,0.487
10/23/2024 11:00,Wind,0.513
10/23/2024 12:00,Wind,0.447
10/23/2024 13:00,Wind,0.367
10/23/2024 14:00,Wind,0.421
10/23/2024 15:00,Wind,0.445
10/23/2024 16:00,Wind,0.492
10/23/2024 17:00,Wind,0.45
10/23/2024 18:00,Wind,0.379
10/23/2024 19:00,Wind,0.311
10/23/2024 20:00,Wind,0.301
10/23/2024 21:00,Wind,0.272
10/23/2024 22:00,Wind,0.258
10/23/2024 23:00,Wind,0.215
10/24/2024 0:00,Wind,0.172
10/24/2024 1:00,Wind,0.159
10/24/2024 2:00,Wind,0.143
10/24/2024 3:00,Wind,0.132
10/24/2024 4:00,Wind,0.135
