time,Fuel type,CF_Solar
1/1/2024 5:00,Solar,0.002
1/1/2024 6:00,Solar,0.002
1/1/2024 7:00,Solar,0.003
1/1/2024 8:00,Solar,0.037
1/1/2024 9:00,Solar,0.12
1/1/2024 10:00,Solar,0.192
1/1/2024 11:00,Solar,0.23
1/1/2024 12:00,Solar,0.205
1/1/2024 13:00,Solar,0.167
1/1/2024 14:00,Solar,0.129
1/1/2024 15:00,Solar,0.083
1/1/2024 16:00,Solar,0.022
1/1/2024 17:00,Solar,0.002
1/1/2024 18:00,Solar,0.002
1/1/2024 19:00,Solar,0.002
1/1/2024 20:00,Solar,0.002
1/1/2024 21:00,Solar,0.002
1/1/2024 22:00,Solar,0.002
1/1/2024 23:00,Solar,0.002
1/2/2024 0:00,Solar,0.002
1/2/2024 1:00,Solar,0.002
1/2/2024 2:00,Solar,0.002
1/2/2024 3:00,Solar,0.002
1/2/2024 4:00,Solar,0.002
1/2/2024 5:00,Solar,0.002
1/2/2024 6:00,Solar,0.002
1/2/2024 7:00,Solar,0.004
1/2/2024 8:00,Solar,0.105
1/2/2024 9:00,Solar,0.292
1/2/2024 10:00,Solar,0.358
1/2/2024 11:00,Solar,0.371
1/2/2024 12:00,Solar,0.39
1/2/2024 13:00,Solar,0.405
1/2/2024 14:00,Solar,0.402
1/2/2024 15:00,Solar,0.296
1/2/2024 16:00,Solar,0.08
1/2/2024 17:00,Solar,0.003
1/2/2024 18:00,Solar,0.002
1/2/2024 19:00,Solar,0.002
1/2/2024 20:00,Solar,0.002
1/2/2024 21:00,Solar,0.002
1/2/2024 22:00,Solar,0.002
1/2/2024 23:00,Solar,0.002
1/3/2024 0:00,Solar,0.002
1/3/2024 1:00,Solar,0.002
1/3/2024 2:00,Solar,0.002
1/3/2024 3:00,Solar,0.002
1/3/2024 4:00,Solar,0.002
1/3/2024 5:00,Solar,0.002
1/3/2024 6:00,Solar,0.002
1/3/2024 7:00,Solar,0.006
1/3/2024 8:00,Solar,0.132
1/3/2024 9:00,Solar,0.373
1/3/2024 10:00,Solar,0.45
1/3/2024 11:00,Solar,0.452
1/3/2024 12:00,Solar,0.427
1/3/2024 13:00,Solar,0.414
1/3/2024 14:00,Solar,0.342
1/3/2024 15:00,Solar,0.176
1/3/2024 16:00,Solar,0.03
1/3/2024 17:00,Solar,0.002
1/3/2024 18:00,Solar,0.002
1/3/2024 19:00,Solar,0.002
1/3/2024 20:00,Solar,0.002
1/3/2024 21:00,Solar,0.002
1/3/2024 22:00,Solar,0.002
1/3/2024 23:00,Solar,0.002
1/4/2024 0:00,Solar,0.002
1/4/2024 1:00,Solar,0.002
1/4/2024 2:00,Solar,0.002
1/4/2024 3:00,Solar,0.002
1/4/2024 4:00,Solar,0.002
1/4/2024 5:00,Solar,0.002
1/4/2024 6:00,Solar,0.002
1/4/2024 7:00,Solar,0.003
1/4/2024 8:00,Solar,0.06
1/4/2024 9:00,Solar,0.162
1/4/2024 10:00,Solar,0.219
1/4/2024 11:00,Solar,0.233
1/4/2024 12:00,Solar,0.25
1/4/2024 13:00,Solar,0.244
1/4/2024 14:00,Solar,0.248
1/4/2024 15:00,Solar,0.223
1/4/2024 16:00,Solar,0.087
1/4/2024 17:00,Solar,0.005
1/4/2024 18:00,Solar,0.002
1/4/2024 19:00,Solar,0.002
1/4/2024 20:00,Solar,0.002
1/4/2024 21:00,Solar,0.002
1/4/2024 22:00,Solar,0.002
1/4/2024 23:00,Solar,0.002
1/5/2024 0:00,Solar,0.002
1/5/2024 1:00,Solar,0.002
1/5/2024 2:00,Solar,0.002
1/5/2024 3:00,Solar,0.002
1/5/2024 4:00,Solar,0.002
1/5/2024 5:00,Solar,0.002
1/5/2024 6:00,Solar,0.002
1/5/2024 7:00,Solar,0.006
1/5/2024 8:00,Solar,0.141
1/5/2024 9:00,Solar,0.405
1/5/2024 10:00,Solar,0.493
1/5/2024 11:00,Solar,0.501
1/5/2024 12:00,Solar,0.486
1/5/2024 13:00,Solar,0.485
1/5/2024 14:00,Solar,0.484
1/5/2024 15:00,Solar,0.335
1/5/2024 16:00,Solar,0.095
1/5/2024 17:00,Solar,0.003
1/5/2024 18:00,Solar,0.002
1/5/2024 19:00,Solar,0.002
1/5/2024 20:00,Solar,0.002
1/5/2024 21:00,Solar,0.002
1/5/2024 22:00,Solar,0.002
1/5/2024 23:00,Solar,0.002
1/6/2024 0:00,Solar,0.002
1/6/2024 1:00,Solar,0.002
1/6/2024 2:00,Solar,0.002
1/6/2024 3:00,Solar,0.002
1/6/2024 4:00,Solar,0.002
1/6/2024 5:00,Solar,0.002
1/6/2024 6:00,Solar,0.003
1/6/2024 7:00,Solar,0.003
1/6/2024 8:00,Solar,0.006
1/6/2024 9:00,Solar,0.02
1/6/2024 10:00,Solar,0.04
1/6/2024 11:00,Solar,0.065
1/6/2024 12:00,Solar,0.066
1/6/2024 13:00,Solar,0.058
1/6/2024 14:00,Solar,0.043
1/6/2024 15:00,Solar,0.034
1/6/2024 16:00,Solar,0.017
1/6/2024 17:00,Solar,0.002
1/6/2024 18:00,Solar,0.002
1/6/2024 19:00,Solar,0.002
1/6/2024 20:00,Solar,0.002
1/6/2024 21:00,Solar,0.002
1/6/2024 22:00,Solar,0.002
1/6/2024 23:00,Solar,0.002
1/7/2024 0:00,Solar,0.002
1/7/2024 1:00,Solar,0.002
1/7/2024 2:00,Solar,0.002
1/7/2024 3:00,Solar,0.002
1/7/2024 4:00,Solar,0.002
1/7/2024 5:00,Solar,0.002
1/7/2024 6:00,Solar,0.002
1/7/2024 7:00,Solar,0.003
1/7/2024 8:00,Solar,0.033
1/7/2024 9:00,Solar,0.16
1/7/2024 10:00,Solar,0.327
1/7/2024 11:00,Solar,0.366
1/7/2024 12:00,Solar,0.358
1/7/2024 13:00,Solar,0.321
1/7/2024 14:00,Solar,0.224
1/7/2024 15:00,Solar,0.128
1/7/2024 16:00,Solar,0.041
1/7/2024 17:00,Solar,0.002
1/7/2024 18:00,Solar,0.002
1/7/2024 19:00,Solar,0.002
1/7/2024 20:00,Solar,0.002
1/7/2024 21:00,Solar,0.002
1/7/2024 22:00,Solar,0.002
1/7/2024 23:00,Solar,0.002
1/8/2024 0:00,Solar,0.002
1/8/2024 1:00,Solar,0.002
1/8/2024 2:00,Solar,0.002
1/8/2024 3:00,Solar,0.002
1/8/2024 4:00,Solar,0.002
1/8/2024 5:00,Solar,0.002
1/8/2024 6:00,Solar,0.002
1/8/2024 7:00,Solar,0.006
1/8/2024 8:00,Solar,0.105
1/8/2024 9:00,Solar,0.319
1/8/2024 10:00,Solar,0.411
1/8/2024 11:00,Solar,0.422
1/8/2024 12:00,Solar,0.423
1/8/2024 13:00,Solar,0.443
1/8/2024 14:00,Solar,0.436
1/8/2024 15:00,Solar,0.299
1/8/2024 16:00,Solar,0.092
1/8/2024 17:00,Solar,0.004
1/8/2024 18:00,Solar,0.002
1/8/2024 19:00,Solar,0.002
1/8/2024 20:00,Solar,0.002
1/8/2024 21:00,Solar,0.002
1/8/2024 22:00,Solar,0.002
1/8/2024 23:00,Solar,0.002
1/9/2024 0:00,Solar,0.002
1/9/2024 1:00,Solar,0.002
1/9/2024 2:00,Solar,0.002
1/9/2024 3:00,Solar,0.002
1/9/2024 4:00,Solar,0.002
1/9/2024 5:00,Solar,0.002
1/9/2024 6:00,Solar,0.002
1/9/2024 7:00,Solar,0.002
1/9/2024 8:00,Solar,0.004
1/9/2024 9:00,Solar,0.011
1/9/2024 10:00,Solar,0.019
1/9/2024 11:00,Solar,0.03
1/9/2024 12:00,Solar,0.044
1/9/2024 13:00,Solar,0.041
1/9/2024 14:00,Solar,0.027
1/9/2024 15:00,Solar,0.017
1/9/2024 16:00,Solar,0.007
1/9/2024 17:00,Solar,0.003
1/9/2024 18:00,Solar,0.002
1/9/2024 19:00,Solar,0.002
1/9/2024 20:00,Solar,0.002
1/9/2024 21:00,Solar,0.002
1/9/2024 22:00,Solar,0.002
1/9/2024 23:00,Solar,0.002
1/10/2024 0:00,Solar,0.002
1/10/2024 1:00,Solar,0.002
1/10/2024 2:00,Solar,0.002
1/10/2024 3:00,Solar,0.002
1/10/2024 4:00,Solar,0.002
1/10/2024 5:00,Solar,0.002
1/10/2024 6:00,Solar,0.002
1/10/2024 7:00,Solar,0.005
1/10/2024 8:00,Solar,0.112
1/10/2024 9:00,Solar,0.301
1/10/2024 10:00,Solar,0.336
1/10/2024 11:00,Solar,0.322
1/10/2024 12:00,Solar,0.281
1/10/2024 13:00,Solar,0.285
1/10/2024 14:00,Solar,0.287
1/10/2024 15:00,Solar,0.239
1/10/2024 16:00,Solar,0.061
1/10/2024 17:00,Solar,0.003
1/10/2024 18:00,Solar,0.002
1/10/2024 19:00,Solar,0.002
1/10/2024 20:00,Solar,0.002
1/10/2024 21:00,Solar,0.002
1/10/2024 22:00,Solar,0.002
1/10/2024 23:00,Solar,0.002
1/11/2024 0:00,Solar,0.002
1/11/2024 1:00,Solar,0.002
1/11/2024 2:00,Solar,0.002
1/11/2024 3:00,Solar,0.002
1/11/2024 4:00,Solar,0.002
1/11/2024 5:00,Solar,0.002
1/11/2024 6:00,Solar,0.002
1/11/2024 7:00,Solar,0.006
1/11/2024 8:00,Solar,0.137
1/11/2024 9:00,Solar,0.366
1/11/2024 10:00,Solar,0.405
1/11/2024 11:00,Solar,0.42
1/11/2024 12:00,Solar,0.455
1/11/2024 13:00,Solar,0.471
1/11/2024 14:00,Solar,0.475
1/11/2024 15:00,Solar,0.394
1/11/2024 16:00,Solar,0.146
1/11/2024 17:00,Solar,0.008
1/11/2024 18:00,Solar,0.002
1/11/2024 19:00,Solar,0.002
1/11/2024 20:00,Solar,0.002
1/11/2024 21:00,Solar,0.002
1/11/2024 22:00,Solar,0.002
1/11/2024 23:00,Solar,0.002
1/12/2024 0:00,Solar,0.002
1/12/2024 1:00,Solar,0.002
1/12/2024 2:00,Solar,0.002
1/12/2024 3:00,Solar,0.002
1/12/2024 4:00,Solar,0.002
1/12/2024 5:00,Solar,0.002
1/12/2024 6:00,Solar,0.002
1/12/2024 7:00,Solar,0.008
1/12/2024 8:00,Solar,0.1
1/12/2024 9:00,Solar,0.244
1/12/2024 10:00,Solar,0.31
1/12/2024 11:00,Solar,0.31
1/12/2024 12:00,Solar,0.325
1/12/2024 13:00,Solar,0.259
1/12/2024 14:00,Solar,0.152
1/12/2024 15:00,Solar,0.074
1/12/2024 16:00,Solar,0.023
1/12/2024 17:00,Solar,0.003
1/12/2024 18:00,Solar,0.002
1/12/2024 19:00,Solar,0.002
1/12/2024 20:00,Solar,0.002
1/12/2024 21:00,Solar,0.002
1/12/2024 22:00,Solar,0.002
1/12/2024 23:00,Solar,0.002
1/13/2024 0:00,Solar,0.002
1/13/2024 1:00,Solar,0.002
1/13/2024 2:00,Solar,0.002
1/13/2024 3:00,Solar,0.002
1/13/2024 4:00,Solar,0.002
1/13/2024 5:00,Solar,0.002
1/13/2024 6:00,Solar,0.002
1/13/2024 7:00,Solar,0.004
1/13/2024 8:00,Solar,0.111
1/13/2024 9:00,Solar,0.307
1/13/2024 10:00,Solar,0.343
1/13/2024 11:00,Solar,0.366
1/13/2024 12:00,Solar,0.379
1/13/2024 13:00,Solar,0.406
1/13/2024 14:00,Solar,0.429
1/13/2024 15:00,Solar,0.355
1/13/2024 16:00,Solar,0.133
1/13/2024 17:00,Solar,0.007
1/13/2024 18:00,Solar,0.002
1/13/2024 19:00,Solar,0.002
1/13/2024 20:00,Solar,0.002
1/13/2024 21:00,Solar,0.002
1/13/2024 22:00,Solar,0.002
1/13/2024 23:00,Solar,0.002
1/14/2024 0:00,Solar,0.002
1/14/2024 1:00,Solar,0.002
1/14/2024 2:00,Solar,0.002
1/14/2024 3:00,Solar,0.002
1/14/2024 4:00,Solar,0.002
1/14/2024 5:00,Solar,0.002
1/14/2024 6:00,Solar,0.002
1/14/2024 7:00,Solar,0.005
1/14/2024 8:00,Solar,0.142
1/14/2024 9:00,Solar,0.411
1/14/2024 10:00,Solar,0.502
1/14/2024 11:00,Solar,0.505
1/14/2024 12:00,Solar,0.483
1/14/2024 13:00,Solar,0.483
1/14/2024 14:00,Solar,0.515
1/14/2024 15:00,Solar,0.405
1/14/2024 16:00,Solar,0.127
1/14/2024 17:00,Solar,0.006
1/14/2024 18:00,Solar,0.002
1/14/2024 19:00,Solar,0.003
1/14/2024 20:00,Solar,0.003
1/14/2024 21:00,Solar,0.002
1/14/2024 22:00,Solar,0.002
1/14/2024 23:00,Solar,0.002
1/15/2024 0:00,Solar,0.002
1/15/2024 1:00,Solar,0.002
1/15/2024 2:00,Solar,0.002
1/15/2024 3:00,Solar,0.002
1/15/2024 4:00,Solar,0.002
1/15/2024 5:00,Solar,0.002
1/15/2024 6:00,Solar,0.002
1/15/2024 7:00,Solar,0.003
1/15/2024 8:00,Solar,0.032
1/15/2024 9:00,Solar,0.112
1/15/2024 10:00,Solar,0.193
1/15/2024 11:00,Solar,0.25
1/15/2024 12:00,Solar,0.249
1/15/2024 13:00,Solar,0.225
1/15/2024 14:00,Solar,0.2
1/15/2024 15:00,Solar,0.141
1/15/2024 16:00,Solar,0.054
1/15/2024 17:00,Solar,0.006
1/15/2024 18:00,Solar,0.003
1/15/2024 19:00,Solar,0.003
1/15/2024 20:00,Solar,0.003
1/15/2024 21:00,Solar,0.003
1/15/2024 22:00,Solar,0.003
1/15/2024 23:00,Solar,0.003
1/16/2024 0:00,Solar,0.003
1/16/2024 1:00,Solar,0.003
1/16/2024 2:00,Solar,0.003
1/16/2024 3:00,Solar,0.003
1/16/2024 4:00,Solar,0.003
1/16/2024 5:00,Solar,0.003
1/16/2024 6:00,Solar,0.003
1/16/2024 7:00,Solar,0.003
1/16/2024 8:00,Solar,0.017
1/16/2024 9:00,Solar,0.07
1/16/2024 10:00,Solar,0.137
1/16/2024 11:00,Solar,0.135
1/16/2024 12:00,Solar,0.155
1/16/2024 13:00,Solar,0.17
1/16/2024 14:00,Solar,0.159
1/16/2024 15:00,Solar,0.15
1/16/2024 16:00,Solar,0.089
1/16/2024 17:00,Solar,0.011
1/16/2024 18:00,Solar,0.002
1/16/2024 19:00,Solar,0.002
1/16/2024 20:00,Solar,0.002
1/16/2024 21:00,Solar,0.002
1/16/2024 22:00,Solar,0.002
1/16/2024 23:00,Solar,0.002
1/17/2024 0:00,Solar,0.002
1/17/2024 1:00,Solar,0.002
1/17/2024 2:00,Solar,0.002
1/17/2024 3:00,Solar,0.002
1/17/2024 4:00,Solar,0.002
1/17/2024 5:00,Solar,0.002
1/17/2024 6:00,Solar,0.002
1/17/2024 7:00,Solar,0.006
1/17/2024 8:00,Solar,0.137
1/17/2024 9:00,Solar,0.382
1/17/2024 10:00,Solar,0.465
1/17/2024 11:00,Solar,0.475
1/17/2024 12:00,Solar,0.462
1/17/2024 13:00,Solar,0.476
1/17/2024 14:00,Solar,0.489
1/17/2024 15:00,Solar,0.434
1/17/2024 16:00,Solar,0.195
1/17/2024 17:00,Solar,0.021
1/17/2024 18:00,Solar,0.009
1/17/2024 19:00,Solar,0.009
1/17/2024 20:00,Solar,0.009
1/17/2024 21:00,Solar,0.009
1/17/2024 22:00,Solar,0.009
1/17/2024 23:00,Solar,0.009
1/18/2024 0:00,Solar,0.009
1/18/2024 1:00,Solar,0.009
1/18/2024 2:00,Solar,0.009
1/18/2024 3:00,Solar,0.009
1/18/2024 4:00,Solar,0.009
1/18/2024 5:00,Solar,0.009
1/18/2024 6:00,Solar,0.009
1/18/2024 7:00,Solar,0.015
1/18/2024 8:00,Solar,0.144
1/18/2024 9:00,Solar,0.29
1/18/2024 10:00,Solar,0.335
1/18/2024 11:00,Solar,0.333
1/18/2024 12:00,Solar,0.339
1/18/2024 13:00,Solar,0.307
1/18/2024 14:00,Solar,0.254
1/18/2024 15:00,Solar,0.187
1/18/2024 16:00,Solar,0.065
1/18/2024 17:00,Solar,0.006
1/18/2024 18:00,Solar,0.002
1/18/2024 19:00,Solar,0.003
1/18/2024 20:00,Solar,0.002
1/18/2024 21:00,Solar,0.002
1/18/2024 22:00,Solar,0.002
1/18/2024 23:00,Solar,0.002
1/19/2024 0:00,Solar,0.002
1/19/2024 1:00,Solar,0.002
1/19/2024 2:00,Solar,0.002
1/19/2024 3:00,Solar,0.002
1/19/2024 4:00,Solar,0.002
1/19/2024 5:00,Solar,0.002
1/19/2024 6:00,Solar,0.002
1/19/2024 7:00,Solar,0.002
1/19/2024 8:00,Solar,0.016
1/19/2024 9:00,Solar,0.062
1/19/2024 10:00,Solar,0.125
1/19/2024 11:00,Solar,0.2
1/19/2024 12:00,Solar,0.223
1/19/2024 13:00,Solar,0.209
1/19/2024 14:00,Solar,0.187
1/19/2024 15:00,Solar,0.145
1/19/2024 16:00,Solar,0.072
1/19/2024 17:00,Solar,0.007
1/19/2024 18:00,Solar,0.002
1/19/2024 19:00,Solar,0.002
1/19/2024 20:00,Solar,0.002
1/19/2024 21:00,Solar,0.002
1/19/2024 22:00,Solar,0.002
1/19/2024 23:00,Solar,0.002
1/20/2024 0:00,Solar,0.002
1/20/2024 1:00,Solar,0.002
1/20/2024 2:00,Solar,0.002
1/20/2024 3:00,Solar,0.002
1/20/2024 4:00,Solar,0.002
1/20/2024 5:00,Solar,0.002
1/20/2024 6:00,Solar,0.002
1/20/2024 7:00,Solar,0.007
1/20/2024 8:00,Solar,0.129
1/20/2024 9:00,Solar,0.306
1/20/2024 10:00,Solar,0.39
1/20/2024 11:00,Solar,0.371
1/20/2024 12:00,Solar,0.364
1/20/2024 13:00,Solar,0.339
1/20/2024 14:00,Solar,0.336
1/20/2024 15:00,Solar,0.335
1/20/2024 16:00,Solar,0.166
1/20/2024 17:00,Solar,0.02
1/20/2024 18:00,Solar,0.003
1/20/2024 19:00,Solar,0.002
1/20/2024 20:00,Solar,0.002
1/20/2024 21:00,Solar,0.002
1/20/2024 22:00,Solar,0.002
1/20/2024 23:00,Solar,0.002
1/21/2024 0:00,Solar,0.002
1/21/2024 1:00,Solar,0.002
1/21/2024 2:00,Solar,0.002
1/21/2024 3:00,Solar,0.002
1/21/2024 4:00,Solar,0.002
1/21/2024 5:00,Solar,0.002
1/21/2024 6:00,Solar,0.003
1/21/2024 7:00,Solar,0.008
1/21/2024 8:00,Solar,0.154
1/21/2024 9:00,Solar,0.391
1/21/2024 10:00,Solar,0.467
1/21/2024 11:00,Solar,0.475
1/21/2024 12:00,Solar,0.477
1/21/2024 13:00,Solar,0.516
1/21/2024 14:00,Solar,0.543
1/21/2024 15:00,Solar,0.496
1/21/2024 16:00,Solar,0.229
1/21/2024 17:00,Solar,0.022
1/21/2024 18:00,Solar,0.007
1/21/2024 19:00,Solar,0.007
1/21/2024 20:00,Solar,0.007
1/21/2024 21:00,Solar,0.007
1/21/2024 22:00,Solar,0.005
1/21/2024 23:00,Solar,0.002
1/22/2024 0:00,Solar,0.002
1/22/2024 1:00,Solar,0.002
1/22/2024 2:00,Solar,0.002
1/22/2024 3:00,Solar,0.002
1/22/2024 4:00,Solar,0.002
1/22/2024 5:00,Solar,0.002
1/22/2024 6:00,Solar,0.002
1/22/2024 7:00,Solar,0.009
1/22/2024 8:00,Solar,0.162
1/22/2024 9:00,Solar,0.391
1/22/2024 10:00,Solar,0.451
1/22/2024 11:00,Solar,0.481
1/22/2024 12:00,Solar,0.507
1/22/2024 13:00,Solar,0.501
1/22/2024 14:00,Solar,0.489
1/22/2024 15:00,Solar,0.426
1/22/2024 16:00,Solar,0.196
1/22/2024 17:00,Solar,0.013
1/22/2024 18:00,Solar,0.002
1/22/2024 19:00,Solar,0.002
1/22/2024 20:00,Solar,0.002
1/22/2024 21:00,Solar,0.002
1/22/2024 22:00,Solar,0.002
1/22/2024 23:00,Solar,0.002
1/23/2024 0:00,Solar,0.002
1/23/2024 1:00,Solar,0.002
1/23/2024 2:00,Solar,0.002
1/23/2024 3:00,Solar,0.002
1/23/2024 4:00,Solar,0.002
1/23/2024 5:00,Solar,0.002
1/23/2024 6:00,Solar,0.002
1/23/2024 7:00,Solar,0.004
1/23/2024 8:00,Solar,0.055
1/23/2024 9:00,Solar,0.133
1/23/2024 10:00,Solar,0.207
1/23/2024 11:00,Solar,0.213
1/23/2024 12:00,Solar,0.208
1/23/2024 13:00,Solar,0.166
1/23/2024 14:00,Solar,0.109
1/23/2024 15:00,Solar,0.07
1/23/2024 16:00,Solar,0.028
1/23/2024 17:00,Solar,0.003
1/23/2024 18:00,Solar,0.002
1/23/2024 19:00,Solar,0.002
1/23/2024 20:00,Solar,0.002
1/23/2024 21:00,Solar,0.002
1/23/2024 22:00,Solar,0.002
1/23/2024 23:00,Solar,0.002
1/24/2024 0:00,Solar,0.002
1/24/2024 1:00,Solar,0.002
1/24/2024 2:00,Solar,0.002
1/24/2024 3:00,Solar,0.002
1/24/2024 4:00,Solar,0.002
1/24/2024 5:00,Solar,0.002
1/24/2024 6:00,Solar,0.002
1/24/2024 7:00,Solar,0.003
1/24/2024 8:00,Solar,0.038
1/24/2024 9:00,Solar,0.118
1/24/2024 10:00,Solar,0.178
1/24/2024 11:00,Solar,0.223
1/24/2024 12:00,Solar,0.255
1/24/2024 13:00,Solar,0.27
1/24/2024 14:00,Solar,0.263
1/24/2024 15:00,Solar,0.186
1/24/2024 16:00,Solar,0.063
1/24/2024 17:00,Solar,0.004
1/24/2024 18:00,Solar,0.002
1/24/2024 19:00,Solar,0.002
1/24/2024 20:00,Solar,0.002
1/24/2024 21:00,Solar,0.002
1/24/2024 22:00,Solar,0.002
1/24/2024 23:00,Solar,0.002
1/25/2024 0:00,Solar,0.002
1/25/2024 1:00,Solar,0.002
1/25/2024 2:00,Solar,0.002
1/25/2024 3:00,Solar,0.002
1/25/2024 4:00,Solar,0.002
1/25/2024 5:00,Solar,0.002
1/25/2024 6:00,Solar,0.002
1/25/2024 7:00,Solar,0.002
1/25/2024 8:00,Solar,0.023
1/25/2024 9:00,Solar,0.058
1/25/2024 10:00,Solar,0.097
1/25/2024 11:00,Solar,0.151
1/25/2024 12:00,Solar,0.15
1/25/2024 13:00,Solar,0.125
1/25/2024 14:00,Solar,0.085
1/25/2024 15:00,Solar,0.052
1/25/2024 16:00,Solar,0.018
1/25/2024 17:00,Solar,0.003
1/25/2024 18:00,Solar,0.002
1/25/2024 19:00,Solar,0.001
1/25/2024 20:00,Solar,0.001
1/25/2024 21:00,Solar,0.001
1/25/2024 22:00,Solar,0.001
1/25/2024 23:00,Solar,0.001
1/26/2024 0:00,Solar,0.001
1/26/2024 1:00,Solar,0.001
1/26/2024 2:00,Solar,0.001
1/26/2024 3:00,Solar,0.001
1/26/2024 4:00,Solar,0.001
1/26/2024 5:00,Solar,0.001
1/26/2024 6:00,Solar,0.001
1/26/2024 7:00,Solar,0.004
1/26/2024 8:00,Solar,0.043
1/26/2024 9:00,Solar,0.131
1/26/2024 10:00,Solar,0.211
1/26/2024 11:00,Solar,0.277
1/26/2024 12:00,Solar,0.301
1/26/2024 13:00,Solar,0.285
1/26/2024 14:00,Solar,0.275
1/26/2024 15:00,Solar,0.231
1/26/2024 16:00,Solar,0.098
1/26/2024 17:00,Solar,0.007
1/26/2024 18:00,Solar,0.001
1/26/2024 19:00,Solar,0.001
1/26/2024 20:00,Solar,0.001
1/26/2024 21:00,Solar,0.001
1/26/2024 22:00,Solar,0.002
1/26/2024 23:00,Solar,0.001
1/27/2024 0:00,Solar,0.001
1/27/2024 1:00,Solar,0.001
1/27/2024 2:00,Solar,0.001
1/27/2024 3:00,Solar,0.001
1/27/2024 4:00,Solar,0.001
1/27/2024 5:00,Solar,0.001
1/27/2024 6:00,Solar,0.001
1/27/2024 7:00,Solar,0.01
1/27/2024 8:00,Solar,0.128
1/27/2024 9:00,Solar,0.279
1/27/2024 10:00,Solar,0.283
1/27/2024 11:00,Solar,0.277
1/27/2024 12:00,Solar,0.242
1/27/2024 13:00,Solar,0.263
1/27/2024 14:00,Solar,0.21
1/27/2024 15:00,Solar,0.16
1/27/2024 16:00,Solar,0.053
1/27/2024 17:00,Solar,0.003
1/27/2024 18:00,Solar,0.001
1/27/2024 19:00,Solar,0.002
1/27/2024 20:00,Solar,0.002
1/27/2024 21:00,Solar,0.002
1/27/2024 22:00,Solar,0.002
1/27/2024 23:00,Solar,0.001
1/28/2024 0:00,Solar,0.001
1/28/2024 1:00,Solar,0.001
1/28/2024 2:00,Solar,0.001
1/28/2024 3:00,Solar,0.001
1/28/2024 4:00,Solar,0.001
1/28/2024 5:00,Solar,0.001
1/28/2024 6:00,Solar,0.001
1/28/2024 7:00,Solar,0.003
1/28/2024 8:00,Solar,0.03
1/28/2024 9:00,Solar,0.074
1/28/2024 10:00,Solar,0.108
1/28/2024 11:00,Solar,0.157
1/28/2024 12:00,Solar,0.186
1/28/2024 13:00,Solar,0.176
1/28/2024 14:00,Solar,0.149
1/28/2024 15:00,Solar,0.098
1/28/2024 16:00,Solar,0.048
1/28/2024 17:00,Solar,0.006
1/28/2024 18:00,Solar,0.001
1/28/2024 19:00,Solar,0.001
1/28/2024 20:00,Solar,0.001
1/28/2024 21:00,Solar,0.001
1/28/2024 22:00,Solar,0.001
1/28/2024 23:00,Solar,0.001
1/29/2024 0:00,Solar,0.001
1/29/2024 1:00,Solar,0.001
1/29/2024 2:00,Solar,0.001
1/29/2024 3:00,Solar,0.001
1/29/2024 4:00,Solar,0.001
1/29/2024 5:00,Solar,0.001
1/29/2024 6:00,Solar,0.001
1/29/2024 7:00,Solar,0.006
1/29/2024 8:00,Solar,0.125
1/29/2024 9:00,Solar,0.288
1/29/2024 10:00,Solar,0.318
1/29/2024 11:00,Solar,0.307
1/29/2024 12:00,Solar,0.317
1/29/2024 13:00,Solar,0.332
1/29/2024 14:00,Solar,0.339
1/29/2024 15:00,Solar,0.328
1/29/2024 16:00,Solar,0.171
1/29/2024 17:00,Solar,0.013
1/29/2024 18:00,Solar,0.002
1/29/2024 19:00,Solar,0.001
1/29/2024 20:00,Solar,0.001
1/29/2024 21:00,Solar,0.001
1/29/2024 22:00,Solar,0.001
1/29/2024 23:00,Solar,0.001
1/30/2024 0:00,Solar,0.001
1/30/2024 1:00,Solar,0.001
1/30/2024 2:00,Solar,0.001
1/30/2024 3:00,Solar,0.001
1/30/2024 4:00,Solar,0.001
1/30/2024 5:00,Solar,0.001
1/30/2024 6:00,Solar,0.001
1/30/2024 7:00,Solar,0.011
1/30/2024 8:00,Solar,0.145
1/30/2024 9:00,Solar,0.308
1/30/2024 10:00,Solar,0.327
1/30/2024 11:00,Solar,0.314
1/30/2024 12:00,Solar,0.324
1/30/2024 13:00,Solar,0.311
1/30/2024 14:00,Solar,0.26
1/30/2024 15:00,Solar,0.196
1/30/2024 16:00,Solar,0.089
1/30/2024 17:00,Solar,0.009
1/30/2024 18:00,Solar,0.002
1/30/2024 19:00,Solar,0.002
1/30/2024 20:00,Solar,0.002
1/30/2024 21:00,Solar,0.002
1/30/2024 22:00,Solar,0.002
1/30/2024 23:00,Solar,0.002
1/31/2024 0:00,Solar,0.002
1/31/2024 1:00,Solar,0.002
1/31/2024 2:00,Solar,0.002
1/31/2024 3:00,Solar,0.002
1/31/2024 4:00,Solar,0.002
1/31/2024 5:00,Solar,0.002
1/31/2024 6:00,Solar,0.002
1/31/2024 7:00,Solar,0.002
1/31/2024 8:00,Solar,0.026
1/31/2024 9:00,Solar,0.084
1/31/2024 10:00,Solar,0.158
1/31/2024 11:00,Solar,0.2
1/31/2024 12:00,Solar,0.213
1/31/2024 13:00,Solar,0.188
1/31/2024 14:00,Solar,0.146
1/31/2024 15:00,Solar,0.136
1/31/2024 16:00,Solar,0.071
1/31/2024 17:00,Solar,0.008
1/31/2024 18:00,Solar,0.002
1/31/2024 19:00,Solar,0.002
1/31/2024 20:00,Solar,0.002
1/31/2024 21:00,Solar,0.002
1/31/2024 22:00,Solar,0.002
1/31/2024 23:00,Solar,0.002
2/1/2024 0:00,Solar,0.002
2/1/2024 1:00,Solar,0.002
2/1/2024 2:00,Solar,0.002
2/1/2024 3:00,Solar,0.002
2/1/2024 4:00,Solar,0.002
2/1/2024 5:00,Solar,0.002
2/1/2024 6:00,Solar,0.002
2/1/2024 7:00,Solar,0.013
2/1/2024 8:00,Solar,0.194
2/1/2024 9:00,Solar,0.475
2/1/2024 10:00,Solar,0.545
2/1/2024 11:00,Solar,0.542
2/1/2024 12:00,Solar,0.535
2/1/2024 13:00,Solar,0.529
2/1/2024 14:00,Solar,0.523
2/1/2024 15:00,Solar,0.484
2/1/2024 16:00,Solar,0.266
2/1/2024 17:00,Solar,0.046
2/1/2024 18:00,Solar,0.014
2/1/2024 19:00,Solar,0.004
2/1/2024 20:00,Solar,0.004
2/1/2024 21:00,Solar,0.004
2/1/2024 22:00,Solar,0.004
2/1/2024 23:00,Solar,0.004
2/2/2024 0:00,Solar,0.004
2/2/2024 1:00,Solar,0.004
2/2/2024 2:00,Solar,0.004
2/2/2024 3:00,Solar,0.004
2/2/2024 4:00,Solar,0.004
2/2/2024 5:00,Solar,0.004
2/2/2024 6:00,Solar,0.004
2/2/2024 7:00,Solar,0.009
2/2/2024 8:00,Solar,0.112
2/2/2024 9:00,Solar,0.289
2/2/2024 10:00,Solar,0.379
2/2/2024 11:00,Solar,0.355
2/2/2024 12:00,Solar,0.344
2/2/2024 13:00,Solar,0.307
2/2/2024 14:00,Solar,0.25
2/2/2024 15:00,Solar,0.234
2/2/2024 16:00,Solar,0.158
2/2/2024 17:00,Solar,0.029
2/2/2024 18:00,Solar,0.002
2/2/2024 19:00,Solar,0.002
2/2/2024 20:00,Solar,0.002
2/2/2024 21:00,Solar,0.002
2/2/2024 22:00,Solar,0.002
2/2/2024 23:00,Solar,0.002
2/3/2024 0:00,Solar,0.002
2/3/2024 1:00,Solar,0.002
2/3/2024 2:00,Solar,0.002
2/3/2024 3:00,Solar,0.002
2/3/2024 4:00,Solar,0.002
2/3/2024 5:00,Solar,0.002
2/3/2024 6:00,Solar,0.002
2/3/2024 7:00,Solar,0.018
2/3/2024 8:00,Solar,0.226
2/3/2024 9:00,Solar,0.508
2/3/2024 10:00,Solar,0.595
2/3/2024 11:00,Solar,0.607
2/3/2024 12:00,Solar,0.615
2/3/2024 13:00,Solar,0.627
2/3/2024 14:00,Solar,0.649
2/3/2024 15:00,Solar,0.62
2/3/2024 16:00,Solar,0.36
2/3/2024 17:00,Solar,0.055
2/3/2024 18:00,Solar,0.003
2/3/2024 19:00,Solar,0.002
2/3/2024 20:00,Solar,0.002
2/3/2024 21:00,Solar,0.002
2/3/2024 22:00,Solar,0.002
2/3/2024 23:00,Solar,0.002
2/4/2024 0:00,Solar,0.002
2/4/2024 1:00,Solar,0.002
2/4/2024 2:00,Solar,0.002
2/4/2024 3:00,Solar,0.002
2/4/2024 4:00,Solar,0.002
2/4/2024 5:00,Solar,0.002
2/4/2024 6:00,Solar,0.002
2/4/2024 7:00,Solar,0.02
2/4/2024 8:00,Solar,0.264
2/4/2024 9:00,Solar,0.58
2/4/2024 10:00,Solar,0.658
2/4/2024 11:00,Solar,0.657
2/4/2024 12:00,Solar,0.656
2/4/2024 13:00,Solar,0.666
2/4/2024 14:00,Solar,0.677
2/4/2024 15:00,Solar,0.633
2/4/2024 16:00,Solar,0.353
2/4/2024 17:00,Solar,0.046
2/4/2024 18:00,Solar,0.002
2/4/2024 19:00,Solar,0.003
2/4/2024 20:00,Solar,0.002
2/4/2024 21:00,Solar,0.002
2/4/2024 22:00,Solar,0.002
2/4/2024 23:00,Solar,0.002
2/5/2024 0:00,Solar,0.002
2/5/2024 1:00,Solar,0.002
2/5/2024 2:00,Solar,0.002
2/5/2024 3:00,Solar,0.001
2/5/2024 4:00,Solar,0.001
2/5/2024 5:00,Solar,0.001
2/5/2024 6:00,Solar,0.001
2/5/2024 7:00,Solar,0.018
2/5/2024 8:00,Solar,0.252
2/5/2024 9:00,Solar,0.563
2/5/2024 10:00,Solar,0.652
2/5/2024 11:00,Solar,0.65
2/5/2024 12:00,Solar,0.643
2/5/2024 13:00,Solar,0.644
2/5/2024 14:00,Solar,0.649
2/5/2024 15:00,Solar,0.6
2/5/2024 16:00,Solar,0.352
2/5/2024 17:00,Solar,0.054
2/5/2024 18:00,Solar,0.002
2/5/2024 19:00,Solar,0.002
2/5/2024 20:00,Solar,0.002
2/5/2024 21:00,Solar,0.002
2/5/2024 22:00,Solar,0.002
2/5/2024 23:00,Solar,0.002
2/6/2024 0:00,Solar,0.002
2/6/2024 1:00,Solar,0.002
2/6/2024 2:00,Solar,0.002
2/6/2024 3:00,Solar,0.002
2/6/2024 4:00,Solar,0.002
2/6/2024 5:00,Solar,0.002
2/6/2024 6:00,Solar,0.002
2/6/2024 7:00,Solar,0.021
2/6/2024 8:00,Solar,0.251
2/6/2024 9:00,Solar,0.563
2/6/2024 10:00,Solar,0.624
2/6/2024 11:00,Solar,0.63
2/6/2024 12:00,Solar,0.623
2/6/2024 13:00,Solar,0.631
2/6/2024 14:00,Solar,0.645
2/6/2024 15:00,Solar,0.595
2/6/2024 16:00,Solar,0.362
2/6/2024 17:00,Solar,0.063
2/6/2024 18:00,Solar,0.001
2/6/2024 19:00,Solar,0.001
2/6/2024 20:00,Solar,0.001
2/6/2024 21:00,Solar,0.001
2/6/2024 22:00,Solar,0.001
2/6/2024 23:00,Solar,0.001
2/7/2024 0:00,Solar,0.001
2/7/2024 1:00,Solar,0.001
2/7/2024 2:00,Solar,0.001
2/7/2024 3:00,Solar,0.001
2/7/2024 4:00,Solar,0.001
2/7/2024 5:00,Solar,0.001
2/7/2024 6:00,Solar,0.001
2/7/2024 7:00,Solar,0.021
2/7/2024 8:00,Solar,0.264
2/7/2024 9:00,Solar,0.572
2/7/2024 10:00,Solar,0.658
2/7/2024 11:00,Solar,0.662
2/7/2024 12:00,Solar,0.655
2/7/2024 13:00,Solar,0.643
2/7/2024 14:00,Solar,0.603
2/7/2024 15:00,Solar,0.538
2/7/2024 16:00,Solar,0.297
2/7/2024 17:00,Solar,0.037
2/7/2024 18:00,Solar,0.002
2/7/2024 19:00,Solar,0.002
2/7/2024 20:00,Solar,0.002
2/7/2024 21:00,Solar,0.002
2/7/2024 22:00,Solar,0.002
2/7/2024 23:00,Solar,0.002
2/8/2024 0:00,Solar,0.001
2/8/2024 1:00,Solar,0.001
2/8/2024 2:00,Solar,0.001
2/8/2024 3:00,Solar,0.001
2/8/2024 4:00,Solar,0.001
2/8/2024 5:00,Solar,0.001
2/8/2024 6:00,Solar,0.001
2/8/2024 7:00,Solar,0.025
2/8/2024 8:00,Solar,0.218
2/8/2024 9:00,Solar,0.417
2/8/2024 10:00,Solar,0.545
2/8/2024 11:00,Solar,0.545
2/8/2024 12:00,Solar,0.549
2/8/2024 13:00,Solar,0.565
2/8/2024 14:00,Solar,0.52
2/8/2024 15:00,Solar,0.474
2/8/2024 16:00,Solar,0.257
2/8/2024 17:00,Solar,0.032
2/8/2024 18:00,Solar,0.001
2/8/2024 19:00,Solar,0.001
2/8/2024 20:00,Solar,0.001
2/8/2024 21:00,Solar,0.001
2/8/2024 22:00,Solar,0.001
2/8/2024 23:00,Solar,0.001
2/9/2024 0:00,Solar,0.001
2/9/2024 1:00,Solar,0.001
2/9/2024 2:00,Solar,0.001
2/9/2024 3:00,Solar,0.001
2/9/2024 4:00,Solar,0.001
2/9/2024 5:00,Solar,0.001
2/9/2024 6:00,Solar,0.001
2/9/2024 7:00,Solar,0.005
2/9/2024 8:00,Solar,0.056
2/9/2024 9:00,Solar,0.195
2/9/2024 10:00,Solar,0.362
2/9/2024 11:00,Solar,0.428
2/9/2024 12:00,Solar,0.444
2/9/2024 13:00,Solar,0.426
2/9/2024 14:00,Solar,0.391
2/9/2024 15:00,Solar,0.302
2/9/2024 16:00,Solar,0.143
2/9/2024 17:00,Solar,0.024
2/9/2024 18:00,Solar,0.003
2/9/2024 19:00,Solar,0.003
2/9/2024 20:00,Solar,0.003
2/9/2024 21:00,Solar,0.003
2/9/2024 22:00,Solar,0.003
2/9/2024 23:00,Solar,0.003
2/10/2024 0:00,Solar,0.003
2/10/2024 1:00,Solar,0.003
2/10/2024 2:00,Solar,0.003
2/10/2024 3:00,Solar,0.003
2/10/2024 4:00,Solar,0.003
2/10/2024 5:00,Solar,0.003
2/10/2024 6:00,Solar,0.003
2/10/2024 7:00,Solar,0.009
2/10/2024 8:00,Solar,0.089
2/10/2024 9:00,Solar,0.191
2/10/2024 10:00,Solar,0.273
2/10/2024 11:00,Solar,0.361
2/10/2024 12:00,Solar,0.348
2/10/2024 13:00,Solar,0.334
2/10/2024 14:00,Solar,0.269
2/10/2024 15:00,Solar,0.174
2/10/2024 16:00,Solar,0.088
2/10/2024 17:00,Solar,0.015
2/10/2024 18:00,Solar,0.002
2/10/2024 19:00,Solar,0.002
2/10/2024 20:00,Solar,0.002
2/10/2024 21:00,Solar,0.002
2/10/2024 22:00,Solar,0.002
2/10/2024 23:00,Solar,0.002
2/11/2024 0:00,Solar,0.002
2/11/2024 1:00,Solar,0.002
2/11/2024 2:00,Solar,0.002
2/11/2024 3:00,Solar,0.002
2/11/2024 4:00,Solar,0.002
2/11/2024 5:00,Solar,0.002
2/11/2024 6:00,Solar,0.002
2/11/2024 7:00,Solar,0.002
2/11/2024 8:00,Solar,0.024
2/11/2024 9:00,Solar,0.08
2/11/2024 10:00,Solar,0.132
2/11/2024 11:00,Solar,0.167
2/11/2024 12:00,Solar,0.224
2/11/2024 13:00,Solar,0.241
2/11/2024 14:00,Solar,0.244
2/11/2024 15:00,Solar,0.236
2/11/2024 16:00,Solar,0.189
2/11/2024 17:00,Solar,0.048
2/11/2024 18:00,Solar,0.002
2/11/2024 19:00,Solar,0.002
2/11/2024 20:00,Solar,0.002
2/11/2024 21:00,Solar,0.002
2/11/2024 22:00,Solar,0.002
2/11/2024 23:00,Solar,0.002
2/12/2024 0:00,Solar,0.002
2/12/2024 1:00,Solar,0.002
2/12/2024 2:00,Solar,0.002
2/12/2024 3:00,Solar,0.002
2/12/2024 4:00,Solar,0.002
2/12/2024 5:00,Solar,0.002
2/12/2024 6:00,Solar,0.002
2/12/2024 7:00,Solar,0.003
2/12/2024 8:00,Solar,0.046
2/12/2024 9:00,Solar,0.155
2/12/2024 10:00,Solar,0.266
2/12/2024 11:00,Solar,0.287
2/12/2024 12:00,Solar,0.283
2/12/2024 13:00,Solar,0.252
2/12/2024 14:00,Solar,0.209
2/12/2024 15:00,Solar,0.169
2/12/2024 16:00,Solar,0.092
2/12/2024 17:00,Solar,0.02
2/12/2024 18:00,Solar,0.004
2/12/2024 19:00,Solar,0.004
2/12/2024 20:00,Solar,0.004
2/12/2024 21:00,Solar,0.004
2/12/2024 22:00,Solar,0.004
2/12/2024 23:00,Solar,0.004
2/13/2024 0:00,Solar,0.004
2/13/2024 1:00,Solar,0.004
2/13/2024 2:00,Solar,0.003
2/13/2024 3:00,Solar,0.002
2/13/2024 4:00,Solar,0.002
2/13/2024 5:00,Solar,0.002
2/13/2024 6:00,Solar,0.002
2/13/2024 7:00,Solar,0.014
2/13/2024 8:00,Solar,0.124
2/13/2024 9:00,Solar,0.3
2/13/2024 10:00,Solar,0.392
2/13/2024 11:00,Solar,0.467
2/13/2024 12:00,Solar,0.509
2/13/2024 13:00,Solar,0.525
2/13/2024 14:00,Solar,0.576
2/13/2024 15:00,Solar,0.581
2/13/2024 16:00,Solar,0.404
2/13/2024 17:00,Solar,0.08
2/13/2024 18:00,Solar,0.002
2/13/2024 19:00,Solar,0.002
2/13/2024 20:00,Solar,0.002
2/13/2024 21:00,Solar,0.002
2/13/2024 22:00,Solar,0.002
2/13/2024 23:00,Solar,0.002
2/14/2024 0:00,Solar,0.002
2/14/2024 1:00,Solar,0.002
2/14/2024 2:00,Solar,0.002
2/14/2024 3:00,Solar,0.002
2/14/2024 4:00,Solar,0.002
2/14/2024 5:00,Solar,0.002
2/14/2024 6:00,Solar,0.002
2/14/2024 7:00,Solar,0.036
2/14/2024 8:00,Solar,0.283
2/14/2024 9:00,Solar,0.568
2/14/2024 10:00,Solar,0.659
2/14/2024 11:00,Solar,0.678
2/14/2024 12:00,Solar,0.647
2/14/2024 13:00,Solar,0.643
2/14/2024 14:00,Solar,0.666
2/14/2024 15:00,Solar,0.652
2/14/2024 16:00,Solar,0.445
2/14/2024 17:00,Solar,0.103
2/14/2024 18:00,Solar,0.009
2/14/2024 19:00,Solar,0.006
2/14/2024 20:00,Solar,0.006
2/14/2024 21:00,Solar,0.004
2/14/2024 22:00,Solar,0.003
2/14/2024 23:00,Solar,0.003
2/15/2024 0:00,Solar,0.003
2/15/2024 1:00,Solar,0.003
2/15/2024 2:00,Solar,0.003
2/15/2024 3:00,Solar,0.003
2/15/2024 4:00,Solar,0.003
2/15/2024 5:00,Solar,0.003
2/15/2024 6:00,Solar,0.003
2/15/2024 7:00,Solar,0.044
2/15/2024 8:00,Solar,0.283
2/15/2024 9:00,Solar,0.495
2/15/2024 10:00,Solar,0.579
2/15/2024 11:00,Solar,0.543
2/15/2024 12:00,Solar,0.463
2/15/2024 13:00,Solar,0.486
2/15/2024 14:00,Solar,0.504
2/15/2024 15:00,Solar,0.515
2/15/2024 16:00,Solar,0.34
2/15/2024 17:00,Solar,0.081
2/15/2024 18:00,Solar,0.004
2/15/2024 19:00,Solar,0.004
2/15/2024 20:00,Solar,0.002
2/15/2024 21:00,Solar,0.002
2/15/2024 22:00,Solar,0.002
2/15/2024 23:00,Solar,0.002
2/16/2024 0:00,Solar,0.002
2/16/2024 1:00,Solar,0.002
2/16/2024 2:00,Solar,0.002
2/16/2024 3:00,Solar,0.002
2/16/2024 4:00,Solar,0.002
2/16/2024 5:00,Solar,0.002
2/16/2024 6:00,Solar,0.002
2/16/2024 7:00,Solar,0.026
2/16/2024 8:00,Solar,0.168
2/16/2024 9:00,Solar,0.303
2/16/2024 10:00,Solar,0.376
2/16/2024 11:00,Solar,0.433
2/16/2024 12:00,Solar,0.47
2/16/2024 13:00,Solar,0.43
2/16/2024 14:00,Solar,0.333
2/16/2024 15:00,Solar,0.216
2/16/2024 16:00,Solar,0.092
2/16/2024 17:00,Solar,0.015
2/16/2024 18:00,Solar,0.004
2/16/2024 19:00,Solar,0.004
2/16/2024 20:00,Solar,0.004
2/16/2024 21:00,Solar,0.004
2/16/2024 22:00,Solar,0.004
2/16/2024 23:00,Solar,0.003
2/17/2024 0:00,Solar,0.002
2/17/2024 1:00,Solar,0.002
2/17/2024 2:00,Solar,0.002
2/17/2024 3:00,Solar,0.002
2/17/2024 4:00,Solar,0.002
2/17/2024 5:00,Solar,0.002
2/17/2024 6:00,Solar,0.002
2/17/2024 7:00,Solar,0.026
2/17/2024 8:00,Solar,0.187
2/17/2024 9:00,Solar,0.36
2/17/2024 10:00,Solar,0.379
2/17/2024 11:00,Solar,0.408
2/17/2024 12:00,Solar,0.45
2/17/2024 13:00,Solar,0.482
2/17/2024 14:00,Solar,0.519
2/17/2024 15:00,Solar,0.528
2/17/2024 16:00,Solar,0.386
2/17/2024 17:00,Solar,0.094
2/17/2024 18:00,Solar,0.004
2/17/2024 19:00,Solar,0.002
2/17/2024 20:00,Solar,0.002
2/17/2024 21:00,Solar,0.002
2/17/2024 22:00,Solar,0.002
2/17/2024 23:00,Solar,0.002
2/18/2024 0:00,Solar,0.002
2/18/2024 1:00,Solar,0.002
2/18/2024 2:00,Solar,0.002
2/18/2024 3:00,Solar,0.002
2/18/2024 4:00,Solar,0.002
2/18/2024 5:00,Solar,0.002
2/18/2024 6:00,Solar,0.002
2/18/2024 7:00,Solar,0.027
2/18/2024 8:00,Solar,0.214
2/18/2024 9:00,Solar,0.476
2/18/2024 10:00,Solar,0.566
2/18/2024 11:00,Solar,0.602
2/18/2024 12:00,Solar,0.612
2/18/2024 13:00,Solar,0.646
2/18/2024 14:00,Solar,0.616
2/18/2024 15:00,Solar,0.53
2/18/2024 16:00,Solar,0.361
2/18/2024 17:00,Solar,0.104
2/18/2024 18:00,Solar,0.004
2/18/2024 19:00,Solar,0.002
2/18/2024 20:00,Solar,0.002
2/18/2024 21:00,Solar,0.002
2/18/2024 22:00,Solar,0.002
2/18/2024 23:00,Solar,0.002
2/19/2024 0:00,Solar,0.002
2/19/2024 1:00,Solar,0.002
2/19/2024 2:00,Solar,0.002
2/19/2024 3:00,Solar,0.002
2/19/2024 4:00,Solar,0.002
2/19/2024 5:00,Solar,0.002
2/19/2024 6:00,Solar,0.002
2/19/2024 7:00,Solar,0.056
2/19/2024 8:00,Solar,0.395
2/19/2024 9:00,Solar,0.695
2/19/2024 10:00,Solar,0.761
2/19/2024 11:00,Solar,0.757
2/19/2024 12:00,Solar,0.748
2/19/2024 13:00,Solar,0.741
2/19/2024 14:00,Solar,0.753
2/19/2024 15:00,Solar,0.72
2/19/2024 16:00,Solar,0.502
2/19/2024 17:00,Solar,0.133
2/19/2024 18:00,Solar,0.004
2/19/2024 19:00,Solar,0.002
2/19/2024 20:00,Solar,0.002
2/19/2024 21:00,Solar,0.002
2/19/2024 22:00,Solar,0.002
2/19/2024 23:00,Solar,0.002
2/20/2024 0:00,Solar,0.002
2/20/2024 1:00,Solar,0.002
2/20/2024 2:00,Solar,0.002
2/20/2024 3:00,Solar,0.002
2/20/2024 4:00,Solar,0.002
2/20/2024 5:00,Solar,0.002
2/20/2024 6:00,Solar,0.002
2/20/2024 7:00,Solar,0.057
2/20/2024 8:00,Solar,0.397
2/20/2024 9:00,Solar,0.688
2/20/2024 10:00,Solar,0.743
2/20/2024 11:00,Solar,0.74
2/20/2024 12:00,Solar,0.721
2/20/2024 13:00,Solar,0.718
2/20/2024 14:00,Solar,0.718
2/20/2024 15:00,Solar,0.689
2/20/2024 16:00,Solar,0.474
2/20/2024 17:00,Solar,0.12
2/20/2024 18:00,Solar,0.004
2/20/2024 19:00,Solar,0.002
2/20/2024 20:00,Solar,0.002
2/20/2024 21:00,Solar,0.002
2/20/2024 22:00,Solar,0.002
2/20/2024 23:00,Solar,0.002
2/21/2024 0:00,Solar,0.002
2/21/2024 1:00,Solar,0.002
2/21/2024 2:00,Solar,0.002
2/21/2024 3:00,Solar,0.002
2/21/2024 4:00,Solar,0.002
2/21/2024 5:00,Solar,0.002
2/21/2024 6:00,Solar,0.002
2/21/2024 7:00,Solar,0.063
2/21/2024 8:00,Solar,0.354
2/21/2024 9:00,Solar,0.607
2/21/2024 10:00,Solar,0.685
2/21/2024 11:00,Solar,0.699
2/21/2024 12:00,Solar,0.69
2/21/2024 13:00,Solar,0.709
2/21/2024 14:00,Solar,0.698
2/21/2024 15:00,Solar,0.624
2/21/2024 16:00,Solar,0.37
2/21/2024 17:00,Solar,0.082
2/21/2024 18:00,Solar,0.003
2/21/2024 19:00,Solar,0.002
2/21/2024 20:00,Solar,0.002
2/21/2024 21:00,Solar,0.002
2/21/2024 22:00,Solar,0.002
2/21/2024 23:00,Solar,0.002
2/22/2024 0:00,Solar,0.002
2/22/2024 1:00,Solar,0.002
2/22/2024 2:00,Solar,0.002
2/22/2024 3:00,Solar,0.002
2/22/2024 4:00,Solar,0.002
2/22/2024 5:00,Solar,0.002
2/22/2024 6:00,Solar,0.002
2/22/2024 7:00,Solar,0.049
2/22/2024 8:00,Solar,0.261
2/22/2024 9:00,Solar,0.415
2/22/2024 10:00,Solar,0.447
2/22/2024 11:00,Solar,0.471
2/22/2024 12:00,Solar,0.453
2/22/2024 13:00,Solar,0.412
2/22/2024 14:00,Solar,0.387
2/22/2024 15:00,Solar,0.311
2/22/2024 16:00,Solar,0.197
2/22/2024 17:00,Solar,0.043
2/22/2024 18:00,Solar,0.006
2/22/2024 19:00,Solar,0.004
2/22/2024 20:00,Solar,0.004
2/22/2024 21:00,Solar,0.004
2/22/2024 22:00,Solar,0.004
2/22/2024 23:00,Solar,0.004
2/23/2024 0:00,Solar,0.004
2/23/2024 1:00,Solar,0.004
2/23/2024 2:00,Solar,0.004
2/23/2024 3:00,Solar,0.004
2/23/2024 4:00,Solar,0.004
2/23/2024 5:00,Solar,0.004
2/23/2024 6:00,Solar,0.004
2/23/2024 7:00,Solar,0.013
2/23/2024 8:00,Solar,0.065
2/23/2024 9:00,Solar,0.173
2/23/2024 10:00,Solar,0.243
2/23/2024 11:00,Solar,0.266
2/23/2024 12:00,Solar,0.282
2/23/2024 13:00,Solar,0.29
2/23/2024 14:00,Solar,0.264
2/23/2024 15:00,Solar,0.22
2/23/2024 16:00,Solar,0.163
2/23/2024 17:00,Solar,0.06
2/23/2024 18:00,Solar,0.007
2/23/2024 19:00,Solar,0.002
2/23/2024 20:00,Solar,0.002
2/23/2024 21:00,Solar,0.002
2/23/2024 22:00,Solar,0.002
2/23/2024 23:00,Solar,0.002
2/24/2024 0:00,Solar,0.002
2/24/2024 1:00,Solar,0.002
2/24/2024 2:00,Solar,0.002
2/24/2024 3:00,Solar,0.002
2/24/2024 4:00,Solar,0.002
2/24/2024 5:00,Solar,0.002
2/24/2024 6:00,Solar,0.002
2/24/2024 7:00,Solar,0.051
2/24/2024 8:00,Solar,0.265
2/24/2024 9:00,Solar,0.38
2/24/2024 10:00,Solar,0.469
2/24/2024 11:00,Solar,0.534
2/24/2024 12:00,Solar,0.547
2/24/2024 13:00,Solar,0.506
2/24/2024 14:00,Solar,0.467
2/24/2024 15:00,Solar,0.403
2/24/2024 16:00,Solar,0.288
2/24/2024 17:00,Solar,0.101
2/24/2024 18:00,Solar,0.006
2/24/2024 19:00,Solar,0.002
2/24/2024 20:00,Solar,0.002
2/24/2024 21:00,Solar,0.002
2/24/2024 22:00,Solar,0.002
2/24/2024 23:00,Solar,0.002
2/25/2024 0:00,Solar,0.002
2/25/2024 1:00,Solar,0.002
2/25/2024 2:00,Solar,0.002
2/25/2024 3:00,Solar,0.002
2/25/2024 4:00,Solar,0.002
2/25/2024 5:00,Solar,0.002
2/25/2024 6:00,Solar,0.002
2/25/2024 7:00,Solar,0.064
2/25/2024 8:00,Solar,0.396
2/25/2024 9:00,Solar,0.692
2/25/2024 10:00,Solar,0.736
2/25/2024 11:00,Solar,0.751
2/25/2024 12:00,Solar,0.741
2/25/2024 13:00,Solar,0.745
2/25/2024 14:00,Solar,0.734
2/25/2024 15:00,Solar,0.705
2/25/2024 16:00,Solar,0.488
2/25/2024 17:00,Solar,0.13
2/25/2024 18:00,Solar,0.005
2/25/2024 19:00,Solar,0.002
2/25/2024 20:00,Solar,0.002
2/25/2024 21:00,Solar,0.002
2/25/2024 22:00,Solar,0.002
2/25/2024 23:00,Solar,0.002
2/26/2024 0:00,Solar,0.002
2/26/2024 1:00,Solar,0.002
2/26/2024 2:00,Solar,0.002
2/26/2024 3:00,Solar,0.002
2/26/2024 4:00,Solar,0.002
2/26/2024 5:00,Solar,0.002
2/26/2024 6:00,Solar,0.002
2/26/2024 7:00,Solar,0.055
2/26/2024 8:00,Solar,0.368
2/26/2024 9:00,Solar,0.653
2/26/2024 10:00,Solar,0.72
2/26/2024 11:00,Solar,0.718
2/26/2024 12:00,Solar,0.679
2/26/2024 13:00,Solar,0.659
2/26/2024 14:00,Solar,0.631
2/26/2024 15:00,Solar,0.556
2/26/2024 16:00,Solar,0.343
2/26/2024 17:00,Solar,0.111
2/26/2024 18:00,Solar,0.008
2/26/2024 19:00,Solar,0.004
2/26/2024 20:00,Solar,0.004
2/26/2024 21:00,Solar,0.004
2/26/2024 22:00,Solar,0.004
2/26/2024 23:00,Solar,0.004
2/27/2024 0:00,Solar,0.004
2/27/2024 1:00,Solar,0.004
2/27/2024 2:00,Solar,0.004
2/27/2024 3:00,Solar,0.004
2/27/2024 4:00,Solar,0.004
2/27/2024 5:00,Solar,0.004
2/27/2024 6:00,Solar,0.004
2/27/2024 7:00,Solar,0.05
2/27/2024 8:00,Solar,0.238
2/27/2024 9:00,Solar,0.411
2/27/2024 10:00,Solar,0.421
2/27/2024 11:00,Solar,0.408
2/27/2024 12:00,Solar,0.328
2/27/2024 13:00,Solar,0.214
2/27/2024 14:00,Solar,0.135
2/27/2024 15:00,Solar,0.075
2/27/2024 16:00,Solar,0.031
2/27/2024 17:00,Solar,0.009
2/27/2024 18:00,Solar,0.002
2/27/2024 19:00,Solar,0.002
2/27/2024 20:00,Solar,0.002
2/27/2024 21:00,Solar,0.002
2/27/2024 22:00,Solar,0.002
2/27/2024 23:00,Solar,0.002
2/28/2024 0:00,Solar,0.002
2/28/2024 1:00,Solar,0.002
2/28/2024 2:00,Solar,0.002
2/28/2024 3:00,Solar,0.002
2/28/2024 4:00,Solar,0.002
2/28/2024 5:00,Solar,0.002
2/28/2024 6:00,Solar,0.002
2/28/2024 7:00,Solar,0.006
2/28/2024 8:00,Solar,0.036
2/28/2024 9:00,Solar,0.07
2/28/2024 10:00,Solar,0.106
2/28/2024 11:00,Solar,0.137
2/28/2024 12:00,Solar,0.16
2/28/2024 13:00,Solar,0.162
2/28/2024 14:00,Solar,0.135
2/28/2024 15:00,Solar,0.126
2/28/2024 16:00,Solar,0.145
2/28/2024 17:00,Solar,0.081
2/28/2024 18:00,Solar,0.008
2/28/2024 19:00,Solar,0.002
2/28/2024 20:00,Solar,0.002
2/28/2024 21:00,Solar,0.002
2/28/2024 22:00,Solar,0.002
2/28/2024 23:00,Solar,0.002
2/29/2024 0:00,Solar,0.002
2/29/2024 1:00,Solar,0.002
2/29/2024 2:00,Solar,0.002
2/29/2024 3:00,Solar,0.002
2/29/2024 4:00,Solar,0.002
2/29/2024 5:00,Solar,0.002
2/29/2024 6:00,Solar,0.002
2/29/2024 7:00,Solar,0.079
2/29/2024 8:00,Solar,0.457
2/29/2024 9:00,Solar,0.742
2/29/2024 10:00,Solar,0.775
2/29/2024 11:00,Solar,0.77
2/29/2024 12:00,Solar,0.773
2/29/2024 13:00,Solar,0.773
2/29/2024 14:00,Solar,0.778
2/29/2024 15:00,Solar,0.737
2/29/2024 16:00,Solar,0.549
2/29/2024 17:00,Solar,0.177
2/29/2024 18:00,Solar,0.012
2/29/2024 19:00,Solar,0.002
2/29/2024 20:00,Solar,0.002
2/29/2024 21:00,Solar,0.002
2/29/2024 22:00,Solar,0.002
2/29/2024 23:00,Solar,0.002
3/1/2024 0:00,Solar,0.002
3/1/2024 1:00,Solar,0.002
3/1/2024 2:00,Solar,0.002
3/1/2024 3:00,Solar,0.002
3/1/2024 4:00,Solar,0.002
3/1/2024 5:00,Solar,0.002
3/1/2024 6:00,Solar,0.002
3/1/2024 7:00,Solar,0.099
3/1/2024 8:00,Solar,0.414
3/1/2024 9:00,Solar,0.553
3/1/2024 10:00,Solar,0.575
3/1/2024 11:00,Solar,0.541
3/1/2024 12:00,Solar,0.513
3/1/2024 13:00,Solar,0.463
3/1/2024 14:00,Solar,0.33
3/1/2024 15:00,Solar,0.199
3/1/2024 16:00,Solar,0.083
3/1/2024 17:00,Solar,0.02
3/1/2024 18:00,Solar,0.003
3/1/2024 19:00,Solar,0.002
3/1/2024 20:00,Solar,0.002
3/1/2024 21:00,Solar,0.002
3/1/2024 22:00,Solar,0.002
3/1/2024 23:00,Solar,0.002
3/2/2024 0:00,Solar,0.002
3/2/2024 1:00,Solar,0.002
3/2/2024 2:00,Solar,0.002
3/2/2024 3:00,Solar,0.002
3/2/2024 4:00,Solar,0.002
3/2/2024 5:00,Solar,0.002
3/2/2024 6:00,Solar,0.002
3/2/2024 7:00,Solar,0.005
3/2/2024 8:00,Solar,0.035
3/2/2024 9:00,Solar,0.096
3/2/2024 10:00,Solar,0.187
3/2/2024 11:00,Solar,0.269
3/2/2024 12:00,Solar,0.331
3/2/2024 13:00,Solar,0.362
3/2/2024 14:00,Solar,0.376
3/2/2024 15:00,Solar,0.382
3/2/2024 16:00,Solar,0.311
3/2/2024 17:00,Solar,0.099
3/2/2024 18:00,Solar,0.004
3/2/2024 19:00,Solar,0.002
3/2/2024 20:00,Solar,0.002
3/2/2024 21:00,Solar,0.002
3/2/2024 22:00,Solar,0.002
3/2/2024 23:00,Solar,0.002
3/3/2024 0:00,Solar,0.002
3/3/2024 1:00,Solar,0.002
3/3/2024 2:00,Solar,0.002
3/3/2024 3:00,Solar,0.002
3/3/2024 4:00,Solar,0.002
3/3/2024 5:00,Solar,0.002
3/3/2024 6:00,Solar,0.002
3/3/2024 7:00,Solar,0.068
3/3/2024 8:00,Solar,0.274
3/3/2024 9:00,Solar,0.465
3/3/2024 10:00,Solar,0.562
3/3/2024 11:00,Solar,0.637
3/3/2024 12:00,Solar,0.662
3/3/2024 13:00,Solar,0.656
3/3/2024 14:00,Solar,0.619
3/3/2024 15:00,Solar,0.56
3/3/2024 16:00,Solar,0.413
3/3/2024 17:00,Solar,0.158
3/3/2024 18:00,Solar,0.022
3/3/2024 19:00,Solar,0.015
3/3/2024 20:00,Solar,0.01
3/3/2024 21:00,Solar,0.002
3/3/2024 22:00,Solar,0.002
3/3/2024 23:00,Solar,0.002
3/4/2024 0:00,Solar,0.002
3/4/2024 1:00,Solar,0.002
3/4/2024 2:00,Solar,0.002
3/4/2024 3:00,Solar,0.002
3/4/2024 4:00,Solar,0.002
3/4/2024 5:00,Solar,0.002
3/4/2024 6:00,Solar,0.002
3/4/2024 7:00,Solar,0.035
3/4/2024 8:00,Solar,0.164
3/4/2024 9:00,Solar,0.348
3/4/2024 10:00,Solar,0.452
3/4/2024 11:00,Solar,0.487
3/4/2024 12:00,Solar,0.46
3/4/2024 13:00,Solar,0.396
3/4/2024 14:00,Solar,0.358
3/4/2024 15:00,Solar,0.309
3/4/2024 16:00,Solar,0.232
3/4/2024 17:00,Solar,0.103
3/4/2024 18:00,Solar,0.013
3/4/2024 19:00,Solar,0.002
3/4/2024 20:00,Solar,0.002
3/4/2024 21:00,Solar,0.002
3/4/2024 22:00,Solar,0.002
3/4/2024 23:00,Solar,0.002
3/5/2024 0:00,Solar,0.002
3/5/2024 1:00,Solar,0.002
3/5/2024 2:00,Solar,0.002
3/5/2024 3:00,Solar,0.002
3/5/2024 4:00,Solar,0.002
3/5/2024 5:00,Solar,0.002
3/5/2024 6:00,Solar,0.002
3/5/2024 7:00,Solar,0.033
3/5/2024 8:00,Solar,0.155
3/5/2024 9:00,Solar,0.253
3/5/2024 10:00,Solar,0.276
3/5/2024 11:00,Solar,0.315
3/5/2024 12:00,Solar,0.329
3/5/2024 13:00,Solar,0.367
3/5/2024 14:00,Solar,0.332
3/5/2024 15:00,Solar,0.231
3/5/2024 16:00,Solar,0.13
3/5/2024 17:00,Solar,0.042
3/5/2024 18:00,Solar,0.007
3/5/2024 19:00,Solar,0.006
3/5/2024 20:00,Solar,0.006
3/5/2024 21:00,Solar,0.006
3/5/2024 22:00,Solar,0.003
3/5/2024 23:00,Solar,0.002
3/6/2024 0:00,Solar,0.002
3/6/2024 1:00,Solar,0.002
3/6/2024 2:00,Solar,0.002
3/6/2024 3:00,Solar,0.002
3/6/2024 4:00,Solar,0.002
3/6/2024 5:00,Solar,0.002
3/6/2024 6:00,Solar,0.002
3/6/2024 7:00,Solar,0.007
3/6/2024 8:00,Solar,0.029
3/6/2024 9:00,Solar,0.057
3/6/2024 10:00,Solar,0.087
3/6/2024 11:00,Solar,0.126
3/6/2024 12:00,Solar,0.137
3/6/2024 13:00,Solar,0.14
3/6/2024 14:00,Solar,0.11
3/6/2024 15:00,Solar,0.063
3/6/2024 16:00,Solar,0.038
3/6/2024 17:00,Solar,0.016
3/6/2024 18:00,Solar,0.003
3/6/2024 19:00,Solar,0.002
3/6/2024 20:00,Solar,0.002
3/6/2024 21:00,Solar,0.002
3/6/2024 22:00,Solar,0.002
3/6/2024 23:00,Solar,0.002
3/7/2024 0:00,Solar,0.002
3/7/2024 1:00,Solar,0.002
3/7/2024 2:00,Solar,0.002
3/7/2024 3:00,Solar,0.002
3/7/2024 4:00,Solar,0.002
3/7/2024 5:00,Solar,0.002
3/7/2024 6:00,Solar,0.002
3/7/2024 7:00,Solar,0.046
3/7/2024 8:00,Solar,0.213
3/7/2024 9:00,Solar,0.319
3/7/2024 10:00,Solar,0.405
3/7/2024 11:00,Solar,0.416
3/7/2024 12:00,Solar,0.442
3/7/2024 13:00,Solar,0.439
3/7/2024 14:00,Solar,0.447
3/7/2024 15:00,Solar,0.41
3/7/2024 16:00,Solar,0.345
3/7/2024 17:00,Solar,0.13
3/7/2024 18:00,Solar,0.008
3/7/2024 19:00,Solar,0.004
3/7/2024 20:00,Solar,0.004
3/7/2024 21:00,Solar,0.004
3/7/2024 22:00,Solar,0.004
3/7/2024 23:00,Solar,0.004
3/8/2024 0:00,Solar,0.004
3/8/2024 1:00,Solar,0.004
3/8/2024 2:00,Solar,0.004
3/8/2024 3:00,Solar,0.004
3/8/2024 4:00,Solar,0.004
3/8/2024 5:00,Solar,0.004
3/8/2024 6:00,Solar,0.006
3/8/2024 7:00,Solar,0.109
3/8/2024 8:00,Solar,0.335
3/8/2024 9:00,Solar,0.437
3/8/2024 10:00,Solar,0.478
3/8/2024 11:00,Solar,0.481
3/8/2024 12:00,Solar,0.503
3/8/2024 13:00,Solar,0.51
3/8/2024 14:00,Solar,0.463
3/8/2024 15:00,Solar,0.361
3/8/2024 16:00,Solar,0.179
3/8/2024 17:00,Solar,0.062
3/8/2024 18:00,Solar,0.029
3/8/2024 19:00,Solar,0.028
3/8/2024 20:00,Solar,0.017
3/8/2024 21:00,Solar,0.002
3/8/2024 22:00,Solar,0.002
3/8/2024 23:00,Solar,0.002
3/9/2024 0:00,Solar,0.002
3/9/2024 1:00,Solar,0.002
3/9/2024 2:00,Solar,0.002
3/9/2024 3:00,Solar,0.002
3/9/2024 4:00,Solar,0.002
3/9/2024 5:00,Solar,0.002
3/9/2024 6:00,Solar,0.002
3/9/2024 7:00,Solar,0.008
3/9/2024 8:00,Solar,0.029
3/9/2024 9:00,Solar,0.053
3/9/2024 10:00,Solar,0.065
3/9/2024 11:00,Solar,0.09
3/9/2024 12:00,Solar,0.112
3/9/2024 13:00,Solar,0.115
3/9/2024 14:00,Solar,0.091
3/9/2024 15:00,Solar,0.074
3/9/2024 16:00,Solar,0.049
3/9/2024 17:00,Solar,0.026
3/9/2024 18:00,Solar,0.016
3/9/2024 19:00,Solar,0.01
3/9/2024 20:00,Solar,0.002
3/9/2024 21:00,Solar,0.002
3/9/2024 22:00,Solar,0.002
3/9/2024 23:00,Solar,0.002
3/10/2024 0:00,Solar,0.002
3/10/2024 1:00,Solar,0.002
3/10/2024 2:00,Solar,0.002
3/10/2024 3:00,Solar,0.002
3/10/2024 4:00,Solar,0.002
3/10/2024 5:00,Solar,0.002
3/10/2024 6:00,Solar,0.002
3/10/2024 7:00,Solar,0.003
3/10/2024 8:00,Solar,0.131
3/10/2024 9:00,Solar,0.379
3/10/2024 10:00,Solar,0.474
3/10/2024 11:00,Solar,0.504
3/10/2024 12:00,Solar,0.518
3/10/2024 13:00,Solar,0.534
3/10/2024 14:00,Solar,0.562
3/10/2024 15:00,Solar,0.515
3/10/2024 16:00,Solar,0.488
3/10/2024 17:00,Solar,0.416
3/10/2024 18:00,Solar,0.17
3/10/2024 19:00,Solar,0.016
3/10/2024 20:00,Solar,0.005
3/10/2024 21:00,Solar,0.005
3/10/2024 22:00,Solar,0.005
3/10/2024 23:00,Solar,0.005
3/11/2024 0:00,Solar,0.005
3/11/2024 1:00,Solar,0.005
3/11/2024 2:00,Solar,0.005
3/11/2024 3:00,Solar,0.002
3/11/2024 4:00,Solar,0.002
3/11/2024 5:00,Solar,0.002
3/11/2024 6:00,Solar,0.002
3/11/2024 7:00,Solar,0.006
3/11/2024 8:00,Solar,0.186
3/11/2024 9:00,Solar,0.586
3/11/2024 10:00,Solar,0.77
3/11/2024 11:00,Solar,0.806
3/11/2024 12:00,Solar,0.817
3/11/2024 13:00,Solar,0.82
3/11/2024 14:00,Solar,0.788
3/11/2024 15:00,Solar,0.789
3/11/2024 16:00,Solar,0.789
3/11/2024 17:00,Solar,0.644
3/11/2024 18:00,Solar,0.272
3/11/2024 19:00,Solar,0.029
3/11/2024 20:00,Solar,0.002
3/11/2024 21:00,Solar,0.005
3/11/2024 22:00,Solar,0.002
3/11/2024 23:00,Solar,0.002
3/12/2024 0:00,Solar,0.002
3/12/2024 1:00,Solar,0.002
3/12/2024 2:00,Solar,0.002
3/12/2024 3:00,Solar,0.002
3/12/2024 4:00,Solar,0.002
3/12/2024 5:00,Solar,0.002
3/12/2024 6:00,Solar,0.002
3/12/2024 7:00,Solar,0.007
3/12/2024 8:00,Solar,0.183
3/12/2024 9:00,Solar,0.541
3/12/2024 10:00,Solar,0.734
3/12/2024 11:00,Solar,0.786
3/12/2024 12:00,Solar,0.793
3/12/2024 13:00,Solar,0.772
3/12/2024 14:00,Solar,0.736
3/12/2024 15:00,Solar,0.72
3/12/2024 16:00,Solar,0.671
3/12/2024 17:00,Solar,0.53
3/12/2024 18:00,Solar,0.228
3/12/2024 19:00,Solar,0.027
3/12/2024 20:00,Solar,0.012
3/12/2024 21:00,Solar,0.005
3/12/2024 22:00,Solar,0.002
3/12/2024 23:00,Solar,0.002
3/13/2024 0:00,Solar,0.002
3/13/2024 1:00,Solar,0.002
3/13/2024 2:00,Solar,0.002
3/13/2024 3:00,Solar,0.002
3/13/2024 4:00,Solar,0.002
3/13/2024 5:00,Solar,0.002
3/13/2024 6:00,Solar,0.002
3/13/2024 7:00,Solar,0.006
3/13/2024 8:00,Solar,0.142
3/13/2024 9:00,Solar,0.483
3/13/2024 10:00,Solar,0.659
3/13/2024 11:00,Solar,0.714
3/13/2024 12:00,Solar,0.737
3/13/2024 13:00,Solar,0.74
3/13/2024 14:00,Solar,0.737
3/13/2024 15:00,Solar,0.739
3/13/2024 16:00,Solar,0.691
3/13/2024 17:00,Solar,0.544
3/13/2024 18:00,Solar,0.218
3/13/2024 19:00,Solar,0.016
3/13/2024 20:00,Solar,0.002
3/13/2024 21:00,Solar,0.002
3/13/2024 22:00,Solar,0.002
3/13/2024 23:00,Solar,0.002
3/14/2024 0:00,Solar,0.002
3/14/2024 1:00,Solar,0.002
3/14/2024 2:00,Solar,0.002
3/14/2024 3:00,Solar,0.002
3/14/2024 4:00,Solar,0.002
3/14/2024 5:00,Solar,0.002
3/14/2024 6:00,Solar,0.002
3/14/2024 7:00,Solar,0.005
3/14/2024 8:00,Solar,0.165
3/14/2024 9:00,Solar,0.494
3/14/2024 10:00,Solar,0.665
3/14/2024 11:00,Solar,0.721
3/14/2024 12:00,Solar,0.691
3/14/2024 13:00,Solar,0.616
3/14/2024 14:00,Solar,0.599
3/14/2024 15:00,Solar,0.625
3/14/2024 16:00,Solar,0.647
3/14/2024 17:00,Solar,0.476
3/14/2024 18:00,Solar,0.179
3/14/2024 19:00,Solar,0.02
3/14/2024 20:00,Solar,0.006
3/14/2024 21:00,Solar,0.002
3/14/2024 22:00,Solar,0.002
3/14/2024 23:00,Solar,0.002
3/15/2024 0:00,Solar,0.002
3/15/2024 1:00,Solar,0.002
3/15/2024 2:00,Solar,0.002
3/15/2024 3:00,Solar,0.002
3/15/2024 4:00,Solar,0.002
3/15/2024 5:00,Solar,0.002
3/15/2024 6:00,Solar,0.002
3/15/2024 7:00,Solar,0.005
3/15/2024 8:00,Solar,0.078
3/15/2024 9:00,Solar,0.26
3/15/2024 10:00,Solar,0.398
3/15/2024 11:00,Solar,0.416
3/15/2024 12:00,Solar,0.387
3/15/2024 13:00,Solar,0.361
3/15/2024 14:00,Solar,0.303
3/15/2024 15:00,Solar,0.241
3/15/2024 16:00,Solar,0.192
3/15/2024 17:00,Solar,0.173
3/15/2024 18:00,Solar,0.104
3/15/2024 19:00,Solar,0.015
3/15/2024 20:00,Solar,0.002
3/15/2024 21:00,Solar,0.002
3/15/2024 22:00,Solar,0.002
3/15/2024 23:00,Solar,0.002
3/16/2024 0:00,Solar,0.002
3/16/2024 1:00,Solar,0.002
3/16/2024 2:00,Solar,0.002
3/16/2024 3:00,Solar,0.002
3/16/2024 4:00,Solar,0.002
3/16/2024 5:00,Solar,0.002
3/16/2024 6:00,Solar,0.002
3/16/2024 7:00,Solar,0.007
3/16/2024 8:00,Solar,0.153
3/16/2024 9:00,Solar,0.496
3/16/2024 10:00,Solar,0.707
3/16/2024 11:00,Solar,0.75
3/16/2024 12:00,Solar,0.781
3/16/2024 13:00,Solar,0.771
3/16/2024 14:00,Solar,0.787
3/16/2024 15:00,Solar,0.774
3/16/2024 16:00,Solar,0.699
3/16/2024 17:00,Solar,0.544
3/16/2024 18:00,Solar,0.205
3/16/2024 19:00,Solar,0.019
3/16/2024 20:00,Solar,0.007
3/16/2024 21:00,Solar,0.007
3/16/2024 22:00,Solar,0.007
3/16/2024 23:00,Solar,0.007
3/17/2024 0:00,Solar,0.007
3/17/2024 1:00,Solar,0.007
3/17/2024 2:00,Solar,0.007
3/17/2024 3:00,Solar,0.003
3/17/2024 4:00,Solar,0.002
3/17/2024 5:00,Solar,0.002
3/17/2024 6:00,Solar,0.002
3/17/2024 7:00,Solar,0.007
3/17/2024 8:00,Solar,0.146
3/17/2024 9:00,Solar,0.404
3/17/2024 10:00,Solar,0.504
3/17/2024 11:00,Solar,0.546
3/17/2024 12:00,Solar,0.611
3/17/2024 13:00,Solar,0.636
3/17/2024 14:00,Solar,0.666
3/17/2024 15:00,Solar,0.641
3/17/2024 16:00,Solar,0.624
3/17/2024 17:00,Solar,0.439
3/17/2024 18:00,Solar,0.131
3/17/2024 19:00,Solar,0.013
3/17/2024 20:00,Solar,0.002
3/17/2024 21:00,Solar,0.002
3/17/2024 22:00,Solar,0.002
3/17/2024 23:00,Solar,0.002
3/18/2024 0:00,Solar,0.002
3/18/2024 1:00,Solar,0.002
3/18/2024 2:00,Solar,0.002
3/18/2024 3:00,Solar,0.002
3/18/2024 4:00,Solar,0.002
3/18/2024 5:00,Solar,0.002
3/18/2024 6:00,Solar,0.002
3/18/2024 7:00,Solar,0.008
3/18/2024 8:00,Solar,0.131
3/18/2024 9:00,Solar,0.338
3/18/2024 10:00,Solar,0.477
3/18/2024 11:00,Solar,0.509
3/18/2024 12:00,Solar,0.526
3/18/2024 13:00,Solar,0.541
3/18/2024 14:00,Solar,0.505
3/18/2024 15:00,Solar,0.401
3/18/2024 16:00,Solar,0.309
3/18/2024 17:00,Solar,0.232
3/18/2024 18:00,Solar,0.095
3/18/2024 19:00,Solar,0.01
3/18/2024 20:00,Solar,0.002
3/18/2024 21:00,Solar,0.002
3/18/2024 22:00,Solar,0.002
3/18/2024 23:00,Solar,0.002
3/19/2024 0:00,Solar,0.002
3/19/2024 1:00,Solar,0.002
3/19/2024 2:00,Solar,0.002
3/19/2024 3:00,Solar,0.002
3/19/2024 4:00,Solar,0.002
3/19/2024 5:00,Solar,0.002
3/19/2024 6:00,Solar,0.002
3/19/2024 7:00,Solar,0.013
3/19/2024 8:00,Solar,0.211
3/19/2024 9:00,Solar,0.525
3/19/2024 10:00,Solar,0.653
3/19/2024 11:00,Solar,0.667
3/19/2024 12:00,Solar,0.742
3/19/2024 13:00,Solar,0.774
3/19/2024 14:00,Solar,0.775
3/19/2024 15:00,Solar,0.777
3/19/2024 16:00,Solar,0.706
3/19/2024 17:00,Solar,0.551
3/19/2024 18:00,Solar,0.248
3/19/2024 19:00,Solar,0.029
3/19/2024 20:00,Solar,0.002
3/19/2024 21:00,Solar,0.002
3/19/2024 22:00,Solar,0.002
3/19/2024 23:00,Solar,0.002
3/20/2024 0:00,Solar,0.002
3/20/2024 1:00,Solar,0.002
3/20/2024 2:00,Solar,0.002
3/20/2024 3:00,Solar,0.002
3/20/2024 4:00,Solar,0.002
3/20/2024 5:00,Solar,0.002
3/20/2024 6:00,Solar,0.002
3/20/2024 7:00,Solar,0.014
3/20/2024 8:00,Solar,0.211
3/20/2024 9:00,Solar,0.506
3/20/2024 10:00,Solar,0.62
3/20/2024 11:00,Solar,0.675
3/20/2024 12:00,Solar,0.697
3/20/2024 13:00,Solar,0.693
3/20/2024 14:00,Solar,0.684
3/20/2024 15:00,Solar,0.67
3/20/2024 16:00,Solar,0.632
3/20/2024 17:00,Solar,0.539
3/20/2024 18:00,Solar,0.255
3/20/2024 19:00,Solar,0.028
3/20/2024 20:00,Solar,0.001
3/20/2024 21:00,Solar,0.001
3/20/2024 22:00,Solar,0.001
3/20/2024 23:00,Solar,0.001
3/21/2024 0:00,Solar,0.001
3/21/2024 1:00,Solar,0.001
3/21/2024 2:00,Solar,0.001
3/21/2024 3:00,Solar,0.001
3/21/2024 4:00,Solar,0.001
3/21/2024 5:00,Solar,0.001
3/21/2024 6:00,Solar,0.001
3/21/2024 7:00,Solar,0.017
3/21/2024 8:00,Solar,0.273
3/21/2024 9:00,Solar,0.628
3/21/2024 10:00,Solar,0.741
3/21/2024 11:00,Solar,0.773
3/21/2024 12:00,Solar,0.778
3/21/2024 13:00,Solar,0.775
3/21/2024 14:00,Solar,0.756
3/21/2024 15:00,Solar,0.743
3/21/2024 16:00,Solar,0.718
3/21/2024 17:00,Solar,0.609
3/21/2024 18:00,Solar,0.282
3/21/2024 19:00,Solar,0.039
3/21/2024 20:00,Solar,0.015
3/21/2024 21:00,Solar,0.015
3/21/2024 22:00,Solar,0.015
3/21/2024 23:00,Solar,0.015
3/22/2024 0:00,Solar,0.015
3/22/2024 1:00,Solar,0.015
3/22/2024 2:00,Solar,0.015
3/22/2024 3:00,Solar,0.015
3/22/2024 4:00,Solar,0.015
3/22/2024 5:00,Solar,0.015
3/22/2024 6:00,Solar,0.015
3/22/2024 7:00,Solar,0.029
3/22/2024 8:00,Solar,0.174
3/22/2024 9:00,Solar,0.357
3/22/2024 10:00,Solar,0.433
3/22/2024 11:00,Solar,0.438
3/22/2024 12:00,Solar,0.473
3/22/2024 13:00,Solar,0.467
3/22/2024 14:00,Solar,0.429
3/22/2024 15:00,Solar,0.368
3/22/2024 16:00,Solar,0.277
3/22/2024 17:00,Solar,0.146
3/22/2024 18:00,Solar,0.042
3/22/2024 19:00,Solar,0.003
3/22/2024 20:00,Solar,0.001
3/22/2024 21:00,Solar,0.001
3/22/2024 22:00,Solar,0.001
3/22/2024 23:00,Solar,0.001
3/23/2024 0:00,Solar,0.001
3/23/2024 1:00,Solar,0.001
3/23/2024 2:00,Solar,0.001
3/23/2024 3:00,Solar,0.001
3/23/2024 4:00,Solar,0.001
3/23/2024 5:00,Solar,0.001
3/23/2024 6:00,Solar,0.001
3/23/2024 7:00,Solar,0.001
3/23/2024 8:00,Solar,0.018
3/23/2024 9:00,Solar,0.088
3/23/2024 10:00,Solar,0.188
3/23/2024 11:00,Solar,0.273
3/23/2024 12:00,Solar,0.376
3/23/2024 13:00,Solar,0.422
3/23/2024 14:00,Solar,0.466
3/23/2024 15:00,Solar,0.458
3/23/2024 16:00,Solar,0.413
3/23/2024 17:00,Solar,0.307
3/23/2024 18:00,Solar,0.152
3/23/2024 19:00,Solar,0.03
3/23/2024 20:00,Solar,0.003
3/23/2024 21:00,Solar,0.001
3/23/2024 22:00,Solar,0.001
3/23/2024 23:00,Solar,0.001
3/24/2024 0:00,Solar,0.001
3/24/2024 1:00,Solar,0.001
3/24/2024 2:00,Solar,0.001
3/24/2024 3:00,Solar,0.001
3/24/2024 4:00,Solar,0.001
3/24/2024 5:00,Solar,0.001
3/24/2024 6:00,Solar,0.001
3/24/2024 7:00,Solar,0.026
3/24/2024 8:00,Solar,0.315
3/24/2024 9:00,Solar,0.665
3/24/2024 10:00,Solar,0.784
3/24/2024 11:00,Solar,0.819
3/24/2024 12:00,Solar,0.831
3/24/2024 13:00,Solar,0.828
3/24/2024 14:00,Solar,0.828
3/24/2024 15:00,Solar,0.818
3/24/2024 16:00,Solar,0.782
3/24/2024 17:00,Solar,0.649
3/24/2024 18:00,Solar,0.299
3/24/2024 19:00,Solar,0.046
3/24/2024 20:00,Solar,0.005
3/24/2024 21:00,Solar,0.002
3/24/2024 22:00,Solar,0.002
3/24/2024 23:00,Solar,0.002
3/25/2024 0:00,Solar,0.002
3/25/2024 1:00,Solar,0.002
3/25/2024 2:00,Solar,0.002
3/25/2024 3:00,Solar,0.002
3/25/2024 4:00,Solar,0.002
3/25/2024 5:00,Solar,0.002
3/25/2024 6:00,Solar,0.002
3/25/2024 7:00,Solar,0.032
3/25/2024 8:00,Solar,0.308
3/25/2024 9:00,Solar,0.597
3/25/2024 10:00,Solar,0.681
3/25/2024 11:00,Solar,0.745
3/25/2024 12:00,Solar,0.784
3/25/2024 13:00,Solar,0.792
3/25/2024 14:00,Solar,0.785
3/25/2024 15:00,Solar,0.757
3/25/2024 16:00,Solar,0.729
3/25/2024 17:00,Solar,0.583
3/25/2024 18:00,Solar,0.259
3/25/2024 19:00,Solar,0.027
3/25/2024 20:00,Solar,0.002
3/25/2024 21:00,Solar,0.001
3/25/2024 22:00,Solar,0.001
3/25/2024 23:00,Solar,0.001
3/26/2024 0:00,Solar,0.001
3/26/2024 1:00,Solar,0.001
3/26/2024 2:00,Solar,0.001
3/26/2024 3:00,Solar,0.001
3/26/2024 4:00,Solar,0.001
3/26/2024 5:00,Solar,0.001
3/26/2024 6:00,Solar,0.001
3/26/2024 7:00,Solar,0.024
3/26/2024 8:00,Solar,0.199
3/26/2024 9:00,Solar,0.362
3/26/2024 10:00,Solar,0.433
3/26/2024 11:00,Solar,0.477
3/26/2024 12:00,Solar,0.45
3/26/2024 13:00,Solar,0.465
3/26/2024 14:00,Solar,0.446
3/26/2024 15:00,Solar,0.367
3/26/2024 16:00,Solar,0.347
3/26/2024 17:00,Solar,0.229
3/26/2024 18:00,Solar,0.096
3/26/2024 19:00,Solar,0.013
3/26/2024 20:00,Solar,0.001
3/26/2024 21:00,Solar,0.001
3/26/2024 22:00,Solar,0.001
3/26/2024 23:00,Solar,0.001
3/27/2024 0:00,Solar,0.001
3/27/2024 1:00,Solar,0.001
3/27/2024 2:00,Solar,0.001
3/27/2024 3:00,Solar,0.001
3/27/2024 4:00,Solar,0.001
3/27/2024 5:00,Solar,0.001
3/27/2024 6:00,Solar,0.001
3/27/2024 7:00,Solar,0.007
3/27/2024 8:00,Solar,0.072
3/27/2024 9:00,Solar,0.16
3/27/2024 10:00,Solar,0.167
3/27/2024 11:00,Solar,0.172
3/27/2024 12:00,Solar,0.186
3/27/2024 13:00,Solar,0.193
3/27/2024 14:00,Solar,0.2
3/27/2024 15:00,Solar,0.19
3/27/2024 16:00,Solar,0.171
3/27/2024 17:00,Solar,0.151
3/27/2024 18:00,Solar,0.127
3/27/2024 19:00,Solar,0.036
3/27/2024 20:00,Solar,0.005
3/27/2024 21:00,Solar,0.005
3/27/2024 22:00,Solar,0.005
3/27/2024 23:00,Solar,0.005
3/28/2024 0:00,Solar,0.005
3/28/2024 1:00,Solar,0.005
3/28/2024 2:00,Solar,0.005
3/28/2024 3:00,Solar,0.005
3/28/2024 4:00,Solar,0.005
3/28/2024 5:00,Solar,0.005
3/28/2024 6:00,Solar,0.005
3/28/2024 7:00,Solar,0.007
3/28/2024 8:00,Solar,0.068
3/28/2024 9:00,Solar,0.159
3/28/2024 10:00,Solar,0.224
3/28/2024 11:00,Solar,0.277
3/28/2024 12:00,Solar,0.283
3/28/2024 13:00,Solar,0.302
3/28/2024 14:00,Solar,0.296
3/28/2024 15:00,Solar,0.298
3/28/2024 16:00,Solar,0.261
3/28/2024 17:00,Solar,0.223
3/28/2024 18:00,Solar,0.127
3/28/2024 19:00,Solar,0.03
3/28/2024 20:00,Solar,0.004
3/28/2024 21:00,Solar,0.003
3/28/2024 22:00,Solar,0.003
3/28/2024 23:00,Solar,0.003
3/29/2024 0:00,Solar,0.003
3/29/2024 1:00,Solar,0.003
3/29/2024 2:00,Solar,0.003
3/29/2024 3:00,Solar,0.003
3/29/2024 4:00,Solar,0.003
3/29/2024 5:00,Solar,0.003
3/29/2024 6:00,Solar,0.003
3/29/2024 7:00,Solar,0.028
3/29/2024 8:00,Solar,0.283
3/29/2024 9:00,Solar,0.617
3/29/2024 10:00,Solar,0.74
3/29/2024 11:00,Solar,0.783
3/29/2024 12:00,Solar,0.779
3/29/2024 13:00,Solar,0.747
3/29/2024 14:00,Solar,0.746
3/29/2024 15:00,Solar,0.729
3/29/2024 16:00,Solar,0.686
3/29/2024 17:00,Solar,0.598
3/29/2024 18:00,Solar,0.312
3/29/2024 19:00,Solar,0.035
3/29/2024 20:00,Solar,0.002
3/29/2024 21:00,Solar,0.002
3/29/2024 22:00,Solar,0.002
3/29/2024 23:00,Solar,0.002
3/30/2024 0:00,Solar,0.002
3/30/2024 1:00,Solar,0.002
3/30/2024 2:00,Solar,0.002
3/30/2024 3:00,Solar,0.002
3/30/2024 4:00,Solar,0.002
3/30/2024 5:00,Solar,0.002
3/30/2024 6:00,Solar,0.002
3/30/2024 7:00,Solar,0.04
3/30/2024 8:00,Solar,0.26
3/30/2024 9:00,Solar,0.461
3/30/2024 10:00,Solar,0.541
3/30/2024 11:00,Solar,0.605
3/30/2024 12:00,Solar,0.653
3/30/2024 13:00,Solar,0.677
3/30/2024 14:00,Solar,0.674
3/30/2024 15:00,Solar,0.609
3/30/2024 16:00,Solar,0.585
3/30/2024 17:00,Solar,0.444
3/30/2024 18:00,Solar,0.21
3/30/2024 19:00,Solar,0.024
3/30/2024 20:00,Solar,0.002
3/30/2024 21:00,Solar,0.002
3/30/2024 22:00,Solar,0.002
3/30/2024 23:00,Solar,0.002
3/31/2024 0:00,Solar,0.002
3/31/2024 1:00,Solar,0.002
3/31/2024 2:00,Solar,0.002
3/31/2024 3:00,Solar,0.002
3/31/2024 4:00,Solar,0.002
3/31/2024 5:00,Solar,0.002
3/31/2024 6:00,Solar,0.002
3/31/2024 7:00,Solar,0.031
3/31/2024 8:00,Solar,0.216
3/31/2024 9:00,Solar,0.399
3/31/2024 10:00,Solar,0.492
3/31/2024 11:00,Solar,0.527
3/31/2024 12:00,Solar,0.58
3/31/2024 13:00,Solar,0.585
3/31/2024 14:00,Solar,0.542
3/31/2024 15:00,Solar,0.479
3/31/2024 16:00,Solar,0.397
3/31/2024 17:00,Solar,0.319
3/31/2024 18:00,Solar,0.174
3/31/2024 19:00,Solar,0.019
3/31/2024 20:00,Solar,0.002
3/31/2024 21:00,Solar,0.002
3/31/2024 22:00,Solar,0.002
3/31/2024 23:00,Solar,0.002
4/1/2024 0:00,Solar,0.002
4/1/2024 1:00,Solar,0.002
4/1/2024 2:00,Solar,0.002
4/1/2024 3:00,Solar,0.002
4/1/2024 4:00,Solar,0.002
4/1/2024 5:00,Solar,0.002
4/1/2024 6:00,Solar,0.002
4/1/2024 7:00,Solar,0.026
4/1/2024 8:00,Solar,0.114
4/1/2024 9:00,Solar,0.208
4/1/2024 10:00,Solar,0.286
4/1/2024 11:00,Solar,0.329
4/1/2024 12:00,Solar,0.369
4/1/2024 13:00,Solar,0.423
4/1/2024 14:00,Solar,0.456
4/1/2024 15:00,Solar,0.419
4/1/2024 16:00,Solar,0.374
4/1/2024 17:00,Solar,0.282
4/1/2024 18:00,Solar,0.143
4/1/2024 19:00,Solar,0.019
4/1/2024 20:00,Solar,0.007
4/1/2024 21:00,Solar,0.007
4/1/2024 22:00,Solar,0.007
4/1/2024 23:00,Solar,0.007
4/2/2024 0:00,Solar,0.008
4/2/2024 1:00,Solar,0.007
4/2/2024 2:00,Solar,0.007
4/2/2024 3:00,Solar,0.008
4/2/2024 4:00,Solar,0.007
4/2/2024 5:00,Solar,0.007
4/2/2024 6:00,Solar,0.007
4/2/2024 7:00,Solar,0.011
4/2/2024 8:00,Solar,0.038
4/2/2024 9:00,Solar,0.089
4/2/2024 10:00,Solar,0.198
4/2/2024 11:00,Solar,0.318
4/2/2024 12:00,Solar,0.347
4/2/2024 13:00,Solar,0.343
4/2/2024 14:00,Solar,0.299
4/2/2024 15:00,Solar,0.342
4/2/2024 16:00,Solar,0.322
4/2/2024 17:00,Solar,0.201
4/2/2024 18:00,Solar,0.065
4/2/2024 19:00,Solar,0.012
4/2/2024 20:00,Solar,0.003
4/2/2024 21:00,Solar,0.003
4/2/2024 22:00,Solar,0.003
4/2/2024 23:00,Solar,0.003
4/3/2024 0:00,Solar,0.003
4/3/2024 1:00,Solar,0.003
4/3/2024 2:00,Solar,0.003
4/3/2024 3:00,Solar,0.003
4/3/2024 4:00,Solar,0.003
4/3/2024 5:00,Solar,0.003
4/3/2024 6:00,Solar,0.003
4/3/2024 7:00,Solar,0.005
4/3/2024 8:00,Solar,0.047
4/3/2024 9:00,Solar,0.149
4/3/2024 10:00,Solar,0.19
4/3/2024 11:00,Solar,0.183
4/3/2024 12:00,Solar,0.228
4/3/2024 13:00,Solar,0.307
4/3/2024 14:00,Solar,0.252
4/3/2024 15:00,Solar,0.304
4/3/2024 16:00,Solar,0.251
4/3/2024 17:00,Solar,0.221
4/3/2024 18:00,Solar,0.116
4/3/2024 19:00,Solar,0.019
4/3/2024 20:00,Solar,0.003
4/3/2024 21:00,Solar,0.003
4/3/2024 22:00,Solar,0.003
4/3/2024 23:00,Solar,0.003
4/4/2024 0:00,Solar,0.003
4/4/2024 1:00,Solar,0.003
4/4/2024 2:00,Solar,0.003
4/4/2024 3:00,Solar,0.003
4/4/2024 4:00,Solar,0.003
4/4/2024 5:00,Solar,0.003
4/4/2024 6:00,Solar,0.003
4/4/2024 7:00,Solar,0.049
4/4/2024 8:00,Solar,0.21
4/4/2024 9:00,Solar,0.264
4/4/2024 10:00,Solar,0.374
4/4/2024 11:00,Solar,0.489
4/4/2024 12:00,Solar,0.49
4/4/2024 13:00,Solar,0.493
4/4/2024 14:00,Solar,0.374
4/4/2024 15:00,Solar,0.348
4/4/2024 16:00,Solar,0.294
4/4/2024 17:00,Solar,0.272
4/4/2024 18:00,Solar,0.165
4/4/2024 19:00,Solar,0.035
4/4/2024 20:00,Solar,0.004
4/4/2024 21:00,Solar,0.004
4/4/2024 22:00,Solar,0.004
4/4/2024 23:00,Solar,0.004
4/5/2024 0:00,Solar,0.004
4/5/2024 1:00,Solar,0.004
4/5/2024 2:00,Solar,0.004
4/5/2024 3:00,Solar,0.004
4/5/2024 4:00,Solar,0.004
4/5/2024 5:00,Solar,0.004
4/5/2024 6:00,Solar,0.004
4/5/2024 7:00,Solar,0.062
4/5/2024 8:00,Solar,0.333
4/5/2024 9:00,Solar,0.509
4/5/2024 10:00,Solar,0.566
4/5/2024 11:00,Solar,0.6
4/5/2024 12:00,Solar,0.563
4/5/2024 13:00,Solar,0.533
4/5/2024 14:00,Solar,0.494
4/5/2024 15:00,Solar,0.473
4/5/2024 16:00,Solar,0.368
4/5/2024 17:00,Solar,0.268
4/5/2024 18:00,Solar,0.131
4/5/2024 19:00,Solar,0.035
4/5/2024 20:00,Solar,0.004
4/5/2024 21:00,Solar,0.004
4/5/2024 22:00,Solar,0.004
4/5/2024 23:00,Solar,0.004
4/6/2024 0:00,Solar,0.005
4/6/2024 1:00,Solar,0.005
4/6/2024 2:00,Solar,0.005
4/6/2024 3:00,Solar,0.005
4/6/2024 4:00,Solar,0.005
4/6/2024 5:00,Solar,0.005
4/6/2024 6:00,Solar,0.005
4/6/2024 7:00,Solar,0.078
4/6/2024 8:00,Solar,0.451
4/6/2024 9:00,Solar,0.729
4/6/2024 10:00,Solar,0.767
4/6/2024 11:00,Solar,0.763
4/6/2024 12:00,Solar,0.708
4/6/2024 13:00,Solar,0.649
4/6/2024 14:00,Solar,0.612
4/6/2024 15:00,Solar,0.556
4/6/2024 16:00,Solar,0.503
4/6/2024 17:00,Solar,0.396
4/6/2024 18:00,Solar,0.262
4/6/2024 19:00,Solar,0.057
4/6/2024 20:00,Solar,0.006
4/6/2024 21:00,Solar,0.005
4/6/2024 22:00,Solar,0.005
4/6/2024 23:00,Solar,0.005
4/7/2024 0:00,Solar,0.005
4/7/2024 1:00,Solar,0.005
4/7/2024 2:00,Solar,0.005
4/7/2024 3:00,Solar,0.005
4/7/2024 4:00,Solar,0.005
4/7/2024 5:00,Solar,0.005
4/7/2024 6:00,Solar,0.005
4/7/2024 7:00,Solar,0.087
4/7/2024 8:00,Solar,0.458
4/7/2024 9:00,Solar,0.755
4/7/2024 10:00,Solar,0.815
4/7/2024 11:00,Solar,0.827
4/7/2024 12:00,Solar,0.82
4/7/2024 13:00,Solar,0.829
4/7/2024 14:00,Solar,0.807
4/7/2024 15:00,Solar,0.796
4/7/2024 16:00,Solar,0.741
4/7/2024 17:00,Solar,0.67
4/7/2024 18:00,Solar,0.349
4/7/2024 19:00,Solar,0.051
4/7/2024 20:00,Solar,0.006
4/7/2024 21:00,Solar,0.006
4/7/2024 22:00,Solar,0.006
4/7/2024 23:00,Solar,0.005
4/8/2024 0:00,Solar,0.005
4/8/2024 1:00,Solar,0.005
4/8/2024 2:00,Solar,0.005
4/8/2024 3:00,Solar,0.005
4/8/2024 4:00,Solar,0.005
4/8/2024 5:00,Solar,0.006
4/8/2024 6:00,Solar,0.006
4/8/2024 7:00,Solar,0.084
4/8/2024 8:00,Solar,0.411
4/8/2024 9:00,Solar,0.705
4/8/2024 10:00,Solar,0.782
4/8/2024 11:00,Solar,0.813
4/8/2024 12:00,Solar,0.827
4/8/2024 13:00,Solar,0.831
4/8/2024 14:00,Solar,0.656
4/8/2024 15:00,Solar,0.222
4/8/2024 16:00,Solar,0.602
4/8/2024 17:00,Solar,0.524
4/8/2024 18:00,Solar,0.282
4/8/2024 19:00,Solar,0.058
4/8/2024 20:00,Solar,0.004
4/8/2024 21:00,Solar,0.004
4/8/2024 22:00,Solar,0.004
4/8/2024 23:00,Solar,0.004
4/9/2024 0:00,Solar,0.004
4/9/2024 1:00,Solar,0.004
4/9/2024 2:00,Solar,0.004
4/9/2024 3:00,Solar,0.004
4/9/2024 4:00,Solar,0.004
4/9/2024 5:00,Solar,0.004
4/9/2024 6:00,Solar,0.004
4/9/2024 7:00,Solar,0.06
4/9/2024 8:00,Solar,0.24
4/9/2024 9:00,Solar,0.384
4/9/2024 10:00,Solar,0.457
4/9/2024 11:00,Solar,0.495
4/9/2024 12:00,Solar,0.502
4/9/2024 13:00,Solar,0.52
4/9/2024 14:00,Solar,0.502
4/9/2024 15:00,Solar,0.437
4/9/2024 16:00,Solar,0.341
4/9/2024 17:00,Solar,0.215
4/9/2024 18:00,Solar,0.12
4/9/2024 19:00,Solar,0.029
4/9/2024 20:00,Solar,0.007
4/9/2024 21:00,Solar,0.004
4/9/2024 22:00,Solar,0.004
4/9/2024 23:00,Solar,0.004
4/10/2024 0:00,Solar,0.004
4/10/2024 1:00,Solar,0.004
4/10/2024 2:00,Solar,0.004
4/10/2024 3:00,Solar,0.004
4/10/2024 4:00,Solar,0.004
4/10/2024 5:00,Solar,0.004
4/10/2024 6:00,Solar,0.004
4/10/2024 7:00,Solar,0.024
4/10/2024 8:00,Solar,0.094
4/10/2024 9:00,Solar,0.213
4/10/2024 10:00,Solar,0.334
4/10/2024 11:00,Solar,0.467
4/10/2024 12:00,Solar,0.466
4/10/2024 13:00,Solar,0.479
4/10/2024 14:00,Solar,0.458
4/10/2024 15:00,Solar,0.348
4/10/2024 16:00,Solar,0.281
4/10/2024 17:00,Solar,0.159
4/10/2024 18:00,Solar,0.076
4/10/2024 19:00,Solar,0.013
4/10/2024 20:00,Solar,0.004
4/10/2024 21:00,Solar,0.004
4/10/2024 22:00,Solar,0.004
4/10/2024 23:00,Solar,0.004
4/11/2024 0:00,Solar,0.004
4/11/2024 1:00,Solar,0.004
4/11/2024 2:00,Solar,0.004
4/11/2024 3:00,Solar,0.004
4/11/2024 4:00,Solar,0.004
4/11/2024 5:00,Solar,0.004
4/11/2024 6:00,Solar,0.004
4/11/2024 7:00,Solar,0.016
4/11/2024 8:00,Solar,0.057
4/11/2024 9:00,Solar,0.102
4/11/2024 10:00,Solar,0.146
4/11/2024 11:00,Solar,0.161
4/11/2024 12:00,Solar,0.185
4/11/2024 13:00,Solar,0.238
4/11/2024 14:00,Solar,0.208
4/11/2024 15:00,Solar,0.195
4/11/2024 16:00,Solar,0.17
4/11/2024 17:00,Solar,0.119
4/11/2024 18:00,Solar,0.06
4/11/2024 19:00,Solar,0.011
4/11/2024 20:00,Solar,0.004
4/11/2024 21:00,Solar,0.004
4/11/2024 22:00,Solar,0.003
4/11/2024 23:00,Solar,0.003
4/12/2024 0:00,Solar,0.003
4/12/2024 1:00,Solar,0.003
4/12/2024 2:00,Solar,0.003
4/12/2024 3:00,Solar,0.003
4/12/2024 4:00,Solar,0.003
4/12/2024 5:00,Solar,0.003
4/12/2024 6:00,Solar,0.003
4/12/2024 7:00,Solar,0.032
4/12/2024 8:00,Solar,0.202
4/12/2024 9:00,Solar,0.4
4/12/2024 10:00,Solar,0.483
4/12/2024 11:00,Solar,0.464
4/12/2024 12:00,Solar,0.531
4/12/2024 13:00,Solar,0.524
4/12/2024 14:00,Solar,0.505
4/12/2024 15:00,Solar,0.513
4/12/2024 16:00,Solar,0.455
4/12/2024 17:00,Solar,0.382
4/12/2024 18:00,Solar,0.245
4/12/2024 19:00,Solar,0.061
4/12/2024 20:00,Solar,0.005
4/12/2024 21:00,Solar,0.004
4/12/2024 22:00,Solar,0.004
4/12/2024 23:00,Solar,0.004
4/13/2024 0:00,Solar,0.004
4/13/2024 1:00,Solar,0.004
4/13/2024 2:00,Solar,0.004
4/13/2024 3:00,Solar,0.004
4/13/2024 4:00,Solar,0.004
4/13/2024 5:00,Solar,0.004
4/13/2024 6:00,Solar,0.004
4/13/2024 7:00,Solar,0.09
4/13/2024 8:00,Solar,0.346
4/13/2024 9:00,Solar,0.573
4/13/2024 10:00,Solar,0.734
4/13/2024 11:00,Solar,0.795
4/13/2024 12:00,Solar,0.829
4/13/2024 13:00,Solar,0.843
4/13/2024 14:00,Solar,0.852
4/13/2024 15:00,Solar,0.849
4/13/2024 16:00,Solar,0.839
4/13/2024 17:00,Solar,0.764
4/13/2024 18:00,Solar,0.474
4/13/2024 19:00,Solar,0.104
4/13/2024 20:00,Solar,0.005
4/13/2024 21:00,Solar,0.004
4/13/2024 22:00,Solar,0.004
4/13/2024 23:00,Solar,0.004
4/14/2024 0:00,Solar,0.004
4/14/2024 1:00,Solar,0.004
4/14/2024 2:00,Solar,0.004
4/14/2024 3:00,Solar,0.004
4/14/2024 4:00,Solar,0.004
4/14/2024 5:00,Solar,0.004
4/14/2024 6:00,Solar,0.004
4/14/2024 7:00,Solar,0.124
4/14/2024 8:00,Solar,0.501
4/14/2024 9:00,Solar,0.743
4/14/2024 10:00,Solar,0.785
4/14/2024 11:00,Solar,0.831
4/14/2024 12:00,Solar,0.836
4/14/2024 13:00,Solar,0.869
4/14/2024 14:00,Solar,0.872
4/14/2024 15:00,Solar,0.844
4/14/2024 16:00,Solar,0.814
4/14/2024 17:00,Solar,0.686
4/14/2024 18:00,Solar,0.402
4/14/2024 19:00,Solar,0.087
4/14/2024 20:00,Solar,0.006
4/14/2024 21:00,Solar,0.004
4/14/2024 22:00,Solar,0.004
4/14/2024 23:00,Solar,0.004
4/15/2024 0:00,Solar,0.004
4/15/2024 1:00,Solar,0.004
4/15/2024 2:00,Solar,0.004
4/15/2024 3:00,Solar,0.004
4/15/2024 4:00,Solar,0.004
4/15/2024 5:00,Solar,0.004
4/15/2024 6:00,Solar,0.004
4/15/2024 7:00,Solar,0.098
4/15/2024 8:00,Solar,0.453
4/15/2024 9:00,Solar,0.707
4/15/2024 10:00,Solar,0.803
4/15/2024 11:00,Solar,0.832
4/15/2024 12:00,Solar,0.842
4/15/2024 13:00,Solar,0.835
4/15/2024 14:00,Solar,0.828
4/15/2024 15:00,Solar,0.801
4/15/2024 16:00,Solar,0.756
4/15/2024 17:00,Solar,0.631
4/15/2024 18:00,Solar,0.382
4/15/2024 19:00,Solar,0.09
4/15/2024 20:00,Solar,0.006
4/15/2024 21:00,Solar,0.004
4/15/2024 22:00,Solar,0.004
4/15/2024 23:00,Solar,0.004
4/16/2024 0:00,Solar,0.004
4/16/2024 1:00,Solar,0.004
4/16/2024 2:00,Solar,0.004
4/16/2024 3:00,Solar,0.004
4/16/2024 4:00,Solar,0.004
4/16/2024 5:00,Solar,0.004
4/16/2024 6:00,Solar,0.005
4/16/2024 7:00,Solar,0.111
4/16/2024 8:00,Solar,0.441
4/16/2024 9:00,Solar,0.675
4/16/2024 10:00,Solar,0.754
4/16/2024 11:00,Solar,0.777
4/16/2024 12:00,Solar,0.8
4/16/2024 13:00,Solar,0.779
4/16/2024 14:00,Solar,0.774
4/16/2024 15:00,Solar,0.758
4/16/2024 16:00,Solar,0.718
4/16/2024 17:00,Solar,0.622
4/16/2024 18:00,Solar,0.315
4/16/2024 19:00,Solar,0.05
4/16/2024 20:00,Solar,0.005
4/16/2024 21:00,Solar,0.005
4/16/2024 22:00,Solar,0.004
4/16/2024 23:00,Solar,0.003
4/17/2024 0:00,Solar,0.003
4/17/2024 1:00,Solar,0.003
4/17/2024 2:00,Solar,0.003
4/17/2024 3:00,Solar,0.003
4/17/2024 4:00,Solar,0.003
4/17/2024 5:00,Solar,0.003
4/17/2024 6:00,Solar,0.004
4/17/2024 7:00,Solar,0.047
4/17/2024 8:00,Solar,0.156
4/17/2024 9:00,Solar,0.246
4/17/2024 10:00,Solar,0.352
4/17/2024 11:00,Solar,0.471
4/17/2024 12:00,Solar,0.51
4/17/2024 13:00,Solar,0.471
4/17/2024 14:00,Solar,0.458
4/17/2024 15:00,Solar,0.409
4/17/2024 16:00,Solar,0.314
4/17/2024 17:00,Solar,0.226
4/17/2024 18:00,Solar,0.159
4/17/2024 19:00,Solar,0.046
4/17/2024 20:00,Solar,0.005
4/17/2024 21:00,Solar,0.004
4/17/2024 22:00,Solar,0.004
4/17/2024 23:00,Solar,0.004
4/18/2024 0:00,Solar,0.004
4/18/2024 1:00,Solar,0.004
4/18/2024 2:00,Solar,0.004
4/18/2024 3:00,Solar,0.004
4/18/2024 4:00,Solar,0.004
4/18/2024 5:00,Solar,0.004
4/18/2024 6:00,Solar,0.004
4/18/2024 7:00,Solar,0.11
4/18/2024 8:00,Solar,0.45
4/18/2024 9:00,Solar,0.663
4/18/2024 10:00,Solar,0.703
4/18/2024 11:00,Solar,0.725
4/18/2024 12:00,Solar,0.721
4/18/2024 13:00,Solar,0.714
4/18/2024 14:00,Solar,0.705
4/18/2024 15:00,Solar,0.699
4/18/2024 16:00,Solar,0.676
4/18/2024 17:00,Solar,0.602
4/18/2024 18:00,Solar,0.369
4/18/2024 19:00,Solar,0.076
4/18/2024 20:00,Solar,0.005
4/18/2024 21:00,Solar,0.004
4/18/2024 22:00,Solar,0.004
4/18/2024 23:00,Solar,0.004
4/19/2024 0:00,Solar,0.004
4/19/2024 1:00,Solar,0.004
4/19/2024 2:00,Solar,0.004
4/19/2024 3:00,Solar,0.004
4/19/2024 4:00,Solar,0.004
4/19/2024 5:00,Solar,0.004
4/19/2024 6:00,Solar,0.004
4/19/2024 7:00,Solar,0.023
4/19/2024 8:00,Solar,0.097
4/19/2024 9:00,Solar,0.178
4/19/2024 10:00,Solar,0.292
4/19/2024 11:00,Solar,0.383
4/19/2024 12:00,Solar,0.456
4/19/2024 13:00,Solar,0.499
4/19/2024 14:00,Solar,0.501
4/19/2024 15:00,Solar,0.476
4/19/2024 16:00,Solar,0.395
4/19/2024 17:00,Solar,0.333
4/19/2024 18:00,Solar,0.212
4/19/2024 19:00,Solar,0.058
4/19/2024 20:00,Solar,0.005
4/19/2024 21:00,Solar,0.004
4/19/2024 22:00,Solar,0.004
4/19/2024 23:00,Solar,0.004
4/20/2024 0:00,Solar,0.004
4/20/2024 1:00,Solar,0.004
4/20/2024 2:00,Solar,0.004
4/20/2024 3:00,Solar,0.004
4/20/2024 4:00,Solar,0.004
4/20/2024 5:00,Solar,0.004
4/20/2024 6:00,Solar,0.004
4/20/2024 7:00,Solar,0.052
4/20/2024 8:00,Solar,0.243
4/20/2024 9:00,Solar,0.408
4/20/2024 10:00,Solar,0.508
4/20/2024 11:00,Solar,0.567
4/20/2024 12:00,Solar,0.653
4/20/2024 13:00,Solar,0.671
4/20/2024 14:00,Solar,0.678
4/20/2024 15:00,Solar,0.663
4/20/2024 16:00,Solar,0.616
4/20/2024 17:00,Solar,0.561
4/20/2024 18:00,Solar,0.366
4/20/2024 19:00,Solar,0.076
4/20/2024 20:00,Solar,0.005
4/20/2024 21:00,Solar,0.003
4/20/2024 22:00,Solar,0.003
4/20/2024 23:00,Solar,0.003
4/21/2024 0:00,Solar,0.003
4/21/2024 1:00,Solar,0.003
4/21/2024 2:00,Solar,0.003
4/21/2024 3:00,Solar,0.004
4/21/2024 4:00,Solar,0.003
4/21/2024 5:00,Solar,0.003
4/21/2024 6:00,Solar,0.004
4/21/2024 7:00,Solar,0.033
4/21/2024 8:00,Solar,0.124
4/21/2024 9:00,Solar,0.208
4/21/2024 10:00,Solar,0.256
4/21/2024 11:00,Solar,0.302
4/21/2024 12:00,Solar,0.347
4/21/2024 13:00,Solar,0.381
4/21/2024 14:00,Solar,0.363
4/21/2024 15:00,Solar,0.308
4/21/2024 16:00,Solar,0.284
4/21/2024 17:00,Solar,0.283
4/21/2024 18:00,Solar,0.244
4/21/2024 19:00,Solar,0.089
4/21/2024 20:00,Solar,0.007
4/21/2024 21:00,Solar,0.004
4/21/2024 22:00,Solar,0.004
4/21/2024 23:00,Solar,0.004
4/22/2024 0:00,Solar,0.003
4/22/2024 1:00,Solar,0.003
4/22/2024 2:00,Solar,0.004
4/22/2024 3:00,Solar,0.003
4/22/2024 4:00,Solar,0.003
4/22/2024 5:00,Solar,0.003
4/22/2024 6:00,Solar,0.005
4/22/2024 7:00,Solar,0.132
4/22/2024 8:00,Solar,0.474
4/22/2024 9:00,Solar,0.699
4/22/2024 10:00,Solar,0.792
4/22/2024 11:00,Solar,0.807
4/22/2024 12:00,Solar,0.816
4/22/2024 13:00,Solar,0.821
4/22/2024 14:00,Solar,0.841
4/22/2024 15:00,Solar,0.823
4/22/2024 16:00,Solar,0.814
4/22/2024 17:00,Solar,0.72
4/22/2024 18:00,Solar,0.451
4/22/2024 19:00,Solar,0.097
4/22/2024 20:00,Solar,0.005
4/22/2024 21:00,Solar,0.004
4/22/2024 22:00,Solar,0.003
4/22/2024 23:00,Solar,0.004
4/23/2024 0:00,Solar,0.003
4/23/2024 1:00,Solar,0.003
4/23/2024 2:00,Solar,0.003
4/23/2024 3:00,Solar,0.004
4/23/2024 4:00,Solar,0.003
4/23/2024 5:00,Solar,0.003
4/23/2024 6:00,Solar,0.008
4/23/2024 7:00,Solar,0.166
4/23/2024 8:00,Solar,0.518
4/23/2024 9:00,Solar,0.685
4/23/2024 10:00,Solar,0.71
4/23/2024 11:00,Solar,0.755
4/23/2024 12:00,Solar,0.75
4/23/2024 13:00,Solar,0.733
4/23/2024 14:00,Solar,0.735
4/23/2024 15:00,Solar,0.71
4/23/2024 16:00,Solar,0.634
4/23/2024 17:00,Solar,0.529
4/23/2024 18:00,Solar,0.275
4/23/2024 19:00,Solar,0.047
4/23/2024 20:00,Solar,0.004
4/23/2024 21:00,Solar,0.003
4/23/2024 22:00,Solar,0.003
4/23/2024 23:00,Solar,0.003
4/24/2024 0:00,Solar,0.003
4/24/2024 1:00,Solar,0.003
4/24/2024 2:00,Solar,0.003
4/24/2024 3:00,Solar,0.003
4/24/2024 4:00,Solar,0.003
4/24/2024 5:00,Solar,0.003
4/24/2024 6:00,Solar,0.005
4/24/2024 7:00,Solar,0.076
4/24/2024 8:00,Solar,0.232
4/24/2024 9:00,Solar,0.286
4/24/2024 10:00,Solar,0.361
4/24/2024 11:00,Solar,0.45
4/24/2024 12:00,Solar,0.485
4/24/2024 13:00,Solar,0.534
4/24/2024 14:00,Solar,0.562
4/24/2024 15:00,Solar,0.554
4/24/2024 16:00,Solar,0.529
4/24/2024 17:00,Solar,0.466
4/24/2024 18:00,Solar,0.292
4/24/2024 19:00,Solar,0.079
4/24/2024 20:00,Solar,0.006
4/24/2024 21:00,Solar,0.003
4/24/2024 22:00,Solar,0.003
4/24/2024 23:00,Solar,0.003
4/25/2024 0:00,Solar,0.003
4/25/2024 1:00,Solar,0.003
4/25/2024 2:00,Solar,0.003
4/25/2024 3:00,Solar,0.003
4/25/2024 4:00,Solar,0.003
4/25/2024 5:00,Solar,0.003
4/25/2024 6:00,Solar,0.006
4/25/2024 7:00,Solar,0.135
4/25/2024 8:00,Solar,0.456
4/25/2024 9:00,Solar,0.685
4/25/2024 10:00,Solar,0.742
4/25/2024 11:00,Solar,0.749
4/25/2024 12:00,Solar,0.74
4/25/2024 13:00,Solar,0.721
4/25/2024 14:00,Solar,0.698
4/25/2024 15:00,Solar,0.655
4/25/2024 16:00,Solar,0.612
4/25/2024 17:00,Solar,0.561
4/25/2024 18:00,Solar,0.405
4/25/2024 19:00,Solar,0.124
4/25/2024 20:00,Solar,0.009
4/25/2024 21:00,Solar,0.005
4/25/2024 22:00,Solar,0.005
4/25/2024 23:00,Solar,0.005
4/26/2024 0:00,Solar,0.005
4/26/2024 1:00,Solar,0.005
4/26/2024 2:00,Solar,0.005
4/26/2024 3:00,Solar,0.005
4/26/2024 4:00,Solar,0.005
4/26/2024 5:00,Solar,0.005
4/26/2024 6:00,Solar,0.009
4/26/2024 7:00,Solar,0.158
4/26/2024 8:00,Solar,0.472
4/26/2024 9:00,Solar,0.707
4/26/2024 10:00,Solar,0.789
4/26/2024 11:00,Solar,0.836
4/26/2024 12:00,Solar,0.832
4/26/2024 13:00,Solar,0.815
4/26/2024 14:00,Solar,0.795
4/26/2024 15:00,Solar,0.757
4/26/2024 16:00,Solar,0.597
4/26/2024 17:00,Solar,0.478
4/26/2024 18:00,Solar,0.249
4/26/2024 19:00,Solar,0.045
4/26/2024 20:00,Solar,0.005
4/26/2024 21:00,Solar,0.004
4/26/2024 22:00,Solar,0.004
4/26/2024 23:00,Solar,0.004
4/27/2024 0:00,Solar,0.004
4/27/2024 1:00,Solar,0.004
4/27/2024 2:00,Solar,0.004
4/27/2024 3:00,Solar,0.003
4/27/2024 4:00,Solar,0.003
4/27/2024 5:00,Solar,0.003
4/27/2024 6:00,Solar,0.005
4/27/2024 7:00,Solar,0.058
4/27/2024 8:00,Solar,0.157
4/27/2024 9:00,Solar,0.286
4/27/2024 10:00,Solar,0.321
4/27/2024 11:00,Solar,0.443
4/27/2024 12:00,Solar,0.474
4/27/2024 13:00,Solar,0.484
4/27/2024 14:00,Solar,0.448
4/27/2024 15:00,Solar,0.384
4/27/2024 16:00,Solar,0.327
4/27/2024 17:00,Solar,0.272
4/27/2024 18:00,Solar,0.141
4/27/2024 19:00,Solar,0.057
4/27/2024 20:00,Solar,0.006
4/27/2024 21:00,Solar,0.004
4/27/2024 22:00,Solar,0.004
4/27/2024 23:00,Solar,0.004
4/28/2024 0:00,Solar,0.004
4/28/2024 1:00,Solar,0.004
4/28/2024 2:00,Solar,0.004
4/28/2024 3:00,Solar,0.004
4/28/2024 4:00,Solar,0.004
4/28/2024 5:00,Solar,0.004
4/28/2024 6:00,Solar,0.007
4/28/2024 7:00,Solar,0.126
4/28/2024 8:00,Solar,0.427
4/28/2024 9:00,Solar,0.653
4/28/2024 10:00,Solar,0.764
4/28/2024 11:00,Solar,0.832
4/28/2024 12:00,Solar,0.848
4/28/2024 13:00,Solar,0.84
4/28/2024 14:00,Solar,0.809
4/28/2024 15:00,Solar,0.759
4/28/2024 16:00,Solar,0.694
4/28/2024 17:00,Solar,0.626
4/28/2024 18:00,Solar,0.386
4/28/2024 19:00,Solar,0.107
4/28/2024 20:00,Solar,0.007
4/28/2024 21:00,Solar,0.003
4/28/2024 22:00,Solar,0.003
4/28/2024 23:00,Solar,0.003
4/29/2024 0:00,Solar,0.003
4/29/2024 1:00,Solar,0.003
4/29/2024 2:00,Solar,0.003
4/29/2024 3:00,Solar,0.003
4/29/2024 4:00,Solar,0.003
4/29/2024 5:00,Solar,0.003
4/29/2024 6:00,Solar,0.01
4/29/2024 7:00,Solar,0.188
4/29/2024 8:00,Solar,0.566
4/29/2024 9:00,Solar,0.763
4/29/2024 10:00,Solar,0.797
4/29/2024 11:00,Solar,0.828
4/29/2024 12:00,Solar,0.823
4/29/2024 13:00,Solar,0.792
4/29/2024 14:00,Solar,0.766
4/29/2024 15:00,Solar,0.702
4/29/2024 16:00,Solar,0.667
4/29/2024 17:00,Solar,0.554
4/29/2024 18:00,Solar,0.312
4/29/2024 19:00,Solar,0.062
4/29/2024 20:00,Solar,0.004
4/29/2024 21:00,Solar,0.003
4/29/2024 22:00,Solar,0.003
4/29/2024 23:00,Solar,0.003
4/30/2024 0:00,Solar,0.003
4/30/2024 1:00,Solar,0.003
4/30/2024 2:00,Solar,0.003
4/30/2024 3:00,Solar,0.003
4/30/2024 4:00,Solar,0.003
4/30/2024 5:00,Solar,0.003
4/30/2024 6:00,Solar,0.01
4/30/2024 7:00,Solar,0.143
4/30/2024 8:00,Solar,0.401
4/30/2024 9:00,Solar,0.594
4/30/2024 10:00,Solar,0.686
4/30/2024 11:00,Solar,0.726
4/30/2024 12:00,Solar,0.718
4/30/2024 13:00,Solar,0.71
4/30/2024 14:00,Solar,0.683
4/30/2024 15:00,Solar,0.631
4/30/2024 16:00,Solar,0.548
4/30/2024 17:00,Solar,0.46
4/30/2024 18:00,Solar,0.312
4/30/2024 19:00,Solar,0.11
4/30/2024 20:00,Solar,0.009
4/30/2024 21:00,Solar,0.003
4/30/2024 22:00,Solar,0.003
4/30/2024 23:00,Solar,0.003
5/1/2024 0:00,Solar,0.003
5/1/2024 1:00,Solar,0.003
5/1/2024 2:00,Solar,0.003
5/1/2024 3:00,Solar,0.003
5/1/2024 4:00,Solar,0.003
5/1/2024 5:00,Solar,0.003
5/1/2024 6:00,Solar,0.007
5/1/2024 7:00,Solar,0.137
5/1/2024 8:00,Solar,0.467
5/1/2024 9:00,Solar,0.668
5/1/2024 10:00,Solar,0.746
5/1/2024 11:00,Solar,0.769
5/1/2024 12:00,Solar,0.741
5/1/2024 13:00,Solar,0.737
5/1/2024 14:00,Solar,0.74
5/1/2024 15:00,Solar,0.759
5/1/2024 16:00,Solar,0.691
5/1/2024 17:00,Solar,0.585
5/1/2024 18:00,Solar,0.396
5/1/2024 19:00,Solar,0.117
5/1/2024 20:00,Solar,0.013
5/1/2024 21:00,Solar,0.009
5/1/2024 22:00,Solar,0.009
5/1/2024 23:00,Solar,0.009
5/2/2024 0:00,Solar,0.009
5/2/2024 1:00,Solar,0.009
5/2/2024 2:00,Solar,0.009
5/2/2024 3:00,Solar,0.009
5/2/2024 4:00,Solar,0.009
5/2/2024 5:00,Solar,0.009
5/2/2024 6:00,Solar,0.017
5/2/2024 7:00,Solar,0.207
5/2/2024 8:00,Solar,0.574
5/2/2024 9:00,Solar,0.777
5/2/2024 10:00,Solar,0.85
5/2/2024 11:00,Solar,0.873
5/2/2024 12:00,Solar,0.887
5/2/2024 13:00,Solar,0.88
5/2/2024 14:00,Solar,0.869
5/2/2024 15:00,Solar,0.842
5/2/2024 16:00,Solar,0.8
5/2/2024 17:00,Solar,0.707
5/2/2024 18:00,Solar,0.463
5/2/2024 19:00,Solar,0.112
5/2/2024 20:00,Solar,0.007
5/2/2024 21:00,Solar,0.005
5/2/2024 22:00,Solar,0.005
5/2/2024 23:00,Solar,0.005
5/3/2024 0:00,Solar,0.005
5/3/2024 1:00,Solar,0.005
5/3/2024 2:00,Solar,0.005
5/3/2024 3:00,Solar,0.005
5/3/2024 4:00,Solar,0.005
5/3/2024 5:00,Solar,0.005
5/3/2024 6:00,Solar,0.012
5/3/2024 7:00,Solar,0.147
5/3/2024 8:00,Solar,0.406
5/3/2024 9:00,Solar,0.514
5/3/2024 10:00,Solar,0.573
5/3/2024 11:00,Solar,0.63
5/3/2024 12:00,Solar,0.679
5/3/2024 13:00,Solar,0.638
5/3/2024 14:00,Solar,0.625
5/3/2024 15:00,Solar,0.574
5/3/2024 16:00,Solar,0.496
5/3/2024 17:00,Solar,0.386
5/3/2024 18:00,Solar,0.172
5/3/2024 19:00,Solar,0.044
5/3/2024 20:00,Solar,0.007
5/3/2024 21:00,Solar,0.005
5/3/2024 22:00,Solar,0.005
5/3/2024 23:00,Solar,0.005
5/4/2024 0:00,Solar,0.005
5/4/2024 1:00,Solar,0.005
5/4/2024 2:00,Solar,0.005
5/4/2024 3:00,Solar,0.005
5/4/2024 4:00,Solar,0.005
5/4/2024 5:00,Solar,0.005
5/4/2024 6:00,Solar,0.005
5/4/2024 7:00,Solar,0.019
5/4/2024 8:00,Solar,0.067
5/4/2024 9:00,Solar,0.126
5/4/2024 10:00,Solar,0.182
5/4/2024 11:00,Solar,0.252
5/4/2024 12:00,Solar,0.32
5/4/2024 13:00,Solar,0.37
5/4/2024 14:00,Solar,0.366
5/4/2024 15:00,Solar,0.33
5/4/2024 16:00,Solar,0.264
5/4/2024 17:00,Solar,0.196
5/4/2024 18:00,Solar,0.136
5/4/2024 19:00,Solar,0.061
5/4/2024 20:00,Solar,0.024
5/4/2024 21:00,Solar,0.019
5/4/2024 22:00,Solar,0.019
5/4/2024 23:00,Solar,0.019
5/5/2024 0:00,Solar,0.019
5/5/2024 1:00,Solar,0.019
5/5/2024 2:00,Solar,0.019
5/5/2024 3:00,Solar,0.019
5/5/2024 4:00,Solar,0.019
5/5/2024 5:00,Solar,0.019
5/5/2024 6:00,Solar,0.021
5/5/2024 7:00,Solar,0.059
5/5/2024 8:00,Solar,0.142
5/5/2024 9:00,Solar,0.219
5/5/2024 10:00,Solar,0.301
5/5/2024 11:00,Solar,0.411
5/5/2024 12:00,Solar,0.504
5/5/2024 13:00,Solar,0.507
5/5/2024 14:00,Solar,0.475
5/5/2024 15:00,Solar,0.399
5/5/2024 16:00,Solar,0.34
5/5/2024 17:00,Solar,0.305
5/5/2024 18:00,Solar,0.231
5/5/2024 19:00,Solar,0.087
5/5/2024 20:00,Solar,0.016
5/5/2024 21:00,Solar,0.006
5/5/2024 22:00,Solar,0.005
5/5/2024 23:00,Solar,0.005
5/6/2024 0:00,Solar,0.005
5/6/2024 1:00,Solar,0.005
5/6/2024 2:00,Solar,0.005
5/6/2024 3:00,Solar,0.005
5/6/2024 4:00,Solar,0.005
5/6/2024 5:00,Solar,0.005
5/6/2024 6:00,Solar,0.008
5/6/2024 7:00,Solar,0.047
5/6/2024 8:00,Solar,0.128
5/6/2024 9:00,Solar,0.202
5/6/2024 10:00,Solar,0.303
5/6/2024 11:00,Solar,0.421
5/6/2024 12:00,Solar,0.486
5/6/2024 13:00,Solar,0.505
5/6/2024 14:00,Solar,0.479
5/6/2024 15:00,Solar,0.47
5/6/2024 16:00,Solar,0.352
5/6/2024 17:00,Solar,0.217
5/6/2024 18:00,Solar,0.113
5/6/2024 19:00,Solar,0.052
5/6/2024 20:00,Solar,0.018
5/6/2024 21:00,Solar,0.016
5/6/2024 22:00,Solar,0.016
5/6/2024 23:00,Solar,0.016
5/7/2024 0:00,Solar,0.006
5/7/2024 1:00,Solar,0.006
5/7/2024 2:00,Solar,0.006
5/7/2024 3:00,Solar,0.006
5/7/2024 4:00,Solar,0.006
5/7/2024 5:00,Solar,0.006
5/7/2024 6:00,Solar,0.012
5/7/2024 7:00,Solar,0.114
5/7/2024 8:00,Solar,0.263
5/7/2024 9:00,Solar,0.419
5/7/2024 10:00,Solar,0.524
5/7/2024 11:00,Solar,0.617
5/7/2024 12:00,Solar,0.624
5/7/2024 13:00,Solar,0.568
5/7/2024 14:00,Solar,0.503
5/7/2024 15:00,Solar,0.558
5/7/2024 16:00,Solar,0.562
5/7/2024 17:00,Solar,0.443
5/7/2024 18:00,Solar,0.251
5/7/2024 19:00,Solar,0.068
5/7/2024 20:00,Solar,0.008
5/7/2024 21:00,Solar,0.005
5/7/2024 22:00,Solar,0.005
5/7/2024 23:00,Solar,0.005
5/8/2024 0:00,Solar,0.005
5/8/2024 1:00,Solar,0.005
5/8/2024 2:00,Solar,0.005
5/8/2024 3:00,Solar,0.005
5/8/2024 4:00,Solar,0.005
5/8/2024 5:00,Solar,0.005
5/8/2024 6:00,Solar,0.012
5/8/2024 7:00,Solar,0.148
5/8/2024 8:00,Solar,0.425
5/8/2024 9:00,Solar,0.64
5/8/2024 10:00,Solar,0.734
5/8/2024 11:00,Solar,0.797
5/8/2024 12:00,Solar,0.815
5/8/2024 13:00,Solar,0.824
5/8/2024 14:00,Solar,0.812
5/8/2024 15:00,Solar,0.759
5/8/2024 16:00,Solar,0.631
5/8/2024 17:00,Solar,0.431
5/8/2024 18:00,Solar,0.205
5/8/2024 19:00,Solar,0.063
5/8/2024 20:00,Solar,0.008
5/8/2024 21:00,Solar,0.005
5/8/2024 22:00,Solar,0.005
5/8/2024 23:00,Solar,0.005
5/9/2024 0:00,Solar,0.005
5/9/2024 1:00,Solar,0.005
5/9/2024 2:00,Solar,0.005
5/9/2024 3:00,Solar,0.005
5/9/2024 4:00,Solar,0.005
5/9/2024 5:00,Solar,0.005
5/9/2024 6:00,Solar,0.01
5/9/2024 7:00,Solar,0.062
5/9/2024 8:00,Solar,0.119
5/9/2024 9:00,Solar,0.197
5/9/2024 10:00,Solar,0.337
5/9/2024 11:00,Solar,0.486
5/9/2024 12:00,Solar,0.583
5/9/2024 13:00,Solar,0.541
5/9/2024 14:00,Solar,0.493
5/9/2024 15:00,Solar,0.467
5/9/2024 16:00,Solar,0.414
5/9/2024 17:00,Solar,0.308
5/9/2024 18:00,Solar,0.169
5/9/2024 19:00,Solar,0.066
5/9/2024 20:00,Solar,0.007
5/9/2024 21:00,Solar,0.005
5/9/2024 22:00,Solar,0.005
5/9/2024 23:00,Solar,0.005
5/10/2024 0:00,Solar,0.005
5/10/2024 1:00,Solar,0.005
5/10/2024 2:00,Solar,0.005
5/10/2024 3:00,Solar,0.005
5/10/2024 4:00,Solar,0.005
5/10/2024 5:00,Solar,0.005
5/10/2024 6:00,Solar,0.016
5/10/2024 7:00,Solar,0.126
5/10/2024 8:00,Solar,0.33
5/10/2024 9:00,Solar,0.401
5/10/2024 10:00,Solar,0.57
5/10/2024 11:00,Solar,0.641
5/10/2024 12:00,Solar,0.601
5/10/2024 13:00,Solar,0.553
5/10/2024 14:00,Solar,0.514
5/10/2024 15:00,Solar,0.458
5/10/2024 16:00,Solar,0.439
5/10/2024 17:00,Solar,0.357
5/10/2024 18:00,Solar,0.268
5/10/2024 19:00,Solar,0.126
5/10/2024 20:00,Solar,0.017
5/10/2024 21:00,Solar,0.007
5/10/2024 22:00,Solar,0.007
5/10/2024 23:00,Solar,0.007
5/11/2024 0:00,Solar,0.007
5/11/2024 1:00,Solar,0.007
5/11/2024 2:00,Solar,0.007
5/11/2024 3:00,Solar,0.007
5/11/2024 4:00,Solar,0.007
5/11/2024 5:00,Solar,0.007
5/11/2024 6:00,Solar,0.02
5/11/2024 7:00,Solar,0.178
5/11/2024 8:00,Solar,0.367
5/11/2024 9:00,Solar,0.488
5/11/2024 10:00,Solar,0.55
5/11/2024 11:00,Solar,0.654
5/11/2024 12:00,Solar,0.697
5/11/2024 13:00,Solar,0.673
5/11/2024 14:00,Solar,0.651
5/11/2024 15:00,Solar,0.609
5/11/2024 16:00,Solar,0.563
5/11/2024 17:00,Solar,0.531
5/11/2024 18:00,Solar,0.39
5/11/2024 19:00,Solar,0.145
5/11/2024 20:00,Solar,0.015
5/11/2024 21:00,Solar,0.005
5/11/2024 22:00,Solar,0.005
5/11/2024 23:00,Solar,0.005
5/12/2024 0:00,Solar,0.005
5/12/2024 1:00,Solar,0.005
5/12/2024 2:00,Solar,0.005
5/12/2024 3:00,Solar,0.005
5/12/2024 4:00,Solar,0.005
5/12/2024 5:00,Solar,0.005
5/12/2024 6:00,Solar,0.02
5/12/2024 7:00,Solar,0.222
5/12/2024 8:00,Solar,0.572
5/12/2024 9:00,Solar,0.713
5/12/2024 10:00,Solar,0.771
5/12/2024 11:00,Solar,0.714
5/12/2024 12:00,Solar,0.742
5/12/2024 13:00,Solar,0.741
5/12/2024 14:00,Solar,0.762
5/12/2024 15:00,Solar,0.746
5/12/2024 16:00,Solar,0.705
5/12/2024 17:00,Solar,0.68
5/12/2024 18:00,Solar,0.509
5/12/2024 19:00,Solar,0.185
5/12/2024 20:00,Solar,0.016
5/12/2024 21:00,Solar,0.005
5/12/2024 22:00,Solar,0.005
5/12/2024 23:00,Solar,0.005
5/13/2024 0:00,Solar,0.005
5/13/2024 1:00,Solar,0.005
5/13/2024 2:00,Solar,0.005
5/13/2024 3:00,Solar,0.005
5/13/2024 4:00,Solar,0.005
5/13/2024 5:00,Solar,0.005
5/13/2024 6:00,Solar,0.029
5/13/2024 7:00,Solar,0.279
5/13/2024 8:00,Solar,0.625
5/13/2024 9:00,Solar,0.776
5/13/2024 10:00,Solar,0.818
5/13/2024 11:00,Solar,0.838
5/13/2024 12:00,Solar,0.844
5/13/2024 13:00,Solar,0.834
5/13/2024 14:00,Solar,0.805
5/13/2024 15:00,Solar,0.756
5/13/2024 16:00,Solar,0.693
5/13/2024 17:00,Solar,0.562
5/13/2024 18:00,Solar,0.295
5/13/2024 19:00,Solar,0.087
5/13/2024 20:00,Solar,0.011
5/13/2024 21:00,Solar,0.004
5/13/2024 22:00,Solar,0.004
5/13/2024 23:00,Solar,0.004
5/14/2024 0:00,Solar,0.004
5/14/2024 1:00,Solar,0.004
5/14/2024 2:00,Solar,0.004
5/14/2024 3:00,Solar,0.004
5/14/2024 4:00,Solar,0.004
5/14/2024 5:00,Solar,0.004
5/14/2024 6:00,Solar,0.008
5/14/2024 7:00,Solar,0.049
5/14/2024 8:00,Solar,0.127
5/14/2024 9:00,Solar,0.211
5/14/2024 10:00,Solar,0.231
5/14/2024 11:00,Solar,0.273
5/14/2024 12:00,Solar,0.307
5/14/2024 13:00,Solar,0.246
5/14/2024 14:00,Solar,0.208
5/14/2024 15:00,Solar,0.163
5/14/2024 16:00,Solar,0.105
5/14/2024 17:00,Solar,0.073
5/14/2024 18:00,Solar,0.048
5/14/2024 19:00,Solar,0.026
5/14/2024 20:00,Solar,0.014
5/14/2024 21:00,Solar,0.013
5/14/2024 22:00,Solar,0.013
5/14/2024 23:00,Solar,0.013
5/15/2024 0:00,Solar,0.013
5/15/2024 1:00,Solar,0.013
5/15/2024 2:00,Solar,0.013
5/15/2024 3:00,Solar,0.013
5/15/2024 4:00,Solar,0.013
5/15/2024 5:00,Solar,0.013
5/15/2024 6:00,Solar,0.008
5/15/2024 7:00,Solar,0.039
5/15/2024 8:00,Solar,0.106
5/15/2024 9:00,Solar,0.166
5/15/2024 10:00,Solar,0.253
5/15/2024 11:00,Solar,0.317
5/15/2024 12:00,Solar,0.378
5/15/2024 13:00,Solar,0.39
5/15/2024 14:00,Solar,0.45
5/15/2024 15:00,Solar,0.391
5/15/2024 16:00,Solar,0.366
5/15/2024 17:00,Solar,0.3
5/15/2024 18:00,Solar,0.203
5/15/2024 19:00,Solar,0.083
5/15/2024 20:00,Solar,0.012
5/15/2024 21:00,Solar,0.003
5/15/2024 22:00,Solar,0.003
5/15/2024 23:00,Solar,0.003
5/16/2024 0:00,Solar,0.003
5/16/2024 1:00,Solar,0.003
5/16/2024 2:00,Solar,0.003
5/16/2024 3:00,Solar,0.003
5/16/2024 4:00,Solar,0.003
5/16/2024 5:00,Solar,0.003
5/16/2024 6:00,Solar,0.026
5/16/2024 7:00,Solar,0.244
5/16/2024 8:00,Solar,0.553
5/16/2024 9:00,Solar,0.701
5/16/2024 10:00,Solar,0.723
5/16/2024 11:00,Solar,0.733
5/16/2024 12:00,Solar,0.734
5/16/2024 13:00,Solar,0.704
5/16/2024 14:00,Solar,0.68
5/16/2024 15:00,Solar,0.638
5/16/2024 16:00,Solar,0.574
5/16/2024 17:00,Solar,0.485
5/16/2024 18:00,Solar,0.375
5/16/2024 19:00,Solar,0.137
5/16/2024 20:00,Solar,0.019
5/16/2024 21:00,Solar,0.014
5/16/2024 22:00,Solar,0.014
5/16/2024 23:00,Solar,0.009
5/17/2024 0:00,Solar,0.004
5/17/2024 1:00,Solar,0.004
5/17/2024 2:00,Solar,0.004
5/17/2024 3:00,Solar,0.004
5/17/2024 4:00,Solar,0.004
5/17/2024 5:00,Solar,0.004
5/17/2024 6:00,Solar,0.021
5/17/2024 7:00,Solar,0.174
5/17/2024 8:00,Solar,0.309
5/17/2024 9:00,Solar,0.335
5/17/2024 10:00,Solar,0.363
5/17/2024 11:00,Solar,0.385
5/17/2024 12:00,Solar,0.42
5/17/2024 13:00,Solar,0.403
5/17/2024 14:00,Solar,0.384
5/17/2024 15:00,Solar,0.344
5/17/2024 16:00,Solar,0.297
5/17/2024 17:00,Solar,0.246
5/17/2024 18:00,Solar,0.139
5/17/2024 19:00,Solar,0.059
5/17/2024 20:00,Solar,0.012
5/17/2024 21:00,Solar,0.003
5/17/2024 22:00,Solar,0.003
5/17/2024 23:00,Solar,0.003
5/18/2024 0:00,Solar,0.003
5/18/2024 1:00,Solar,0.003
5/18/2024 2:00,Solar,0.003
5/18/2024 3:00,Solar,0.003
5/18/2024 4:00,Solar,0.003
5/18/2024 5:00,Solar,0.003
5/18/2024 6:00,Solar,0.004
5/18/2024 7:00,Solar,0.033
5/18/2024 8:00,Solar,0.1
5/18/2024 9:00,Solar,0.199
5/18/2024 10:00,Solar,0.336
5/18/2024 11:00,Solar,0.397
5/18/2024 12:00,Solar,0.424
5/18/2024 13:00,Solar,0.446
5/18/2024 14:00,Solar,0.441
5/18/2024 15:00,Solar,0.414
5/18/2024 16:00,Solar,0.351
5/18/2024 17:00,Solar,0.295
5/18/2024 18:00,Solar,0.249
5/18/2024 19:00,Solar,0.134
5/18/2024 20:00,Solar,0.024
5/18/2024 21:00,Solar,0.007
5/18/2024 22:00,Solar,0.006
5/18/2024 23:00,Solar,0.006
5/19/2024 0:00,Solar,0.006
5/19/2024 1:00,Solar,0.006
5/19/2024 2:00,Solar,0.006
5/19/2024 3:00,Solar,0.006
5/19/2024 4:00,Solar,0.006
5/19/2024 5:00,Solar,0.006
5/19/2024 6:00,Solar,0.013
5/19/2024 7:00,Solar,0.134
5/19/2024 8:00,Solar,0.335
5/19/2024 9:00,Solar,0.461
5/19/2024 10:00,Solar,0.533
5/19/2024 11:00,Solar,0.585
5/19/2024 12:00,Solar,0.607
5/19/2024 13:00,Solar,0.601
5/19/2024 14:00,Solar,0.58
5/19/2024 15:00,Solar,0.56
5/19/2024 16:00,Solar,0.53
5/19/2024 17:00,Solar,0.486
5/19/2024 18:00,Solar,0.384
5/19/2024 19:00,Solar,0.163
5/19/2024 20:00,Solar,0.018
5/19/2024 21:00,Solar,0.007
5/19/2024 22:00,Solar,0.007
5/19/2024 23:00,Solar,0.007
5/20/2024 0:00,Solar,0.007
5/20/2024 1:00,Solar,0.007
5/20/2024 2:00,Solar,0.007
5/20/2024 3:00,Solar,0.007
5/20/2024 4:00,Solar,0.007
5/20/2024 5:00,Solar,0.007
5/20/2024 6:00,Solar,0.019
5/20/2024 7:00,Solar,0.158
5/20/2024 8:00,Solar,0.349
5/20/2024 9:00,Solar,0.478
5/20/2024 10:00,Solar,0.624
5/20/2024 11:00,Solar,0.737
5/20/2024 12:00,Solar,0.749
5/20/2024 13:00,Solar,0.73
5/20/2024 14:00,Solar,0.724
5/20/2024 15:00,Solar,0.704
5/20/2024 16:00,Solar,0.65
5/20/2024 17:00,Solar,0.611
5/20/2024 18:00,Solar,0.452
5/20/2024 19:00,Solar,0.161
5/20/2024 20:00,Solar,0.018
5/20/2024 21:00,Solar,0.006
5/20/2024 22:00,Solar,0.006
5/20/2024 23:00,Solar,0.006
5/21/2024 0:00,Solar,0.006
5/21/2024 1:00,Solar,0.006
5/21/2024 2:00,Solar,0.006
5/21/2024 3:00,Solar,0.006
5/21/2024 4:00,Solar,0.006
5/21/2024 5:00,Solar,0.006
5/21/2024 6:00,Solar,0.019
5/21/2024 7:00,Solar,0.171
5/21/2024 8:00,Solar,0.444
5/21/2024 9:00,Solar,0.69
5/21/2024 10:00,Solar,0.812
5/21/2024 11:00,Solar,0.823
5/21/2024 12:00,Solar,0.802
5/21/2024 13:00,Solar,0.799
5/21/2024 14:00,Solar,0.748
5/21/2024 15:00,Solar,0.73
5/21/2024 16:00,Solar,0.709
5/21/2024 17:00,Solar,0.642
5/21/2024 18:00,Solar,0.479
5/21/2024 19:00,Solar,0.192
5/21/2024 20:00,Solar,0.022
5/21/2024 21:00,Solar,0.006
5/21/2024 22:00,Solar,0.006
5/21/2024 23:00,Solar,0.006
5/22/2024 0:00,Solar,0.006
5/22/2024 1:00,Solar,0.006
5/22/2024 2:00,Solar,0.006
5/22/2024 3:00,Solar,0.006
5/22/2024 4:00,Solar,0.006
5/22/2024 5:00,Solar,0.006
5/22/2024 6:00,Solar,0.036
5/22/2024 7:00,Solar,0.207
5/22/2024 8:00,Solar,0.417
5/22/2024 9:00,Solar,0.493
5/22/2024 10:00,Solar,0.557
5/22/2024 11:00,Solar,0.648
5/22/2024 12:00,Solar,0.731
5/22/2024 13:00,Solar,0.777
5/22/2024 14:00,Solar,0.778
5/22/2024 15:00,Solar,0.764
5/22/2024 16:00,Solar,0.69
5/22/2024 17:00,Solar,0.593
5/22/2024 18:00,Solar,0.39
5/22/2024 19:00,Solar,0.127
5/22/2024 20:00,Solar,0.02
5/22/2024 21:00,Solar,0.012
5/22/2024 22:00,Solar,0.008
5/22/2024 23:00,Solar,0.006
5/23/2024 0:00,Solar,0.006
5/23/2024 1:00,Solar,0.006
5/23/2024 2:00,Solar,0.006
5/23/2024 3:00,Solar,0.006
5/23/2024 4:00,Solar,0.006
5/23/2024 5:00,Solar,0.006
5/23/2024 6:00,Solar,0.028
5/23/2024 7:00,Solar,0.196
5/23/2024 8:00,Solar,0.436
5/23/2024 9:00,Solar,0.471
5/23/2024 10:00,Solar,0.49
5/23/2024 11:00,Solar,0.624
5/23/2024 12:00,Solar,0.68
5/23/2024 13:00,Solar,0.695
5/23/2024 14:00,Solar,0.653
5/23/2024 15:00,Solar,0.62
5/23/2024 16:00,Solar,0.52
5/23/2024 17:00,Solar,0.408
5/23/2024 18:00,Solar,0.24
5/23/2024 19:00,Solar,0.095
5/23/2024 20:00,Solar,0.017
5/23/2024 21:00,Solar,0.006
5/23/2024 22:00,Solar,0.006
5/23/2024 23:00,Solar,0.006
5/24/2024 0:00,Solar,0.006
5/24/2024 1:00,Solar,0.006
5/24/2024 2:00,Solar,0.006
5/24/2024 3:00,Solar,0.006
5/24/2024 4:00,Solar,0.006
5/24/2024 5:00,Solar,0.006
5/24/2024 6:00,Solar,0.02
5/24/2024 7:00,Solar,0.122
5/24/2024 8:00,Solar,0.268
5/24/2024 9:00,Solar,0.392
5/24/2024 10:00,Solar,0.439
5/24/2024 11:00,Solar,0.526
5/24/2024 12:00,Solar,0.662
5/24/2024 13:00,Solar,0.729
5/24/2024 14:00,Solar,0.703
5/24/2024 15:00,Solar,0.674
5/24/2024 16:00,Solar,0.626
5/24/2024 17:00,Solar,0.505
5/24/2024 18:00,Solar,0.335
5/24/2024 19:00,Solar,0.137
5/24/2024 20:00,Solar,0.016
5/24/2024 21:00,Solar,0.006
5/24/2024 22:00,Solar,0.006
5/24/2024 23:00,Solar,0.006
5/25/2024 0:00,Solar,0.006
5/25/2024 1:00,Solar,0.006
5/25/2024 2:00,Solar,0.006
5/25/2024 3:00,Solar,0.006
5/25/2024 4:00,Solar,0.006
5/25/2024 5:00,Solar,0.006
5/25/2024 6:00,Solar,0.026
5/25/2024 7:00,Solar,0.185
5/25/2024 8:00,Solar,0.419
5/25/2024 9:00,Solar,0.569
5/25/2024 10:00,Solar,0.723
5/25/2024 11:00,Solar,0.77
5/25/2024 12:00,Solar,0.784
5/25/2024 13:00,Solar,0.784
5/25/2024 14:00,Solar,0.776
5/25/2024 15:00,Solar,0.727
5/25/2024 16:00,Solar,0.688
5/25/2024 17:00,Solar,0.545
5/25/2024 18:00,Solar,0.348
5/25/2024 19:00,Solar,0.148
5/25/2024 20:00,Solar,0.022
5/25/2024 21:00,Solar,0.006
5/25/2024 22:00,Solar,0.006
5/25/2024 23:00,Solar,0.006
5/26/2024 0:00,Solar,0.006
5/26/2024 1:00,Solar,0.006
5/26/2024 2:00,Solar,0.006
5/26/2024 3:00,Solar,0.006
5/26/2024 4:00,Solar,0.006
5/26/2024 5:00,Solar,0.006
5/26/2024 6:00,Solar,0.03
5/26/2024 7:00,Solar,0.259
5/26/2024 8:00,Solar,0.551
5/26/2024 9:00,Solar,0.72
5/26/2024 10:00,Solar,0.759
5/26/2024 11:00,Solar,0.752
5/26/2024 12:00,Solar,0.691
5/26/2024 13:00,Solar,0.635
5/26/2024 14:00,Solar,0.531
5/26/2024 15:00,Solar,0.485
5/26/2024 16:00,Solar,0.468
5/26/2024 17:00,Solar,0.398
5/26/2024 18:00,Solar,0.257
5/26/2024 19:00,Solar,0.118
5/26/2024 20:00,Solar,0.019
5/26/2024 21:00,Solar,0.006
5/26/2024 22:00,Solar,0.006
5/26/2024 23:00,Solar,0.006
5/27/2024 0:00,Solar,0.006
5/27/2024 1:00,Solar,0.006
5/27/2024 2:00,Solar,0.006
5/27/2024 3:00,Solar,0.006
5/27/2024 4:00,Solar,0.006
5/27/2024 5:00,Solar,0.006
5/27/2024 6:00,Solar,0.026
5/27/2024 7:00,Solar,0.166
5/27/2024 8:00,Solar,0.25
5/27/2024 9:00,Solar,0.306
5/27/2024 10:00,Solar,0.336
5/27/2024 11:00,Solar,0.374
5/27/2024 12:00,Solar,0.441
5/27/2024 13:00,Solar,0.504
5/27/2024 14:00,Solar,0.531
5/27/2024 15:00,Solar,0.572
5/27/2024 16:00,Solar,0.518
5/27/2024 17:00,Solar,0.404
5/27/2024 18:00,Solar,0.33
5/27/2024 19:00,Solar,0.166
5/27/2024 20:00,Solar,0.026
5/27/2024 21:00,Solar,0.006
5/27/2024 22:00,Solar,0.006
5/27/2024 23:00,Solar,0.006
5/28/2024 0:00,Solar,0.006
5/28/2024 1:00,Solar,0.006
5/28/2024 2:00,Solar,0.006
5/28/2024 3:00,Solar,0.006
5/28/2024 4:00,Solar,0.006
5/28/2024 5:00,Solar,0.006
5/28/2024 6:00,Solar,0.039
5/28/2024 7:00,Solar,0.288
5/28/2024 8:00,Solar,0.597
5/28/2024 9:00,Solar,0.751
5/28/2024 10:00,Solar,0.804
5/28/2024 11:00,Solar,0.783
5/28/2024 12:00,Solar,0.777
5/28/2024 13:00,Solar,0.749
5/28/2024 14:00,Solar,0.69
5/28/2024 15:00,Solar,0.689
5/28/2024 16:00,Solar,0.682
5/28/2024 17:00,Solar,0.592
5/28/2024 18:00,Solar,0.436
5/28/2024 19:00,Solar,0.159
5/28/2024 20:00,Solar,0.023
5/28/2024 21:00,Solar,0.006
5/28/2024 22:00,Solar,0.006
5/28/2024 23:00,Solar,0.006
5/29/2024 0:00,Solar,0.006
5/29/2024 1:00,Solar,0.006
5/29/2024 2:00,Solar,0.006
5/29/2024 3:00,Solar,0.006
5/29/2024 4:00,Solar,0.006
5/29/2024 5:00,Solar,0.006
5/29/2024 6:00,Solar,0.047
5/29/2024 7:00,Solar,0.306
5/29/2024 8:00,Solar,0.533
5/29/2024 9:00,Solar,0.629
5/29/2024 10:00,Solar,0.704
5/29/2024 11:00,Solar,0.73
5/29/2024 12:00,Solar,0.701
5/29/2024 13:00,Solar,0.699
5/29/2024 14:00,Solar,0.601
5/29/2024 15:00,Solar,0.568
5/29/2024 16:00,Solar,0.56
5/29/2024 17:00,Solar,0.516
5/29/2024 18:00,Solar,0.404
5/29/2024 19:00,Solar,0.141
5/29/2024 20:00,Solar,0.026
5/29/2024 21:00,Solar,0.006
5/29/2024 22:00,Solar,0.006
5/29/2024 23:00,Solar,0.006
5/30/2024 0:00,Solar,0.006
5/30/2024 1:00,Solar,0.006
5/30/2024 2:00,Solar,0.006
5/30/2024 3:00,Solar,0.006
5/30/2024 4:00,Solar,0.006
5/30/2024 5:00,Solar,0.006
5/30/2024 6:00,Solar,0.049
5/30/2024 7:00,Solar,0.356
5/30/2024 8:00,Solar,0.683
5/30/2024 9:00,Solar,0.807
5/30/2024 10:00,Solar,0.806
5/30/2024 11:00,Solar,0.812
5/30/2024 12:00,Solar,0.826
5/30/2024 13:00,Solar,0.802
5/30/2024 14:00,Solar,0.795
5/30/2024 15:00,Solar,0.779
5/30/2024 16:00,Solar,0.734
5/30/2024 17:00,Solar,0.688
5/30/2024 18:00,Solar,0.565
5/30/2024 19:00,Solar,0.254
5/30/2024 20:00,Solar,0.036
5/30/2024 21:00,Solar,0.007
5/30/2024 22:00,Solar,0.006
5/30/2024 23:00,Solar,0.006
5/31/2024 0:00,Solar,0.006
5/31/2024 1:00,Solar,0.006
5/31/2024 2:00,Solar,0.006
5/31/2024 3:00,Solar,0.006
5/31/2024 4:00,Solar,0.006
5/31/2024 5:00,Solar,0.006
5/31/2024 6:00,Solar,0.052
5/31/2024 7:00,Solar,0.366
5/31/2024 8:00,Solar,0.714
5/31/2024 9:00,Solar,0.845
5/31/2024 10:00,Solar,0.892
5/31/2024 11:00,Solar,0.91
5/31/2024 12:00,Solar,0.91
5/31/2024 13:00,Solar,0.912
5/31/2024 14:00,Solar,0.912
5/31/2024 15:00,Solar,0.905
5/31/2024 16:00,Solar,0.867
5/31/2024 17:00,Solar,0.792
5/31/2024 18:00,Solar,0.561
5/31/2024 19:00,Solar,0.236
5/31/2024 20:00,Solar,0.041
5/31/2024 21:00,Solar,0.007
5/31/2024 22:00,Solar,0.007
5/31/2024 23:00,Solar,0.007
6/1/2024 0:00,Solar,0.007
6/1/2024 1:00,Solar,0.007
6/1/2024 2:00,Solar,0.007
6/1/2024 3:00,Solar,0.007
6/1/2024 4:00,Solar,0.007
6/1/2024 5:00,Solar,0.007
6/1/2024 6:00,Solar,0.055
6/1/2024 7:00,Solar,0.36
6/1/2024 8:00,Solar,0.668
6/1/2024 9:00,Solar,0.785
6/1/2024 10:00,Solar,0.855
6/1/2024 11:00,Solar,0.888
6/1/2024 12:00,Solar,0.887
6/1/2024 13:00,Solar,0.885
6/1/2024 14:00,Solar,0.858
6/1/2024 15:00,Solar,0.787
6/1/2024 16:00,Solar,0.694
6/1/2024 17:00,Solar,0.544
6/1/2024 18:00,Solar,0.326
6/1/2024 19:00,Solar,0.102
6/1/2024 20:00,Solar,0.011
6/1/2024 21:00,Solar,0.007
6/1/2024 22:00,Solar,0.008
6/1/2024 23:00,Solar,0.008
6/2/2024 0:00,Solar,0.007
6/2/2024 1:00,Solar,0.007
6/2/2024 2:00,Solar,0.007
6/2/2024 3:00,Solar,0.007
6/2/2024 4:00,Solar,0.007
6/2/2024 5:00,Solar,0.007
6/2/2024 6:00,Solar,0.024
6/2/2024 7:00,Solar,0.126
6/2/2024 8:00,Solar,0.31
6/2/2024 9:00,Solar,0.439
6/2/2024 10:00,Solar,0.52
6/2/2024 11:00,Solar,0.575
6/2/2024 12:00,Solar,0.625
6/2/2024 13:00,Solar,0.597
6/2/2024 14:00,Solar,0.569
6/2/2024 15:00,Solar,0.507
6/2/2024 16:00,Solar,0.45
6/2/2024 17:00,Solar,0.359
6/2/2024 18:00,Solar,0.218
6/2/2024 19:00,Solar,0.092
6/2/2024 20:00,Solar,0.024
6/2/2024 21:00,Solar,0.007
6/2/2024 22:00,Solar,0.007
6/2/2024 23:00,Solar,0.007
6/3/2024 0:00,Solar,0.007
6/3/2024 1:00,Solar,0.007
6/3/2024 2:00,Solar,0.007
6/3/2024 3:00,Solar,0.007
6/3/2024 4:00,Solar,0.007
6/3/2024 5:00,Solar,0.007
6/3/2024 6:00,Solar,0.019
6/3/2024 7:00,Solar,0.148
6/3/2024 8:00,Solar,0.37
6/3/2024 9:00,Solar,0.501
6/3/2024 10:00,Solar,0.588
6/3/2024 11:00,Solar,0.668
6/3/2024 12:00,Solar,0.721
6/3/2024 13:00,Solar,0.751
6/3/2024 14:00,Solar,0.718
6/3/2024 15:00,Solar,0.707
6/3/2024 16:00,Solar,0.658
6/3/2024 17:00,Solar,0.575
6/3/2024 18:00,Solar,0.422
6/3/2024 19:00,Solar,0.193
6/3/2024 20:00,Solar,0.032
6/3/2024 21:00,Solar,0.007
6/3/2024 22:00,Solar,0.006
6/3/2024 23:00,Solar,0.006
6/4/2024 0:00,Solar,0.006
6/4/2024 1:00,Solar,0.006
6/4/2024 2:00,Solar,0.006
6/4/2024 3:00,Solar,0.006
6/4/2024 4:00,Solar,0.006
6/4/2024 5:00,Solar,0.006
6/4/2024 6:00,Solar,0.042
6/4/2024 7:00,Solar,0.252
6/4/2024 8:00,Solar,0.531
6/4/2024 9:00,Solar,0.698
6/4/2024 10:00,Solar,0.77
6/4/2024 11:00,Solar,0.8
6/4/2024 12:00,Solar,0.781
6/4/2024 13:00,Solar,0.759
6/4/2024 14:00,Solar,0.728
6/4/2024 15:00,Solar,0.71
6/4/2024 16:00,Solar,0.642
6/4/2024 17:00,Solar,0.518
6/4/2024 18:00,Solar,0.296
6/4/2024 19:00,Solar,0.122
6/4/2024 20:00,Solar,0.021
6/4/2024 21:00,Solar,0.012
6/4/2024 22:00,Solar,0.012
6/4/2024 23:00,Solar,0.013
6/5/2024 0:00,Solar,0.012
6/5/2024 1:00,Solar,0.012
6/5/2024 2:00,Solar,0.012
6/5/2024 3:00,Solar,0.012
6/5/2024 4:00,Solar,0.012
6/5/2024 5:00,Solar,0.012
6/5/2024 6:00,Solar,0.019
6/5/2024 7:00,Solar,0.122
6/5/2024 8:00,Solar,0.249
6/5/2024 9:00,Solar,0.349
6/5/2024 10:00,Solar,0.459
6/5/2024 11:00,Solar,0.552
6/5/2024 12:00,Solar,0.579
6/5/2024 13:00,Solar,0.577
6/5/2024 14:00,Solar,0.515
6/5/2024 15:00,Solar,0.51
6/5/2024 16:00,Solar,0.443
6/5/2024 17:00,Solar,0.385
6/5/2024 18:00,Solar,0.257
6/5/2024 19:00,Solar,0.101
6/5/2024 20:00,Solar,0.016
6/5/2024 21:00,Solar,0.007
6/5/2024 22:00,Solar,0.007
6/5/2024 23:00,Solar,0.006
6/6/2024 0:00,Solar,0.006
6/6/2024 1:00,Solar,0.006
6/6/2024 2:00,Solar,0.006
6/6/2024 3:00,Solar,0.006
6/6/2024 4:00,Solar,0.006
6/6/2024 5:00,Solar,0.006
6/6/2024 6:00,Solar,0.031
6/6/2024 7:00,Solar,0.211
6/6/2024 8:00,Solar,0.432
6/6/2024 9:00,Solar,0.55
6/6/2024 10:00,Solar,0.644
6/6/2024 11:00,Solar,0.657
6/6/2024 12:00,Solar,0.731
6/6/2024 13:00,Solar,0.709
6/6/2024 14:00,Solar,0.692
6/6/2024 15:00,Solar,0.608
6/6/2024 16:00,Solar,0.536
6/6/2024 17:00,Solar,0.468
6/6/2024 18:00,Solar,0.361
6/6/2024 19:00,Solar,0.186
6/6/2024 20:00,Solar,0.037
6/6/2024 21:00,Solar,0.006
6/6/2024 22:00,Solar,0.006
6/6/2024 23:00,Solar,0.006
6/7/2024 0:00,Solar,0.006
6/7/2024 1:00,Solar,0.006
6/7/2024 2:00,Solar,0.006
6/7/2024 3:00,Solar,0.006
6/7/2024 4:00,Solar,0.006
6/7/2024 5:00,Solar,0.006
6/7/2024 6:00,Solar,0.05
6/7/2024 7:00,Solar,0.329
6/7/2024 8:00,Solar,0.678
6/7/2024 9:00,Solar,0.836
6/7/2024 10:00,Solar,0.882
6/7/2024 11:00,Solar,0.891
6/7/2024 12:00,Solar,0.851
6/7/2024 13:00,Solar,0.826
6/7/2024 14:00,Solar,0.792
6/7/2024 15:00,Solar,0.786
6/7/2024 16:00,Solar,0.743
6/7/2024 17:00,Solar,0.684
6/7/2024 18:00,Solar,0.548
6/7/2024 19:00,Solar,0.246
6/7/2024 20:00,Solar,0.03
6/7/2024 21:00,Solar,0.007
6/7/2024 22:00,Solar,0.007
6/7/2024 23:00,Solar,0.006
6/8/2024 0:00,Solar,0.006
6/8/2024 1:00,Solar,0.006
6/8/2024 2:00,Solar,0.006
6/8/2024 3:00,Solar,0.006
6/8/2024 4:00,Solar,0.006
6/8/2024 5:00,Solar,0.006
6/8/2024 6:00,Solar,0.059
6/8/2024 7:00,Solar,0.359
6/8/2024 8:00,Solar,0.644
6/8/2024 9:00,Solar,0.74
6/8/2024 10:00,Solar,0.775
6/8/2024 11:00,Solar,0.823
6/8/2024 12:00,Solar,0.829
6/8/2024 13:00,Solar,0.822
6/8/2024 14:00,Solar,0.814
6/8/2024 15:00,Solar,0.802
6/8/2024 16:00,Solar,0.788
6/8/2024 17:00,Solar,0.719
6/8/2024 18:00,Solar,0.441
6/8/2024 19:00,Solar,0.144
6/8/2024 20:00,Solar,0.022
6/8/2024 21:00,Solar,0.006
6/8/2024 22:00,Solar,0.007
6/8/2024 23:00,Solar,0.006
6/9/2024 0:00,Solar,0.006
6/9/2024 1:00,Solar,0.006
6/9/2024 2:00,Solar,0.006
6/9/2024 3:00,Solar,0.006
6/9/2024 4:00,Solar,0.006
6/9/2024 5:00,Solar,0.006
6/9/2024 6:00,Solar,0.03
6/9/2024 7:00,Solar,0.219
6/9/2024 8:00,Solar,0.479
6/9/2024 9:00,Solar,0.62
6/9/2024 10:00,Solar,0.757
6/9/2024 11:00,Solar,0.794
6/9/2024 12:00,Solar,0.806
6/9/2024 13:00,Solar,0.794
6/9/2024 14:00,Solar,0.748
6/9/2024 15:00,Solar,0.685
6/9/2024 16:00,Solar,0.667
6/9/2024 17:00,Solar,0.621
6/9/2024 18:00,Solar,0.483
6/9/2024 19:00,Solar,0.214
6/9/2024 20:00,Solar,0.04
6/9/2024 21:00,Solar,0.007
6/9/2024 22:00,Solar,0.006
6/9/2024 23:00,Solar,0.006
6/10/2024 0:00,Solar,0.006
6/10/2024 1:00,Solar,0.006
6/10/2024 2:00,Solar,0.006
6/10/2024 3:00,Solar,0.006
6/10/2024 4:00,Solar,0.006
6/10/2024 5:00,Solar,0.006
6/10/2024 6:00,Solar,0.053
6/10/2024 7:00,Solar,0.358
6/10/2024 8:00,Solar,0.684
6/10/2024 9:00,Solar,0.782
6/10/2024 10:00,Solar,0.784
6/10/2024 11:00,Solar,0.754
6/10/2024 12:00,Solar,0.716
6/10/2024 13:00,Solar,0.678
6/10/2024 14:00,Solar,0.621
6/10/2024 15:00,Solar,0.567
6/10/2024 16:00,Solar,0.509
6/10/2024 17:00,Solar,0.445
6/10/2024 18:00,Solar,0.345
6/10/2024 19:00,Solar,0.153
6/10/2024 20:00,Solar,0.025
6/10/2024 21:00,Solar,0.006
6/10/2024 22:00,Solar,0.006
6/10/2024 23:00,Solar,0.006
6/11/2024 0:00,Solar,0.006
6/11/2024 1:00,Solar,0.006
6/11/2024 2:00,Solar,0.006
6/11/2024 3:00,Solar,0.006
6/11/2024 4:00,Solar,0.006
6/11/2024 5:00,Solar,0.006
6/11/2024 6:00,Solar,0.04
6/11/2024 7:00,Solar,0.291
6/11/2024 8:00,Solar,0.593
6/11/2024 9:00,Solar,0.77
6/11/2024 10:00,Solar,0.832
6/11/2024 11:00,Solar,0.847
6/11/2024 12:00,Solar,0.823
6/11/2024 13:00,Solar,0.782
6/11/2024 14:00,Solar,0.739
6/11/2024 15:00,Solar,0.691
6/11/2024 16:00,Solar,0.694
6/11/2024 17:00,Solar,0.673
6/11/2024 18:00,Solar,0.56
6/11/2024 19:00,Solar,0.277
6/11/2024 20:00,Solar,0.042
6/11/2024 21:00,Solar,0.007
6/11/2024 22:00,Solar,0.007
6/11/2024 23:00,Solar,0.006
6/12/2024 0:00,Solar,0.006
6/12/2024 1:00,Solar,0.006
6/12/2024 2:00,Solar,0.006
6/12/2024 3:00,Solar,0.006
6/12/2024 4:00,Solar,0.006
6/12/2024 5:00,Solar,0.006
6/12/2024 6:00,Solar,0.048
6/12/2024 7:00,Solar,0.311
6/12/2024 8:00,Solar,0.626
6/12/2024 9:00,Solar,0.805
6/12/2024 10:00,Solar,0.871
6/12/2024 11:00,Solar,0.879
6/12/2024 12:00,Solar,0.846
6/12/2024 13:00,Solar,0.812
6/12/2024 14:00,Solar,0.798
6/12/2024 15:00,Solar,0.767
6/12/2024 16:00,Solar,0.713
6/12/2024 17:00,Solar,0.685
6/12/2024 18:00,Solar,0.546
6/12/2024 19:00,Solar,0.274
6/12/2024 20:00,Solar,0.046
6/12/2024 21:00,Solar,0.007
6/12/2024 22:00,Solar,0.007
6/12/2024 23:00,Solar,0.006
6/13/2024 0:00,Solar,0.006
6/13/2024 1:00,Solar,0.006
6/13/2024 2:00,Solar,0.006
6/13/2024 3:00,Solar,0.006
6/13/2024 4:00,Solar,0.006
6/13/2024 5:00,Solar,0.006
6/13/2024 6:00,Solar,0.041
6/13/2024 7:00,Solar,0.265
6/13/2024 8:00,Solar,0.61
6/13/2024 9:00,Solar,0.79
6/13/2024 10:00,Solar,0.883
6/13/2024 11:00,Solar,0.902
6/13/2024 12:00,Solar,0.897
6/13/2024 13:00,Solar,0.875
6/13/2024 14:00,Solar,0.877
6/13/2024 15:00,Solar,0.852
6/13/2024 16:00,Solar,0.794
6/13/2024 17:00,Solar,0.747
6/13/2024 18:00,Solar,0.599
6/13/2024 19:00,Solar,0.241
6/13/2024 20:00,Solar,0.03
6/13/2024 21:00,Solar,0.007
6/13/2024 22:00,Solar,0.007
6/13/2024 23:00,Solar,0.007
6/14/2024 0:00,Solar,0.007
6/14/2024 1:00,Solar,0.006
6/14/2024 2:00,Solar,0.006
6/14/2024 3:00,Solar,0.006
6/14/2024 4:00,Solar,0.006
6/14/2024 5:00,Solar,0.006
6/14/2024 6:00,Solar,0.046
6/14/2024 7:00,Solar,0.297
6/14/2024 8:00,Solar,0.598
6/14/2024 9:00,Solar,0.794
6/14/2024 10:00,Solar,0.834
6/14/2024 11:00,Solar,0.855
6/14/2024 12:00,Solar,0.855
6/14/2024 13:00,Solar,0.831
6/14/2024 14:00,Solar,0.754
6/14/2024 15:00,Solar,0.699
6/14/2024 16:00,Solar,0.69
6/14/2024 17:00,Solar,0.611
6/14/2024 18:00,Solar,0.53
6/14/2024 19:00,Solar,0.27
6/14/2024 20:00,Solar,0.048
6/14/2024 21:00,Solar,0.006
6/14/2024 22:00,Solar,0.006
6/14/2024 23:00,Solar,0.006
6/15/2024 0:00,Solar,0.006
6/15/2024 1:00,Solar,0.006
6/15/2024 2:00,Solar,0.006
6/15/2024 3:00,Solar,0.006
6/15/2024 4:00,Solar,0.006
6/15/2024 5:00,Solar,0.006
6/15/2024 6:00,Solar,0.054
6/15/2024 7:00,Solar,0.371
6/15/2024 8:00,Solar,0.735
6/15/2024 9:00,Solar,0.889
6/15/2024 10:00,Solar,0.963
6/15/2024 11:00,Solar,0.976
6/15/2024 12:00,Solar,0.98
6/15/2024 13:00,Solar,0.976
6/15/2024 14:00,Solar,0.968
6/15/2024 15:00,Solar,0.936
6/15/2024 16:00,Solar,0.899
6/15/2024 17:00,Solar,0.848
6/15/2024 18:00,Solar,0.672
6/15/2024 19:00,Solar,0.306
6/15/2024 20:00,Solar,0.045
6/15/2024 21:00,Solar,0.006
6/15/2024 22:00,Solar,0.006
6/15/2024 23:00,Solar,0.006
6/16/2024 0:00,Solar,0.006
6/16/2024 1:00,Solar,0.006
6/16/2024 2:00,Solar,0.006
6/16/2024 3:00,Solar,0.006
6/16/2024 4:00,Solar,0.006
6/16/2024 5:00,Solar,0.006
6/16/2024 6:00,Solar,0.055
6/16/2024 7:00,Solar,0.322
6/16/2024 8:00,Solar,0.663
6/16/2024 9:00,Solar,0.834
6/16/2024 10:00,Solar,0.92
6/16/2024 11:00,Solar,0.951
6/16/2024 12:00,Solar,0.963
6/16/2024 13:00,Solar,0.95
6/16/2024 14:00,Solar,0.918
6/16/2024 15:00,Solar,0.887
6/16/2024 16:00,Solar,0.842
6/16/2024 17:00,Solar,0.753
6/16/2024 18:00,Solar,0.583
6/16/2024 19:00,Solar,0.289
6/16/2024 20:00,Solar,0.051
6/16/2024 21:00,Solar,0.006
6/16/2024 22:00,Solar,0.006
6/16/2024 23:00,Solar,0.006
6/17/2024 0:00,Solar,0.006
6/17/2024 1:00,Solar,0.006
6/17/2024 2:00,Solar,0.006
6/17/2024 3:00,Solar,0.006
6/17/2024 4:00,Solar,0.006
6/17/2024 5:00,Solar,0.006
6/17/2024 6:00,Solar,0.034
6/17/2024 7:00,Solar,0.247
6/17/2024 8:00,Solar,0.551
6/17/2024 9:00,Solar,0.724
6/17/2024 10:00,Solar,0.855
6/17/2024 11:00,Solar,0.892
6/17/2024 12:00,Solar,0.892
6/17/2024 13:00,Solar,0.87
6/17/2024 14:00,Solar,0.79
6/17/2024 15:00,Solar,0.751
6/17/2024 16:00,Solar,0.676
6/17/2024 17:00,Solar,0.653
6/17/2024 18:00,Solar,0.51
6/17/2024 19:00,Solar,0.218
6/17/2024 20:00,Solar,0.035
6/17/2024 21:00,Solar,0.006
6/17/2024 22:00,Solar,0.006
6/17/2024 23:00,Solar,0.006
6/18/2024 0:00,Solar,0.006
6/18/2024 1:00,Solar,0.006
6/18/2024 2:00,Solar,0.006
6/18/2024 3:00,Solar,0.006
6/18/2024 4:00,Solar,0.006
6/18/2024 5:00,Solar,0.006
6/18/2024 6:00,Solar,0.04
6/18/2024 7:00,Solar,0.279
6/18/2024 8:00,Solar,0.58
6/18/2024 9:00,Solar,0.699
6/18/2024 10:00,Solar,0.802
6/18/2024 11:00,Solar,0.844
6/18/2024 12:00,Solar,0.862
6/18/2024 13:00,Solar,0.844
6/18/2024 14:00,Solar,0.84
6/18/2024 15:00,Solar,0.773
6/18/2024 16:00,Solar,0.753
6/18/2024 17:00,Solar,0.663
6/18/2024 18:00,Solar,0.487
6/18/2024 19:00,Solar,0.208
6/18/2024 20:00,Solar,0.029
6/18/2024 21:00,Solar,0.006
6/18/2024 22:00,Solar,0.006
6/18/2024 23:00,Solar,0.006
6/19/2024 0:00,Solar,0.006
6/19/2024 1:00,Solar,0.006
6/19/2024 2:00,Solar,0.006
6/19/2024 3:00,Solar,0.006
6/19/2024 4:00,Solar,0.006
6/19/2024 5:00,Solar,0.006
6/19/2024 6:00,Solar,0.047
6/19/2024 7:00,Solar,0.27
6/19/2024 8:00,Solar,0.562
6/19/2024 9:00,Solar,0.67
6/19/2024 10:00,Solar,0.754
6/19/2024 11:00,Solar,0.811
6/19/2024 12:00,Solar,0.828
6/19/2024 13:00,Solar,0.855
6/19/2024 14:00,Solar,0.837
6/19/2024 15:00,Solar,0.797
6/19/2024 16:00,Solar,0.774
6/19/2024 17:00,Solar,0.719
6/19/2024 18:00,Solar,0.517
6/19/2024 19:00,Solar,0.243
6/19/2024 20:00,Solar,0.042
6/19/2024 21:00,Solar,0.006
6/19/2024 22:00,Solar,0.006
6/19/2024 23:00,Solar,0.006
6/20/2024 0:00,Solar,0.006
6/20/2024 1:00,Solar,0.006
6/20/2024 2:00,Solar,0.006
6/20/2024 3:00,Solar,0.006
6/20/2024 4:00,Solar,0.006
6/20/2024 5:00,Solar,0.006
6/20/2024 6:00,Solar,0.044
6/20/2024 7:00,Solar,0.226
6/20/2024 8:00,Solar,0.599
6/20/2024 9:00,Solar,0.739
6/20/2024 10:00,Solar,0.782
6/20/2024 11:00,Solar,0.815
6/20/2024 12:00,Solar,0.857
6/20/2024 13:00,Solar,0.848
6/20/2024 14:00,Solar,0.841
6/20/2024 15:00,Solar,0.796
6/20/2024 16:00,Solar,0.797
6/20/2024 17:00,Solar,0.77
6/20/2024 18:00,Solar,0.633
6/20/2024 19:00,Solar,0.304
6/20/2024 20:00,Solar,0.053
6/20/2024 21:00,Solar,0.006
6/20/2024 22:00,Solar,0.006
6/20/2024 23:00,Solar,0.006
6/21/2024 0:00,Solar,0.006
6/21/2024 1:00,Solar,0.006
6/21/2024 2:00,Solar,0.006
6/21/2024 3:00,Solar,0.006
6/21/2024 4:00,Solar,0.006
6/21/2024 5:00,Solar,0.006
6/21/2024 6:00,Solar,0.048
6/21/2024 7:00,Solar,0.328
6/21/2024 8:00,Solar,0.69
6/21/2024 9:00,Solar,0.862
6/21/2024 10:00,Solar,0.94
6/21/2024 11:00,Solar,0.942
6/21/2024 12:00,Solar,0.935
6/21/2024 13:00,Solar,0.949
6/21/2024 14:00,Solar,0.946
6/21/2024 15:00,Solar,0.935
6/21/2024 16:00,Solar,0.901
6/21/2024 17:00,Solar,0.833
6/21/2024 18:00,Solar,0.653
6/21/2024 19:00,Solar,0.31
6/21/2024 20:00,Solar,0.055
6/21/2024 21:00,Solar,0.006
6/21/2024 22:00,Solar,0.006
6/21/2024 23:00,Solar,0.006
6/22/2024 0:00,Solar,0.006
6/22/2024 1:00,Solar,0.006
6/22/2024 2:00,Solar,0.006
6/22/2024 3:00,Solar,0.006
6/22/2024 4:00,Solar,0.006
6/22/2024 5:00,Solar,0.006
6/22/2024 6:00,Solar,0.041
6/22/2024 7:00,Solar,0.296
6/22/2024 8:00,Solar,0.633
6/22/2024 9:00,Solar,0.835
6/22/2024 10:00,Solar,0.906
6/22/2024 11:00,Solar,0.921
6/22/2024 12:00,Solar,0.886
6/22/2024 13:00,Solar,0.868
6/22/2024 14:00,Solar,0.844
6/22/2024 15:00,Solar,0.808
6/22/2024 16:00,Solar,0.77
6/22/2024 17:00,Solar,0.725
6/22/2024 18:00,Solar,0.584
6/22/2024 19:00,Solar,0.273
6/22/2024 20:00,Solar,0.058
6/22/2024 21:00,Solar,0.009
6/22/2024 22:00,Solar,0.008
6/22/2024 23:00,Solar,0.008
6/23/2024 0:00,Solar,0.008
6/23/2024 1:00,Solar,0.008
6/23/2024 2:00,Solar,0.008
6/23/2024 3:00,Solar,0.008
6/23/2024 4:00,Solar,0.008
6/23/2024 5:00,Solar,0.008
6/23/2024 6:00,Solar,0.041
6/23/2024 7:00,Solar,0.253
6/23/2024 8:00,Solar,0.477
6/23/2024 9:00,Solar,0.609
6/23/2024 10:00,Solar,0.668
6/23/2024 11:00,Solar,0.739
6/23/2024 12:00,Solar,0.727
6/23/2024 13:00,Solar,0.678
6/23/2024 14:00,Solar,0.681
6/23/2024 15:00,Solar,0.676
6/23/2024 16:00,Solar,0.62
6/23/2024 17:00,Solar,0.488
6/23/2024 18:00,Solar,0.367
6/23/2024 19:00,Solar,0.213
6/23/2024 20:00,Solar,0.068
6/23/2024 21:00,Solar,0.009
6/23/2024 22:00,Solar,0.008
6/23/2024 23:00,Solar,0.008
6/24/2024 0:00,Solar,0.008
6/24/2024 1:00,Solar,0.008
6/24/2024 2:00,Solar,0.008
6/24/2024 3:00,Solar,0.008
6/24/2024 4:00,Solar,0.008
6/24/2024 5:00,Solar,0.008
6/24/2024 6:00,Solar,0.029
6/24/2024 7:00,Solar,0.215
6/24/2024 8:00,Solar,0.499
6/24/2024 9:00,Solar,0.655
6/24/2024 10:00,Solar,0.74
6/24/2024 11:00,Solar,0.794
6/24/2024 12:00,Solar,0.82
6/24/2024 13:00,Solar,0.796
6/24/2024 14:00,Solar,0.81
6/24/2024 15:00,Solar,0.821
6/24/2024 16:00,Solar,0.767
6/24/2024 17:00,Solar,0.748
6/24/2024 18:00,Solar,0.608
6/24/2024 19:00,Solar,0.327
6/24/2024 20:00,Solar,0.069
6/24/2024 21:00,Solar,0.014
6/24/2024 22:00,Solar,0.009
6/24/2024 23:00,Solar,0.008
6/25/2024 0:00,Solar,0.008
6/25/2024 1:00,Solar,0.008
6/25/2024 2:00,Solar,0.008
6/25/2024 3:00,Solar,0.008
6/25/2024 4:00,Solar,0.008
6/25/2024 5:00,Solar,0.008
6/25/2024 6:00,Solar,0.051
6/25/2024 7:00,Solar,0.348
6/25/2024 8:00,Solar,0.678
6/25/2024 9:00,Solar,0.83
6/25/2024 10:00,Solar,0.851
6/25/2024 11:00,Solar,0.845
6/25/2024 12:00,Solar,0.81
6/25/2024 13:00,Solar,0.791
6/25/2024 14:00,Solar,0.785
6/25/2024 15:00,Solar,0.762
6/25/2024 16:00,Solar,0.735
6/25/2024 17:00,Solar,0.667
6/25/2024 18:00,Solar,0.481
6/25/2024 19:00,Solar,0.18
6/25/2024 20:00,Solar,0.029
6/25/2024 21:00,Solar,0.007
6/25/2024 22:00,Solar,0.007
6/25/2024 23:00,Solar,0.007
6/26/2024 0:00,Solar,0.007
6/26/2024 1:00,Solar,0.007
6/26/2024 2:00,Solar,0.007
6/26/2024 3:00,Solar,0.007
6/26/2024 4:00,Solar,0.007
6/26/2024 5:00,Solar,0.007
6/26/2024 6:00,Solar,0.037
6/26/2024 7:00,Solar,0.266
6/26/2024 8:00,Solar,0.509
6/26/2024 9:00,Solar,0.656
6/26/2024 10:00,Solar,0.733
6/26/2024 11:00,Solar,0.758
6/26/2024 12:00,Solar,0.765
6/26/2024 13:00,Solar,0.742
6/26/2024 14:00,Solar,0.709
6/26/2024 15:00,Solar,0.616
6/26/2024 16:00,Solar,0.563
6/26/2024 17:00,Solar,0.507
6/26/2024 18:00,Solar,0.389
6/26/2024 19:00,Solar,0.151
6/26/2024 20:00,Solar,0.041
6/26/2024 21:00,Solar,0.01
6/26/2024 22:00,Solar,0.009
6/26/2024 23:00,Solar,0.009
6/27/2024 0:00,Solar,0.009
6/27/2024 1:00,Solar,0.009
6/27/2024 2:00,Solar,0.009
6/27/2024 3:00,Solar,0.009
6/27/2024 4:00,Solar,0.008
6/27/2024 5:00,Solar,0.007
6/27/2024 6:00,Solar,0.028
6/27/2024 7:00,Solar,0.218
6/27/2024 8:00,Solar,0.456
6/27/2024 9:00,Solar,0.572
6/27/2024 10:00,Solar,0.658
6/27/2024 11:00,Solar,0.707
6/27/2024 12:00,Solar,0.668
6/27/2024 13:00,Solar,0.701
6/27/2024 14:00,Solar,0.746
6/27/2024 15:00,Solar,0.744
6/27/2024 16:00,Solar,0.755
6/27/2024 17:00,Solar,0.736
6/27/2024 18:00,Solar,0.608
6/27/2024 19:00,Solar,0.358
6/27/2024 20:00,Solar,0.071
6/27/2024 21:00,Solar,0.009
6/27/2024 22:00,Solar,0.008
6/27/2024 23:00,Solar,0.008
6/28/2024 0:00,Solar,0.007
6/28/2024 1:00,Solar,0.007
6/28/2024 2:00,Solar,0.007
6/28/2024 3:00,Solar,0.007
6/28/2024 4:00,Solar,0.007
6/28/2024 5:00,Solar,0.007
6/28/2024 6:00,Solar,0.035
6/28/2024 7:00,Solar,0.281
6/28/2024 8:00,Solar,0.596
6/28/2024 9:00,Solar,0.791
6/28/2024 10:00,Solar,0.899
6/28/2024 11:00,Solar,0.955
6/28/2024 12:00,Solar,0.967
6/28/2024 13:00,Solar,0.967
6/28/2024 14:00,Solar,0.948
6/28/2024 15:00,Solar,0.896
6/28/2024 16:00,Solar,0.842
6/28/2024 17:00,Solar,0.759
6/28/2024 18:00,Solar,0.579
6/28/2024 19:00,Solar,0.229
6/28/2024 20:00,Solar,0.033
6/28/2024 21:00,Solar,0.005
6/28/2024 22:00,Solar,0.004
6/28/2024 23:00,Solar,0.004
6/29/2024 0:00,Solar,0.004
6/29/2024 1:00,Solar,0.004
6/29/2024 2:00,Solar,0.004
6/29/2024 3:00,Solar,0.004
6/29/2024 4:00,Solar,0.004
6/29/2024 5:00,Solar,0.004
6/29/2024 6:00,Solar,0.017
6/29/2024 7:00,Solar,0.14
6/29/2024 8:00,Solar,0.296
6/29/2024 9:00,Solar,0.422
6/29/2024 10:00,Solar,0.552
6/29/2024 11:00,Solar,0.634
6/29/2024 12:00,Solar,0.674
6/29/2024 13:00,Solar,0.676
6/29/2024 14:00,Solar,0.659
6/29/2024 15:00,Solar,0.655
6/29/2024 16:00,Solar,0.583
6/29/2024 17:00,Solar,0.577
6/29/2024 18:00,Solar,0.444
6/29/2024 19:00,Solar,0.173
6/29/2024 20:00,Solar,0.035
6/29/2024 21:00,Solar,0.005
6/29/2024 22:00,Solar,0.004
6/29/2024 23:00,Solar,0.004
6/30/2024 0:00,Solar,0.004
6/30/2024 1:00,Solar,0.004
6/30/2024 2:00,Solar,0.003
6/30/2024 3:00,Solar,0.003
6/30/2024 4:00,Solar,0.003
6/30/2024 5:00,Solar,0.003
6/30/2024 6:00,Solar,0.026
6/30/2024 7:00,Solar,0.215
6/30/2024 8:00,Solar,0.516
6/30/2024 9:00,Solar,0.68
6/30/2024 10:00,Solar,0.748
6/30/2024 11:00,Solar,0.78
6/30/2024 12:00,Solar,0.785
6/30/2024 13:00,Solar,0.79
6/30/2024 14:00,Solar,0.732
6/30/2024 15:00,Solar,0.657
6/30/2024 16:00,Solar,0.609
6/30/2024 17:00,Solar,0.515
6/30/2024 18:00,Solar,0.437
6/30/2024 19:00,Solar,0.267
6/30/2024 20:00,Solar,0.065
6/30/2024 21:00,Solar,0.005
6/30/2024 22:00,Solar,0.004
6/30/2024 23:00,Solar,0.004
7/1/2024 0:00,Solar,0.004
7/1/2024 1:00,Solar,0.004
7/1/2024 2:00,Solar,0.004
7/1/2024 3:00,Solar,0.004
7/1/2024 4:00,Solar,0.004
7/1/2024 5:00,Solar,0.004
7/1/2024 6:00,Solar,0.023
7/1/2024 7:00,Solar,0.199
7/1/2024 8:00,Solar,0.456
7/1/2024 9:00,Solar,0.631
7/1/2024 10:00,Solar,0.786
7/1/2024 11:00,Solar,0.907
7/1/2024 12:00,Solar,0.957
7/1/2024 13:00,Solar,0.998
7/1/2024 14:00,Solar,1
7/1/2024 15:00,Solar,0.998
7/1/2024 16:00,Solar,0.979
7/1/2024 17:00,Solar,0.92
7/1/2024 18:00,Solar,0.759
7/1/2024 19:00,Solar,0.383
7/1/2024 20:00,Solar,0.067
7/1/2024 21:00,Solar,0.005
7/1/2024 22:00,Solar,0.005
7/1/2024 23:00,Solar,0.004
7/2/2024 0:00,Solar,0.004
7/2/2024 1:00,Solar,0.004
7/2/2024 2:00,Solar,0.004
7/2/2024 3:00,Solar,0.004
7/2/2024 4:00,Solar,0.004
7/2/2024 5:00,Solar,0.004
7/2/2024 6:00,Solar,0.044
7/2/2024 7:00,Solar,0.373
7/2/2024 8:00,Solar,0.763
7/2/2024 9:00,Solar,0.928
7/2/2024 10:00,Solar,0.954
7/2/2024 11:00,Solar,0.935
7/2/2024 12:00,Solar,0.937
7/2/2024 13:00,Solar,0.942
7/2/2024 14:00,Solar,0.939
7/2/2024 15:00,Solar,0.915
7/2/2024 16:00,Solar,0.868
7/2/2024 17:00,Solar,0.82
7/2/2024 18:00,Solar,0.634
7/2/2024 19:00,Solar,0.314
7/2/2024 20:00,Solar,0.069
7/2/2024 21:00,Solar,0.007
7/2/2024 22:00,Solar,0.007
7/2/2024 23:00,Solar,0.006
7/3/2024 0:00,Solar,0.006
7/3/2024 1:00,Solar,0.006
7/3/2024 2:00,Solar,0.006
7/3/2024 3:00,Solar,0.006
7/3/2024 4:00,Solar,0.006
7/3/2024 5:00,Solar,0.006
7/3/2024 6:00,Solar,0.039
7/3/2024 7:00,Solar,0.296
7/3/2024 8:00,Solar,0.647
7/3/2024 9:00,Solar,0.86
7/3/2024 10:00,Solar,0.903
7/3/2024 11:00,Solar,0.9
7/3/2024 12:00,Solar,0.846
7/3/2024 13:00,Solar,0.81
7/3/2024 14:00,Solar,0.789
7/3/2024 15:00,Solar,0.772
7/3/2024 16:00,Solar,0.772
7/3/2024 17:00,Solar,0.703
7/3/2024 18:00,Solar,0.502
7/3/2024 19:00,Solar,0.201
7/3/2024 20:00,Solar,0.03
7/3/2024 21:00,Solar,0.004
7/3/2024 22:00,Solar,0.003
7/3/2024 23:00,Solar,0.003
7/4/2024 0:00,Solar,0.003
7/4/2024 1:00,Solar,0.003
7/4/2024 2:00,Solar,0.003
7/4/2024 3:00,Solar,0.003
7/4/2024 4:00,Solar,0.003
7/4/2024 5:00,Solar,0.003
7/4/2024 6:00,Solar,0.028
7/4/2024 7:00,Solar,0.218
7/4/2024 8:00,Solar,0.55
7/4/2024 9:00,Solar,0.72
7/4/2024 10:00,Solar,0.785
7/4/2024 11:00,Solar,0.772
7/4/2024 12:00,Solar,0.749
7/4/2024 13:00,Solar,0.719
7/4/2024 14:00,Solar,0.722
7/4/2024 15:00,Solar,0.647
7/4/2024 16:00,Solar,0.54
7/4/2024 17:00,Solar,0.438
7/4/2024 18:00,Solar,0.239
7/4/2024 19:00,Solar,0.122
7/4/2024 20:00,Solar,0.027
7/4/2024 21:00,Solar,0.004
7/4/2024 22:00,Solar,0.003
7/4/2024 23:00,Solar,0.003
7/5/2024 0:00,Solar,0.003
7/5/2024 1:00,Solar,0.003
7/5/2024 2:00,Solar,0.003
7/5/2024 3:00,Solar,0.003
7/5/2024 4:00,Solar,0.003
7/5/2024 5:00,Solar,0.003
7/5/2024 6:00,Solar,0.026
7/5/2024 7:00,Solar,0.244
7/5/2024 8:00,Solar,0.559
7/5/2024 9:00,Solar,0.739
7/5/2024 10:00,Solar,0.755
7/5/2024 11:00,Solar,0.732
7/5/2024 12:00,Solar,0.736
7/5/2024 13:00,Solar,0.779
7/5/2024 14:00,Solar,0.78
7/5/2024 15:00,Solar,0.712
7/5/2024 16:00,Solar,0.619
7/5/2024 17:00,Solar,0.614
7/5/2024 18:00,Solar,0.459
7/5/2024 19:00,Solar,0.207
7/5/2024 20:00,Solar,0.037
7/5/2024 21:00,Solar,0.004
7/5/2024 22:00,Solar,0.003
7/5/2024 23:00,Solar,0.003
7/6/2024 0:00,Solar,0.003
7/6/2024 1:00,Solar,0.003
7/6/2024 2:00,Solar,0.003
7/6/2024 3:00,Solar,0.003
7/6/2024 4:00,Solar,0.003
7/6/2024 5:00,Solar,0.003
7/6/2024 6:00,Solar,0.027
7/6/2024 7:00,Solar,0.285
7/6/2024 8:00,Solar,0.654
7/6/2024 9:00,Solar,0.839
7/6/2024 10:00,Solar,0.895
7/6/2024 11:00,Solar,0.918
7/6/2024 12:00,Solar,0.904
7/6/2024 13:00,Solar,0.887
7/6/2024 14:00,Solar,0.863
7/6/2024 15:00,Solar,0.833
7/6/2024 16:00,Solar,0.769
7/6/2024 17:00,Solar,0.711
7/6/2024 18:00,Solar,0.569
7/6/2024 19:00,Solar,0.28
7/6/2024 20:00,Solar,0.056
7/6/2024 21:00,Solar,0.004
7/6/2024 22:00,Solar,0.003
7/6/2024 23:00,Solar,0.003
7/7/2024 0:00,Solar,0.003
7/7/2024 1:00,Solar,0.003
7/7/2024 2:00,Solar,0.003
7/7/2024 3:00,Solar,0.003
7/7/2024 4:00,Solar,0.003
7/7/2024 5:00,Solar,0.003
7/7/2024 6:00,Solar,0.018
7/7/2024 7:00,Solar,0.206
7/7/2024 8:00,Solar,0.484
7/7/2024 9:00,Solar,0.643
7/7/2024 10:00,Solar,0.739
7/7/2024 11:00,Solar,0.787
7/7/2024 12:00,Solar,0.776
7/7/2024 13:00,Solar,0.771
7/7/2024 14:00,Solar,0.762
7/7/2024 15:00,Solar,0.71
7/7/2024 16:00,Solar,0.638
7/7/2024 17:00,Solar,0.567
7/7/2024 18:00,Solar,0.444
7/7/2024 19:00,Solar,0.255
7/7/2024 20:00,Solar,0.053
7/7/2024 21:00,Solar,0.006
7/7/2024 22:00,Solar,0.006
7/7/2024 23:00,Solar,0.006
7/8/2024 0:00,Solar,0.006
7/8/2024 1:00,Solar,0.006
7/8/2024 2:00,Solar,0.006
7/8/2024 3:00,Solar,0.006
7/8/2024 4:00,Solar,0.006
7/8/2024 5:00,Solar,0.006
7/8/2024 6:00,Solar,0.028
7/8/2024 7:00,Solar,0.223
7/8/2024 8:00,Solar,0.515
7/8/2024 9:00,Solar,0.705
7/8/2024 10:00,Solar,0.807
7/8/2024 11:00,Solar,0.821
7/8/2024 12:00,Solar,0.823
7/8/2024 13:00,Solar,0.786
7/8/2024 14:00,Solar,0.73
7/8/2024 15:00,Solar,0.721
7/8/2024 16:00,Solar,0.684
7/8/2024 17:00,Solar,0.58
7/8/2024 18:00,Solar,0.419
7/8/2024 19:00,Solar,0.226
7/8/2024 20:00,Solar,0.037
7/8/2024 21:00,Solar,0.004
7/8/2024 22:00,Solar,0.003
7/8/2024 23:00,Solar,0.001
7/9/2024 0:00,Solar,0.001
7/9/2024 1:00,Solar,0.001
7/9/2024 2:00,Solar,0.001
7/9/2024 3:00,Solar,0.001
7/9/2024 4:00,Solar,0.001
7/9/2024 5:00,Solar,0.001
7/9/2024 6:00,Solar,0.024
7/9/2024 7:00,Solar,0.191
7/9/2024 8:00,Solar,0.448
7/9/2024 9:00,Solar,0.59
7/9/2024 10:00,Solar,0.674
7/9/2024 11:00,Solar,0.71
7/9/2024 12:00,Solar,0.772
7/9/2024 13:00,Solar,0.772
7/9/2024 14:00,Solar,0.748
7/9/2024 15:00,Solar,0.711
7/9/2024 16:00,Solar,0.637
7/9/2024 17:00,Solar,0.572
7/9/2024 18:00,Solar,0.441
7/9/2024 19:00,Solar,0.188
7/9/2024 20:00,Solar,0.023
7/9/2024 21:00,Solar,0.001
7/9/2024 22:00,Solar,0.001
7/9/2024 23:00,Solar,0.001
7/10/2024 0:00,Solar,0.001
7/10/2024 1:00,Solar,0.001
7/10/2024 2:00,Solar,0.001
7/10/2024 3:00,Solar,0.001
7/10/2024 4:00,Solar,0.001
7/10/2024 5:00,Solar,0.001
7/10/2024 6:00,Solar,0.017
7/10/2024 7:00,Solar,0.144
7/10/2024 8:00,Solar,0.273
7/10/2024 9:00,Solar,0.403
7/10/2024 10:00,Solar,0.541
7/10/2024 11:00,Solar,0.618
7/10/2024 12:00,Solar,0.677
7/10/2024 13:00,Solar,0.707
7/10/2024 14:00,Solar,0.72
7/10/2024 15:00,Solar,0.706
7/10/2024 16:00,Solar,0.629
7/10/2024 17:00,Solar,0.616
7/10/2024 18:00,Solar,0.48
7/10/2024 19:00,Solar,0.226
7/10/2024 20:00,Solar,0.046
7/10/2024 21:00,Solar,0.002
7/10/2024 22:00,Solar,0.001
7/10/2024 23:00,Solar,0.001
7/11/2024 0:00,Solar,0.001
7/11/2024 1:00,Solar,0.001
7/11/2024 2:00,Solar,0.001
7/11/2024 3:00,Solar,0.001
7/11/2024 4:00,Solar,0.001
7/11/2024 5:00,Solar,0.001
7/11/2024 6:00,Solar,0.013
7/11/2024 7:00,Solar,0.201
7/11/2024 8:00,Solar,0.528
7/11/2024 9:00,Solar,0.711
7/11/2024 10:00,Solar,0.741
7/11/2024 11:00,Solar,0.773
7/11/2024 12:00,Solar,0.773
7/11/2024 13:00,Solar,0.76
7/11/2024 14:00,Solar,0.718
7/11/2024 15:00,Solar,0.652
7/11/2024 16:00,Solar,0.593
7/11/2024 17:00,Solar,0.523
7/11/2024 18:00,Solar,0.441
7/11/2024 19:00,Solar,0.219
7/11/2024 20:00,Solar,0.033
7/11/2024 21:00,Solar,0.001
7/11/2024 22:00,Solar,0.001
7/11/2024 23:00,Solar,0.001
7/12/2024 0:00,Solar,0.001
7/12/2024 1:00,Solar,0.001
7/12/2024 2:00,Solar,0.001
7/12/2024 3:00,Solar,0.001
7/12/2024 4:00,Solar,0.001
7/12/2024 5:00,Solar,0.001
7/12/2024 6:00,Solar,0.008
7/12/2024 7:00,Solar,0.097
7/12/2024 8:00,Solar,0.303
7/12/2024 9:00,Solar,0.431
7/12/2024 10:00,Solar,0.485
7/12/2024 11:00,Solar,0.518
7/12/2024 12:00,Solar,0.524
7/12/2024 13:00,Solar,0.537
7/12/2024 14:00,Solar,0.531
7/12/2024 15:00,Solar,0.465
7/12/2024 16:00,Solar,0.369
7/12/2024 17:00,Solar,0.313
7/12/2024 18:00,Solar,0.283
7/12/2024 19:00,Solar,0.157
7/12/2024 20:00,Solar,0.031
7/12/2024 21:00,Solar,0.001
7/12/2024 22:00,Solar,0.001
7/12/2024 23:00,Solar,0.001
7/13/2024 0:00,Solar,0.001
7/13/2024 1:00,Solar,0.001
7/13/2024 2:00,Solar,0.001
7/13/2024 3:00,Solar,0.001
7/13/2024 4:00,Solar,0.001
7/13/2024 5:00,Solar,0.001
7/13/2024 6:00,Solar,0.006
7/13/2024 7:00,Solar,0.118
7/13/2024 8:00,Solar,0.362
7/13/2024 9:00,Solar,0.548
7/13/2024 10:00,Solar,0.649
7/13/2024 11:00,Solar,0.71
7/13/2024 12:00,Solar,0.745
7/13/2024 13:00,Solar,0.764
7/13/2024 14:00,Solar,0.813
7/13/2024 15:00,Solar,0.809
7/13/2024 16:00,Solar,0.766
7/13/2024 17:00,Solar,0.745
7/13/2024 18:00,Solar,0.558
7/13/2024 19:00,Solar,0.253
7/13/2024 20:00,Solar,0.035
7/13/2024 21:00,Solar,0.001
7/13/2024 22:00,Solar,0.001
7/13/2024 23:00,Solar,0.001
7/14/2024 0:00,Solar,0.001
7/14/2024 1:00,Solar,0.001
7/14/2024 2:00,Solar,0.001
7/14/2024 3:00,Solar,0.001
7/14/2024 4:00,Solar,0.001
7/14/2024 5:00,Solar,0.001
7/14/2024 6:00,Solar,0.016
7/14/2024 7:00,Solar,0.214
7/14/2024 8:00,Solar,0.575
7/14/2024 9:00,Solar,0.795
7/14/2024 10:00,Solar,0.889
7/14/2024 11:00,Solar,0.917
7/14/2024 12:00,Solar,0.898
7/14/2024 13:00,Solar,0.878
7/14/2024 14:00,Solar,0.823
7/14/2024 15:00,Solar,0.757
7/14/2024 16:00,Solar,0.553
7/14/2024 17:00,Solar,0.458
7/14/2024 18:00,Solar,0.393
7/14/2024 19:00,Solar,0.24
7/14/2024 20:00,Solar,0.029
7/14/2024 21:00,Solar,0.001
7/14/2024 22:00,Solar,0.001
7/14/2024 23:00,Solar,0.001
7/15/2024 0:00,Solar,0.001
7/15/2024 1:00,Solar,0.001
7/15/2024 2:00,Solar,0.001
7/15/2024 3:00,Solar,0.001
7/15/2024 4:00,Solar,0.001
7/15/2024 5:00,Solar,0.001
7/15/2024 6:00,Solar,0.015
7/15/2024 7:00,Solar,0.193
7/15/2024 8:00,Solar,0.54
7/15/2024 9:00,Solar,0.739
7/15/2024 10:00,Solar,0.75
7/15/2024 11:00,Solar,0.925
7/15/2024 12:00,Solar,0.984
7/15/2024 13:00,Solar,0.96
7/15/2024 14:00,Solar,0.932
7/15/2024 15:00,Solar,0.86
7/15/2024 16:00,Solar,0.792
7/15/2024 17:00,Solar,0.6
7/15/2024 18:00,Solar,0.445
7/15/2024 19:00,Solar,0.217
7/15/2024 20:00,Solar,0.037
7/15/2024 21:00,Solar,0.016
7/15/2024 22:00,Solar,0.016
7/15/2024 23:00,Solar,0.016
7/16/2024 0:00,Solar,0.014
7/16/2024 1:00,Solar,0.008
7/16/2024 2:00,Solar,0.007
7/16/2024 3:00,Solar,0.007
7/16/2024 4:00,Solar,0.007
7/16/2024 5:00,Solar,0.007
7/16/2024 6:00,Solar,0.021
7/16/2024 7:00,Solar,0.213
7/16/2024 8:00,Solar,0.493
7/16/2024 9:00,Solar,0.62
7/16/2024 10:00,Solar,0.769
7/16/2024 11:00,Solar,0.881
7/16/2024 12:00,Solar,0.925
7/16/2024 13:00,Solar,0.924
7/16/2024 14:00,Solar,0.912
7/16/2024 15:00,Solar,0.888
7/16/2024 16:00,Solar,0.782
7/16/2024 17:00,Solar,0.647
7/16/2024 18:00,Solar,0.383
7/16/2024 19:00,Solar,0.203
7/16/2024 20:00,Solar,0.034
7/16/2024 21:00,Solar,0.003
7/16/2024 22:00,Solar,0.003
7/16/2024 23:00,Solar,0.003
7/17/2024 0:00,Solar,0.003
7/17/2024 1:00,Solar,0.003
7/17/2024 2:00,Solar,0.003
7/17/2024 3:00,Solar,0.003
7/17/2024 4:00,Solar,0.003
7/17/2024 5:00,Solar,0.003
7/17/2024 6:00,Solar,0.015
7/17/2024 7:00,Solar,0.13
7/17/2024 8:00,Solar,0.301
7/17/2024 9:00,Solar,0.493
7/17/2024 10:00,Solar,0.677
7/17/2024 11:00,Solar,0.781
7/17/2024 12:00,Solar,0.839
7/17/2024 13:00,Solar,0.812
7/17/2024 14:00,Solar,0.777
7/17/2024 15:00,Solar,0.698
7/17/2024 16:00,Solar,0.632
7/17/2024 17:00,Solar,0.503
7/17/2024 18:00,Solar,0.334
7/17/2024 19:00,Solar,0.153
7/17/2024 20:00,Solar,0.031
7/17/2024 21:00,Solar,0.002
7/17/2024 22:00,Solar,0.002
7/17/2024 23:00,Solar,0.002
7/18/2024 0:00,Solar,0.002
7/18/2024 1:00,Solar,0.002
7/18/2024 2:00,Solar,0.002
7/18/2024 3:00,Solar,0.002
7/18/2024 4:00,Solar,0.002
7/18/2024 5:00,Solar,0.002
7/18/2024 6:00,Solar,0.007
7/18/2024 7:00,Solar,0.093
7/18/2024 8:00,Solar,0.276
7/18/2024 9:00,Solar,0.39
7/18/2024 10:00,Solar,0.515
7/18/2024 11:00,Solar,0.65
7/18/2024 12:00,Solar,0.649
7/18/2024 13:00,Solar,0.63
7/18/2024 14:00,Solar,0.673
7/18/2024 15:00,Solar,0.579
7/18/2024 16:00,Solar,0.504
7/18/2024 17:00,Solar,0.421
7/18/2024 18:00,Solar,0.376
7/18/2024 19:00,Solar,0.224
7/18/2024 20:00,Solar,0.037
7/18/2024 21:00,Solar,0.001
7/18/2024 22:00,Solar,0.001
7/18/2024 23:00,Solar,0.001
7/19/2024 0:00,Solar,0.001
7/19/2024 1:00,Solar,0.001
7/19/2024 2:00,Solar,0.001
7/19/2024 3:00,Solar,0.001
7/19/2024 4:00,Solar,0.001
7/19/2024 5:00,Solar,0.001
7/19/2024 6:00,Solar,0.011
7/19/2024 7:00,Solar,0.178
7/19/2024 8:00,Solar,0.473
7/19/2024 9:00,Solar,0.647
7/19/2024 10:00,Solar,0.799
7/19/2024 11:00,Solar,0.796
7/19/2024 12:00,Solar,0.792
7/19/2024 13:00,Solar,0.794
7/19/2024 14:00,Solar,0.767
7/19/2024 15:00,Solar,0.737
7/19/2024 16:00,Solar,0.722
7/19/2024 17:00,Solar,0.609
7/19/2024 18:00,Solar,0.449
7/19/2024 19:00,Solar,0.2
7/19/2024 20:00,Solar,0.034
7/19/2024 21:00,Solar,0.001
7/19/2024 22:00,Solar,0.001
7/19/2024 23:00,Solar,0.001
7/20/2024 0:00,Solar,0.001
7/20/2024 1:00,Solar,0.001
7/20/2024 2:00,Solar,0.001
7/20/2024 3:00,Solar,0.001
7/20/2024 4:00,Solar,0.001
7/20/2024 5:00,Solar,0.001
7/20/2024 6:00,Solar,0.005
7/20/2024 7:00,Solar,0.103
7/20/2024 8:00,Solar,0.3
7/20/2024 9:00,Solar,0.424
7/20/2024 10:00,Solar,0.522
7/20/2024 11:00,Solar,0.584
7/20/2024 12:00,Solar,0.659
7/20/2024 13:00,Solar,0.626
7/20/2024 14:00,Solar,0.595
7/20/2024 15:00,Solar,0.576
7/20/2024 16:00,Solar,0.524
7/20/2024 17:00,Solar,0.484
7/20/2024 18:00,Solar,0.366
7/20/2024 19:00,Solar,0.183
7/20/2024 20:00,Solar,0.028
7/20/2024 21:00,Solar,0.001
7/20/2024 22:00,Solar,0.001
7/20/2024 23:00,Solar,0.001
7/21/2024 0:00,Solar,0.001
7/21/2024 1:00,Solar,0.001
7/21/2024 2:00,Solar,0.001
7/21/2024 3:00,Solar,0.001
7/21/2024 4:00,Solar,0.001
7/21/2024 5:00,Solar,0.001
7/21/2024 6:00,Solar,0.009
7/21/2024 7:00,Solar,0.133
7/21/2024 8:00,Solar,0.361
7/21/2024 9:00,Solar,0.562
7/21/2024 10:00,Solar,0.68
7/21/2024 11:00,Solar,0.765
7/21/2024 12:00,Solar,0.826
7/21/2024 13:00,Solar,0.802
7/21/2024 14:00,Solar,0.771
7/21/2024 15:00,Solar,0.74
7/21/2024 16:00,Solar,0.678
7/21/2024 17:00,Solar,0.644
7/21/2024 18:00,Solar,0.477
7/21/2024 19:00,Solar,0.207
7/21/2024 20:00,Solar,0.025
7/21/2024 21:00,Solar,0.001
7/21/2024 22:00,Solar,0.001
7/21/2024 23:00,Solar,0.001
7/22/2024 0:00,Solar,0.001
7/22/2024 1:00,Solar,0.001
7/22/2024 2:00,Solar,0.001
7/22/2024 3:00,Solar,0.001
7/22/2024 4:00,Solar,0.001
7/22/2024 5:00,Solar,0.001
7/22/2024 6:00,Solar,0.002
7/22/2024 7:00,Solar,0.044
7/22/2024 8:00,Solar,0.117
7/22/2024 9:00,Solar,0.2
7/22/2024 10:00,Solar,0.346
7/22/2024 11:00,Solar,0.509
7/22/2024 12:00,Solar,0.612
7/22/2024 13:00,Solar,0.637
7/22/2024 14:00,Solar,0.683
7/22/2024 15:00,Solar,0.586
7/22/2024 16:00,Solar,0.431
7/22/2024 17:00,Solar,0.338
7/22/2024 18:00,Solar,0.252
7/22/2024 19:00,Solar,0.128
7/22/2024 20:00,Solar,0.025
7/22/2024 21:00,Solar,0.001
7/22/2024 22:00,Solar,0.001
7/22/2024 23:00,Solar,0.001
7/23/2024 0:00,Solar,0.001
7/23/2024 1:00,Solar,0.001
7/23/2024 2:00,Solar,0.001
7/23/2024 3:00,Solar,0.001
7/23/2024 4:00,Solar,0.001
7/23/2024 5:00,Solar,0.001
7/23/2024 6:00,Solar,0.009
7/23/2024 7:00,Solar,0.129
7/23/2024 8:00,Solar,0.394
7/23/2024 9:00,Solar,0.633
7/23/2024 10:00,Solar,0.731
7/23/2024 11:00,Solar,0.813
7/23/2024 12:00,Solar,0.796
7/23/2024 13:00,Solar,0.772
7/23/2024 14:00,Solar,0.701
7/23/2024 15:00,Solar,0.643
7/23/2024 16:00,Solar,0.545
7/23/2024 17:00,Solar,0.402
7/23/2024 18:00,Solar,0.231
7/23/2024 19:00,Solar,0.115
7/23/2024 20:00,Solar,0.031
7/23/2024 21:00,Solar,0.012
7/23/2024 22:00,Solar,0.002
7/23/2024 23:00,Solar,0.001
7/24/2024 0:00,Solar,0.001
7/24/2024 1:00,Solar,0.001
7/24/2024 2:00,Solar,0.001
7/24/2024 3:00,Solar,0.001
7/24/2024 4:00,Solar,0.001
7/24/2024 5:00,Solar,0.001
7/24/2024 6:00,Solar,0.003
7/24/2024 7:00,Solar,0.066
7/24/2024 8:00,Solar,0.216
7/24/2024 9:00,Solar,0.363
7/24/2024 10:00,Solar,0.52
7/24/2024 11:00,Solar,0.584
7/24/2024 12:00,Solar,0.629
7/24/2024 13:00,Solar,0.679
7/24/2024 14:00,Solar,0.687
7/24/2024 15:00,Solar,0.64
7/24/2024 16:00,Solar,0.576
7/24/2024 17:00,Solar,0.475
7/24/2024 18:00,Solar,0.34
7/24/2024 19:00,Solar,0.135
7/24/2024 20:00,Solar,0.017
7/24/2024 21:00,Solar,0.001
7/24/2024 22:00,Solar,0.001
7/24/2024 23:00,Solar,0.001
7/25/2024 0:00,Solar,0.001
7/25/2024 1:00,Solar,0.001
7/25/2024 2:00,Solar,0.001
7/25/2024 3:00,Solar,0.001
7/25/2024 4:00,Solar,0.001
7/25/2024 5:00,Solar,0.001
7/25/2024 6:00,Solar,0.003
7/25/2024 7:00,Solar,0.058
7/25/2024 8:00,Solar,0.184
7/25/2024 9:00,Solar,0.331
7/25/2024 10:00,Solar,0.421
7/25/2024 11:00,Solar,0.518
7/25/2024 12:00,Solar,0.595
7/25/2024 13:00,Solar,0.622
7/25/2024 14:00,Solar,0.613
7/25/2024 15:00,Solar,0.593
7/25/2024 16:00,Solar,0.5
7/25/2024 17:00,Solar,0.438
7/25/2024 18:00,Solar,0.35
7/25/2024 19:00,Solar,0.181
7/25/2024 20:00,Solar,0.028
7/25/2024 21:00,Solar,0.001
7/25/2024 22:00,Solar,0.001
7/25/2024 23:00,Solar,0.001
7/26/2024 0:00,Solar,0.001
7/26/2024 1:00,Solar,0.001
7/26/2024 2:00,Solar,0.001
7/26/2024 3:00,Solar,0.001
7/26/2024 4:00,Solar,0.001
7/26/2024 5:00,Solar,0.001
7/26/2024 6:00,Solar,0.006
7/26/2024 7:00,Solar,0.12
7/26/2024 8:00,Solar,0.366
7/26/2024 9:00,Solar,0.556
7/26/2024 10:00,Solar,0.688
7/26/2024 11:00,Solar,0.787
7/26/2024 12:00,Solar,0.831
7/26/2024 13:00,Solar,0.806
7/26/2024 14:00,Solar,0.782
7/26/2024 15:00,Solar,0.718
7/26/2024 16:00,Solar,0.632
7/26/2024 17:00,Solar,0.492
7/26/2024 18:00,Solar,0.374
7/26/2024 19:00,Solar,0.18
7/26/2024 20:00,Solar,0.023
7/26/2024 21:00,Solar,0.001
7/26/2024 22:00,Solar,0.001
7/26/2024 23:00,Solar,0.001
7/27/2024 0:00,Solar,0.001
7/27/2024 1:00,Solar,0.001
7/27/2024 2:00,Solar,0.001
7/27/2024 3:00,Solar,0.001
7/27/2024 4:00,Solar,0.001
7/27/2024 5:00,Solar,0.001
7/27/2024 6:00,Solar,0.007
7/27/2024 7:00,Solar,0.17
7/27/2024 8:00,Solar,0.545
7/27/2024 9:00,Solar,0.822
7/27/2024 10:00,Solar,0.945
7/27/2024 11:00,Solar,0.985
7/27/2024 12:00,Solar,0.97
7/27/2024 13:00,Solar,0.969
7/27/2024 14:00,Solar,0.936
7/27/2024 15:00,Solar,0.928
7/27/2024 16:00,Solar,0.896
7/27/2024 17:00,Solar,0.819
7/27/2024 18:00,Solar,0.618
7/27/2024 19:00,Solar,0.251
7/27/2024 20:00,Solar,0.025
7/27/2024 21:00,Solar,0.001
7/27/2024 22:00,Solar,0.001
7/27/2024 23:00,Solar,0.001
7/28/2024 0:00,Solar,0.001
7/28/2024 1:00,Solar,0.001
7/28/2024 2:00,Solar,0.001
7/28/2024 3:00,Solar,0.001
7/28/2024 4:00,Solar,0.001
7/28/2024 5:00,Solar,0.001
7/28/2024 6:00,Solar,0.01
7/28/2024 7:00,Solar,0.206
7/28/2024 8:00,Solar,0.602
7/28/2024 9:00,Solar,0.833
7/28/2024 10:00,Solar,0.934
7/28/2024 11:00,Solar,0.957
7/28/2024 12:00,Solar,0.919
7/28/2024 13:00,Solar,0.884
7/28/2024 14:00,Solar,0.837
7/28/2024 15:00,Solar,0.797
7/28/2024 16:00,Solar,0.726
7/28/2024 17:00,Solar,0.621
7/28/2024 18:00,Solar,0.418
7/28/2024 19:00,Solar,0.14
7/28/2024 20:00,Solar,0.013
7/28/2024 21:00,Solar,0.001
7/28/2024 22:00,Solar,0.001
7/28/2024 23:00,Solar,0.001
7/29/2024 0:00,Solar,0.001
7/29/2024 1:00,Solar,0.001
7/29/2024 2:00,Solar,0.001
7/29/2024 3:00,Solar,0.001
7/29/2024 4:00,Solar,0.001
7/29/2024 5:00,Solar,0.001
7/29/2024 6:00,Solar,0.006
7/29/2024 7:00,Solar,0.127
7/29/2024 8:00,Solar,0.365
7/29/2024 9:00,Solar,0.527
7/29/2024 10:00,Solar,0.603
7/29/2024 11:00,Solar,0.669
7/29/2024 12:00,Solar,0.693
7/29/2024 13:00,Solar,0.714
7/29/2024 14:00,Solar,0.695
7/29/2024 15:00,Solar,0.647
7/29/2024 16:00,Solar,0.524
7/29/2024 17:00,Solar,0.429
7/29/2024 18:00,Solar,0.268
7/29/2024 19:00,Solar,0.113
7/29/2024 20:00,Solar,0.014
7/29/2024 21:00,Solar,0.001
7/29/2024 22:00,Solar,0.001
7/29/2024 23:00,Solar,0.001
7/30/2024 0:00,Solar,0.001
7/30/2024 1:00,Solar,0.001
7/30/2024 2:00,Solar,0.001
7/30/2024 3:00,Solar,0.001
7/30/2024 4:00,Solar,0.001
7/30/2024 5:00,Solar,0.001
7/30/2024 6:00,Solar,0.003
7/30/2024 7:00,Solar,0.073
7/30/2024 8:00,Solar,0.24
7/30/2024 9:00,Solar,0.405
7/30/2024 10:00,Solar,0.597
7/30/2024 11:00,Solar,0.722
7/30/2024 12:00,Solar,0.794
7/30/2024 13:00,Solar,0.806
7/30/2024 14:00,Solar,0.818
7/30/2024 15:00,Solar,0.765
7/30/2024 16:00,Solar,0.718
7/30/2024 17:00,Solar,0.61
7/30/2024 18:00,Solar,0.395
7/30/2024 19:00,Solar,0.161
7/30/2024 20:00,Solar,0.019
7/30/2024 21:00,Solar,0.001
7/30/2024 22:00,Solar,0.001
7/30/2024 23:00,Solar,0.001
7/31/2024 0:00,Solar,0.001
7/31/2024 1:00,Solar,0.001
7/31/2024 2:00,Solar,0.001
7/31/2024 3:00,Solar,0.001
7/31/2024 4:00,Solar,0.001
7/31/2024 5:00,Solar,0.001
7/31/2024 6:00,Solar,0.005
7/31/2024 7:00,Solar,0.121
7/31/2024 8:00,Solar,0.411
7/31/2024 9:00,Solar,0.658
7/31/2024 10:00,Solar,0.805
7/31/2024 11:00,Solar,0.886
7/31/2024 12:00,Solar,0.877
7/31/2024 13:00,Solar,0.838
7/31/2024 14:00,Solar,0.82
7/31/2024 15:00,Solar,0.795
7/31/2024 16:00,Solar,0.731
7/31/2024 17:00,Solar,0.583
7/31/2024 18:00,Solar,0.366
7/31/2024 19:00,Solar,0.139
7/31/2024 20:00,Solar,0.019
7/31/2024 21:00,Solar,0.001
7/31/2024 22:00,Solar,0.001
7/31/2024 23:00,Solar,0.001
8/1/2024 0:00,Solar,0.001
8/1/2024 1:00,Solar,0.001
8/1/2024 2:00,Solar,0.001
8/1/2024 3:00,Solar,0.001
8/1/2024 4:00,Solar,0.001
8/1/2024 5:00,Solar,0.001
8/1/2024 6:00,Solar,0.006
8/1/2024 7:00,Solar,0.154
8/1/2024 8:00,Solar,0.486
8/1/2024 9:00,Solar,0.706
8/1/2024 10:00,Solar,0.788
8/1/2024 11:00,Solar,0.859
8/1/2024 12:00,Solar,0.842
8/1/2024 13:00,Solar,0.867
8/1/2024 14:00,Solar,0.814
8/1/2024 15:00,Solar,0.81
8/1/2024 16:00,Solar,0.734
8/1/2024 17:00,Solar,0.63
8/1/2024 18:00,Solar,0.392
8/1/2024 19:00,Solar,0.104
8/1/2024 20:00,Solar,0.005
8/1/2024 21:00,Solar,0.001
8/1/2024 22:00,Solar,0.001
8/1/2024 23:00,Solar,0.001
8/2/2024 0:00,Solar,0.001
8/2/2024 1:00,Solar,0.001
8/2/2024 2:00,Solar,0.001
8/2/2024 3:00,Solar,0.001
8/2/2024 4:00,Solar,0.001
8/2/2024 5:00,Solar,0.001
8/2/2024 6:00,Solar,0.006
8/2/2024 7:00,Solar,0.119
8/2/2024 8:00,Solar,0.367
8/2/2024 9:00,Solar,0.54
8/2/2024 10:00,Solar,0.626
8/2/2024 11:00,Solar,0.69
8/2/2024 12:00,Solar,0.727
8/2/2024 13:00,Solar,0.768
8/2/2024 14:00,Solar,0.764
8/2/2024 15:00,Solar,0.705
8/2/2024 16:00,Solar,0.61
8/2/2024 17:00,Solar,0.47
8/2/2024 18:00,Solar,0.206
8/2/2024 19:00,Solar,0.059
8/2/2024 20:00,Solar,0.01
8/2/2024 21:00,Solar,0.002
8/2/2024 22:00,Solar,0.002
8/2/2024 23:00,Solar,0.002
8/3/2024 0:00,Solar,0.002
8/3/2024 1:00,Solar,0.002
8/3/2024 2:00,Solar,0.002
8/3/2024 3:00,Solar,0.002
8/3/2024 4:00,Solar,0.002
8/3/2024 5:00,Solar,0.002
8/3/2024 6:00,Solar,0.006
8/3/2024 7:00,Solar,0.093
8/3/2024 8:00,Solar,0.28
8/3/2024 9:00,Solar,0.465
8/3/2024 10:00,Solar,0.635
8/3/2024 11:00,Solar,0.77
8/3/2024 12:00,Solar,0.804
8/3/2024 13:00,Solar,0.818
8/3/2024 14:00,Solar,0.755
8/3/2024 15:00,Solar,0.701
8/3/2024 16:00,Solar,0.561
8/3/2024 17:00,Solar,0.377
8/3/2024 18:00,Solar,0.254
8/3/2024 19:00,Solar,0.112
8/3/2024 20:00,Solar,0.017
8/3/2024 21:00,Solar,0.002
8/3/2024 22:00,Solar,0.002
8/3/2024 23:00,Solar,0.002
8/4/2024 0:00,Solar,0.002
8/4/2024 1:00,Solar,0.002
8/4/2024 2:00,Solar,0.002
8/4/2024 3:00,Solar,0.002
8/4/2024 4:00,Solar,0.002
8/4/2024 5:00,Solar,0.002
8/4/2024 6:00,Solar,0.004
8/4/2024 7:00,Solar,0.077
8/4/2024 8:00,Solar,0.327
8/4/2024 9:00,Solar,0.53
8/4/2024 10:00,Solar,0.646
8/4/2024 11:00,Solar,0.723
8/4/2024 12:00,Solar,0.786
8/4/2024 13:00,Solar,0.76
8/4/2024 14:00,Solar,0.772
8/4/2024 15:00,Solar,0.726
8/4/2024 16:00,Solar,0.59
8/4/2024 17:00,Solar,0.568
8/4/2024 18:00,Solar,0.401
8/4/2024 19:00,Solar,0.138
8/4/2024 20:00,Solar,0.013
8/4/2024 21:00,Solar,0.002
8/4/2024 22:00,Solar,0.002
8/4/2024 23:00,Solar,0.002
8/5/2024 0:00,Solar,0.002
8/5/2024 1:00,Solar,0.002
8/5/2024 2:00,Solar,0.002
8/5/2024 3:00,Solar,0.002
8/5/2024 4:00,Solar,0.002
8/5/2024 5:00,Solar,0.002
8/5/2024 6:00,Solar,0.004
8/5/2024 7:00,Solar,0.092
8/5/2024 8:00,Solar,0.362
8/5/2024 9:00,Solar,0.601
8/5/2024 10:00,Solar,0.757
8/5/2024 11:00,Solar,0.832
8/5/2024 12:00,Solar,0.856
8/5/2024 13:00,Solar,0.873
8/5/2024 14:00,Solar,0.855
8/5/2024 15:00,Solar,0.808
8/5/2024 16:00,Solar,0.72
8/5/2024 17:00,Solar,0.576
8/5/2024 18:00,Solar,0.371
8/5/2024 19:00,Solar,0.145
8/5/2024 20:00,Solar,0.012
8/5/2024 21:00,Solar,0.002
8/5/2024 22:00,Solar,0.002
8/5/2024 23:00,Solar,0.002
8/6/2024 0:00,Solar,0.002
8/6/2024 1:00,Solar,0.002
8/6/2024 2:00,Solar,0.002
8/6/2024 3:00,Solar,0.002
8/6/2024 4:00,Solar,0.002
8/6/2024 5:00,Solar,0.002
8/6/2024 6:00,Solar,0.005
8/6/2024 7:00,Solar,0.114
8/6/2024 8:00,Solar,0.415
8/6/2024 9:00,Solar,0.594
8/6/2024 10:00,Solar,0.722
8/6/2024 11:00,Solar,0.795
8/6/2024 12:00,Solar,0.764
8/6/2024 13:00,Solar,0.746
8/6/2024 14:00,Solar,0.677
8/6/2024 15:00,Solar,0.604
8/6/2024 16:00,Solar,0.534
8/6/2024 17:00,Solar,0.447
8/6/2024 18:00,Solar,0.28
8/6/2024 19:00,Solar,0.087
8/6/2024 20:00,Solar,0.005
8/6/2024 21:00,Solar,0.002
8/6/2024 22:00,Solar,0.002
8/6/2024 23:00,Solar,0.002
8/7/2024 0:00,Solar,0.002
8/7/2024 1:00,Solar,0.002
8/7/2024 2:00,Solar,0.002
8/7/2024 3:00,Solar,0.002
8/7/2024 4:00,Solar,0.002
8/7/2024 5:00,Solar,0.002
8/7/2024 6:00,Solar,0.002
8/7/2024 7:00,Solar,0.036
8/7/2024 8:00,Solar,0.128
8/7/2024 9:00,Solar,0.247
8/7/2024 10:00,Solar,0.361
8/7/2024 11:00,Solar,0.434
8/7/2024 12:00,Solar,0.52
8/7/2024 13:00,Solar,0.556
8/7/2024 14:00,Solar,0.547
8/7/2024 15:00,Solar,0.445
8/7/2024 16:00,Solar,0.404
8/7/2024 17:00,Solar,0.368
8/7/2024 18:00,Solar,0.3
8/7/2024 19:00,Solar,0.13
8/7/2024 20:00,Solar,0.015
8/7/2024 21:00,Solar,0.002
8/7/2024 22:00,Solar,0.002
8/7/2024 23:00,Solar,0.002
8/8/2024 0:00,Solar,0.002
8/8/2024 1:00,Solar,0.002
8/8/2024 2:00,Solar,0.002
8/8/2024 3:00,Solar,0.002
8/8/2024 4:00,Solar,0.002
8/8/2024 5:00,Solar,0.002
8/8/2024 6:00,Solar,0.002
8/8/2024 7:00,Solar,0.026
8/8/2024 8:00,Solar,0.108
8/8/2024 9:00,Solar,0.179
8/8/2024 10:00,Solar,0.291
8/8/2024 11:00,Solar,0.358
8/8/2024 12:00,Solar,0.404
8/8/2024 13:00,Solar,0.359
8/8/2024 14:00,Solar,0.291
8/8/2024 15:00,Solar,0.32
8/8/2024 16:00,Solar,0.297
8/8/2024 17:00,Solar,0.236
8/8/2024 18:00,Solar,0.159
8/8/2024 19:00,Solar,0.07
8/8/2024 20:00,Solar,0.012
8/8/2024 21:00,Solar,0.002
8/8/2024 22:00,Solar,0.002
8/8/2024 23:00,Solar,0.002
8/9/2024 0:00,Solar,0.002
8/9/2024 1:00,Solar,0.002
8/9/2024 2:00,Solar,0.002
8/9/2024 3:00,Solar,0.002
8/9/2024 4:00,Solar,0.002
8/9/2024 5:00,Solar,0.002
8/9/2024 6:00,Solar,0.002
8/9/2024 7:00,Solar,0.033
8/9/2024 8:00,Solar,0.206
8/9/2024 9:00,Solar,0.38
8/9/2024 10:00,Solar,0.481
8/9/2024 11:00,Solar,0.513
8/9/2024 12:00,Solar,0.573
8/9/2024 13:00,Solar,0.626
8/9/2024 14:00,Solar,0.63
8/9/2024 15:00,Solar,0.592
8/9/2024 16:00,Solar,0.607
8/9/2024 17:00,Solar,0.578
8/9/2024 18:00,Solar,0.456
8/9/2024 19:00,Solar,0.176
8/9/2024 20:00,Solar,0.015
8/9/2024 21:00,Solar,0.002
8/9/2024 22:00,Solar,0.002
8/9/2024 23:00,Solar,0.002
8/10/2024 0:00,Solar,0.002
8/10/2024 1:00,Solar,0.002
8/10/2024 2:00,Solar,0.002
8/10/2024 3:00,Solar,0.002
8/10/2024 4:00,Solar,0.002
8/10/2024 5:00,Solar,0.003
8/10/2024 6:00,Solar,0.004
8/10/2024 7:00,Solar,0.124
8/10/2024 8:00,Solar,0.47
8/10/2024 9:00,Solar,0.717
8/10/2024 10:00,Solar,0.817
8/10/2024 11:00,Solar,0.813
8/10/2024 12:00,Solar,0.802
8/10/2024 13:00,Solar,0.815
8/10/2024 14:00,Solar,0.795
8/10/2024 15:00,Solar,0.798
8/10/2024 16:00,Solar,0.779
8/10/2024 17:00,Solar,0.704
8/10/2024 18:00,Solar,0.512
8/10/2024 19:00,Solar,0.194
8/10/2024 20:00,Solar,0.017
8/10/2024 21:00,Solar,0.002
8/10/2024 22:00,Solar,0.002
8/10/2024 23:00,Solar,0.002
8/11/2024 0:00,Solar,0.002
8/11/2024 1:00,Solar,0.002
8/11/2024 2:00,Solar,0.002
8/11/2024 3:00,Solar,0.002
8/11/2024 4:00,Solar,0.002
8/11/2024 5:00,Solar,0.002
8/11/2024 6:00,Solar,0.004
8/11/2024 7:00,Solar,0.112
8/11/2024 8:00,Solar,0.436
8/11/2024 9:00,Solar,0.683
8/11/2024 10:00,Solar,0.837
8/11/2024 11:00,Solar,0.832
8/11/2024 12:00,Solar,0.853
8/11/2024 13:00,Solar,0.847
8/11/2024 14:00,Solar,0.857
8/11/2024 15:00,Solar,0.848
8/11/2024 16:00,Solar,0.767
8/11/2024 17:00,Solar,0.65
8/11/2024 18:00,Solar,0.452
8/11/2024 19:00,Solar,0.159
8/11/2024 20:00,Solar,0.013
8/11/2024 21:00,Solar,0.002
8/11/2024 22:00,Solar,0.002
8/11/2024 23:00,Solar,0.002
8/12/2024 0:00,Solar,0.002
8/12/2024 1:00,Solar,0.002
8/12/2024 2:00,Solar,0.002
8/12/2024 3:00,Solar,0.002
8/12/2024 4:00,Solar,0.002
8/12/2024 5:00,Solar,0.002
8/12/2024 6:00,Solar,0.004
8/12/2024 7:00,Solar,0.138
8/12/2024 8:00,Solar,0.51
8/12/2024 9:00,Solar,0.757
8/12/2024 10:00,Solar,0.826
8/12/2024 11:00,Solar,0.828
8/12/2024 12:00,Solar,0.815
8/12/2024 13:00,Solar,0.805
8/12/2024 14:00,Solar,0.798
8/12/2024 15:00,Solar,0.778
8/12/2024 16:00,Solar,0.741
8/12/2024 17:00,Solar,0.679
8/12/2024 18:00,Solar,0.472
8/12/2024 19:00,Solar,0.149
8/12/2024 20:00,Solar,0.009
8/12/2024 21:00,Solar,0.002
8/12/2024 22:00,Solar,0.002
8/12/2024 23:00,Solar,0.002
8/13/2024 0:00,Solar,0.002
8/13/2024 1:00,Solar,0.002
8/13/2024 2:00,Solar,0.002
8/13/2024 3:00,Solar,0.002
8/13/2024 4:00,Solar,0.002
8/13/2024 5:00,Solar,0.002
8/13/2024 6:00,Solar,0.003
8/13/2024 7:00,Solar,0.068
8/13/2024 8:00,Solar,0.325
8/13/2024 9:00,Solar,0.599
8/13/2024 10:00,Solar,0.715
8/13/2024 11:00,Solar,0.788
8/13/2024 12:00,Solar,0.767
8/13/2024 13:00,Solar,0.742
8/13/2024 14:00,Solar,0.702
8/13/2024 15:00,Solar,0.676
8/13/2024 16:00,Solar,0.596
8/13/2024 17:00,Solar,0.532
8/13/2024 18:00,Solar,0.358
8/13/2024 19:00,Solar,0.136
8/13/2024 20:00,Solar,0.011
8/13/2024 21:00,Solar,0.002
8/13/2024 22:00,Solar,0.002
8/13/2024 23:00,Solar,0.002
8/14/2024 0:00,Solar,0.002
8/14/2024 1:00,Solar,0.002
8/14/2024 2:00,Solar,0.002
8/14/2024 3:00,Solar,0.002
8/14/2024 4:00,Solar,0.002
8/14/2024 5:00,Solar,0.002
8/14/2024 6:00,Solar,0.004
8/14/2024 7:00,Solar,0.154
8/14/2024 8:00,Solar,0.577
8/14/2024 9:00,Solar,0.855
8/14/2024 10:00,Solar,0.946
8/14/2024 11:00,Solar,0.964
8/14/2024 12:00,Solar,0.956
8/14/2024 13:00,Solar,0.913
8/14/2024 14:00,Solar,0.869
8/14/2024 15:00,Solar,0.841
8/14/2024 16:00,Solar,0.817
8/14/2024 17:00,Solar,0.732
8/14/2024 18:00,Solar,0.503
8/14/2024 19:00,Solar,0.156
8/14/2024 20:00,Solar,0.009
8/14/2024 21:00,Solar,0.003
8/14/2024 22:00,Solar,0.003
8/14/2024 23:00,Solar,0.003
8/15/2024 0:00,Solar,0.003
8/15/2024 1:00,Solar,0.003
8/15/2024 2:00,Solar,0.003
8/15/2024 3:00,Solar,0.003
8/15/2024 4:00,Solar,0.003
8/15/2024 5:00,Solar,0.003
8/15/2024 6:00,Solar,0.004
8/15/2024 7:00,Solar,0.131
8/15/2024 8:00,Solar,0.476
8/15/2024 9:00,Solar,0.672
8/15/2024 10:00,Solar,0.796
8/15/2024 11:00,Solar,0.871
8/15/2024 12:00,Solar,0.852
8/15/2024 13:00,Solar,0.801
8/15/2024 14:00,Solar,0.748
8/15/2024 15:00,Solar,0.713
8/15/2024 16:00,Solar,0.653
8/15/2024 17:00,Solar,0.546
8/15/2024 18:00,Solar,0.328
8/15/2024 19:00,Solar,0.084
8/15/2024 20:00,Solar,0.007
8/15/2024 21:00,Solar,0.003
8/15/2024 22:00,Solar,0.003
8/15/2024 23:00,Solar,0.003
8/16/2024 0:00,Solar,0.003
8/16/2024 1:00,Solar,0.003
8/16/2024 2:00,Solar,0.003
8/16/2024 3:00,Solar,0.003
8/16/2024 4:00,Solar,0.003
8/16/2024 5:00,Solar,0.003
8/16/2024 6:00,Solar,0.004
8/16/2024 7:00,Solar,0.099
8/16/2024 8:00,Solar,0.34
8/16/2024 9:00,Solar,0.527
8/16/2024 10:00,Solar,0.652
8/16/2024 11:00,Solar,0.725
8/16/2024 12:00,Solar,0.762
8/16/2024 13:00,Solar,0.829
8/16/2024 14:00,Solar,0.779
8/16/2024 15:00,Solar,0.721
8/16/2024 16:00,Solar,0.663
8/16/2024 17:00,Solar,0.547
8/16/2024 18:00,Solar,0.342
8/16/2024 19:00,Solar,0.089
8/16/2024 20:00,Solar,0.008
8/16/2024 21:00,Solar,0.002
8/16/2024 22:00,Solar,0.002
8/16/2024 23:00,Solar,0.002
8/17/2024 0:00,Solar,0.002
8/17/2024 1:00,Solar,0.002
8/17/2024 2:00,Solar,0.002
8/17/2024 3:00,Solar,0.002
8/17/2024 4:00,Solar,0.002
8/17/2024 5:00,Solar,0.002
8/17/2024 6:00,Solar,0.002
8/17/2024 7:00,Solar,0.063
8/17/2024 8:00,Solar,0.259
8/17/2024 9:00,Solar,0.473
8/17/2024 10:00,Solar,0.637
8/17/2024 11:00,Solar,0.695
8/17/2024 12:00,Solar,0.747
8/17/2024 13:00,Solar,0.727
8/17/2024 14:00,Solar,0.666
8/17/2024 15:00,Solar,0.634
8/17/2024 16:00,Solar,0.592
8/17/2024 17:00,Solar,0.578
8/17/2024 18:00,Solar,0.373
8/17/2024 19:00,Solar,0.081
8/17/2024 20:00,Solar,0.005
8/17/2024 21:00,Solar,0.002
8/17/2024 22:00,Solar,0.002
8/17/2024 23:00,Solar,0.001
8/18/2024 0:00,Solar,0.001
8/18/2024 1:00,Solar,0.001
8/18/2024 2:00,Solar,0.001
8/18/2024 3:00,Solar,0.001
8/18/2024 4:00,Solar,0.001
8/18/2024 5:00,Solar,0.001
8/18/2024 6:00,Solar,0.001
8/18/2024 7:00,Solar,0.064
8/18/2024 8:00,Solar,0.297
8/18/2024 9:00,Solar,0.458
8/18/2024 10:00,Solar,0.514
8/18/2024 11:00,Solar,0.634
8/18/2024 12:00,Solar,0.708
8/18/2024 13:00,Solar,0.754
8/18/2024 14:00,Solar,0.763
8/18/2024 15:00,Solar,0.77
8/18/2024 16:00,Solar,0.638
8/18/2024 17:00,Solar,0.548
8/18/2024 18:00,Solar,0.358
8/18/2024 19:00,Solar,0.103
8/18/2024 20:00,Solar,0.003
8/18/2024 21:00,Solar,0.001
8/18/2024 22:00,Solar,0.001
8/18/2024 23:00,Solar,0.001
8/19/2024 0:00,Solar,0.001
8/19/2024 1:00,Solar,0.001
8/19/2024 2:00,Solar,0.001
8/19/2024 3:00,Solar,0.001
8/19/2024 4:00,Solar,0.001
8/19/2024 5:00,Solar,0.001
8/19/2024 6:00,Solar,0.001
8/19/2024 7:00,Solar,0.081
8/19/2024 8:00,Solar,0.374
8/19/2024 9:00,Solar,0.625
8/19/2024 10:00,Solar,0.7
8/19/2024 11:00,Solar,0.756
8/19/2024 12:00,Solar,0.785
8/19/2024 13:00,Solar,0.754
8/19/2024 14:00,Solar,0.695
8/19/2024 15:00,Solar,0.581
8/19/2024 16:00,Solar,0.553
8/19/2024 17:00,Solar,0.45
8/19/2024 18:00,Solar,0.231
8/19/2024 19:00,Solar,0.091
8/19/2024 20:00,Solar,0.005
8/19/2024 21:00,Solar,0.001
8/19/2024 22:00,Solar,0.001
8/19/2024 23:00,Solar,0.001
8/20/2024 0:00,Solar,0.001
8/20/2024 1:00,Solar,0.001
8/20/2024 2:00,Solar,0.001
8/20/2024 3:00,Solar,0.001
8/20/2024 4:00,Solar,0.001
8/20/2024 5:00,Solar,0.001
8/20/2024 6:00,Solar,0.002
8/20/2024 7:00,Solar,0.103
8/20/2024 8:00,Solar,0.434
8/20/2024 9:00,Solar,0.654
8/20/2024 10:00,Solar,0.728
8/20/2024 11:00,Solar,0.751
8/20/2024 12:00,Solar,0.762
8/20/2024 13:00,Solar,0.762
8/20/2024 14:00,Solar,0.708
8/20/2024 15:00,Solar,0.694
8/20/2024 16:00,Solar,0.632
8/20/2024 17:00,Solar,0.542
8/20/2024 18:00,Solar,0.359
8/20/2024 19:00,Solar,0.108
8/20/2024 20:00,Solar,0.004
8/20/2024 21:00,Solar,0.001
8/20/2024 22:00,Solar,0.001
8/20/2024 23:00,Solar,0.001
8/21/2024 0:00,Solar,0.001
8/21/2024 1:00,Solar,0.001
8/21/2024 2:00,Solar,0.001
8/21/2024 3:00,Solar,0.001
8/21/2024 4:00,Solar,0.001
8/21/2024 5:00,Solar,0.001
8/21/2024 6:00,Solar,0.002
8/21/2024 7:00,Solar,0.138
8/21/2024 8:00,Solar,0.572
8/21/2024 9:00,Solar,0.86
8/21/2024 10:00,Solar,0.946
8/21/2024 11:00,Solar,0.965
8/21/2024 12:00,Solar,0.953
8/21/2024 13:00,Solar,0.944
8/21/2024 14:00,Solar,0.921
8/21/2024 15:00,Solar,0.914
8/21/2024 16:00,Solar,0.872
8/21/2024 17:00,Solar,0.774
8/21/2024 18:00,Solar,0.482
8/21/2024 19:00,Solar,0.129
8/21/2024 20:00,Solar,0.006
8/21/2024 21:00,Solar,0.002
8/21/2024 22:00,Solar,0.002
8/21/2024 23:00,Solar,0.001
8/22/2024 0:00,Solar,0.001
8/22/2024 1:00,Solar,0.001
8/22/2024 2:00,Solar,0.001
8/22/2024 3:00,Solar,0.001
8/22/2024 4:00,Solar,0.001
8/22/2024 5:00,Solar,0.001
8/22/2024 6:00,Solar,0.002
8/22/2024 7:00,Solar,0.131
8/22/2024 8:00,Solar,0.559
8/22/2024 9:00,Solar,0.846
8/22/2024 10:00,Solar,0.938
8/22/2024 11:00,Solar,0.96
8/22/2024 12:00,Solar,0.939
8/22/2024 13:00,Solar,0.895
8/22/2024 14:00,Solar,0.886
8/22/2024 15:00,Solar,0.855
8/22/2024 16:00,Solar,0.838
8/22/2024 17:00,Solar,0.771
8/22/2024 18:00,Solar,0.491
8/22/2024 19:00,Solar,0.115
8/22/2024 20:00,Solar,0.005
8/22/2024 21:00,Solar,0.002
8/22/2024 22:00,Solar,0.002
8/22/2024 23:00,Solar,0.002
8/23/2024 0:00,Solar,0.002
8/23/2024 1:00,Solar,0.002
8/23/2024 2:00,Solar,0.002
8/23/2024 3:00,Solar,0.002
8/23/2024 4:00,Solar,0.002
8/23/2024 5:00,Solar,0.002
8/23/2024 6:00,Solar,0.002
8/23/2024 7:00,Solar,0.107
8/23/2024 8:00,Solar,0.498
8/23/2024 9:00,Solar,0.813
8/23/2024 10:00,Solar,0.91
8/23/2024 11:00,Solar,0.947
8/23/2024 12:00,Solar,0.95
8/23/2024 13:00,Solar,0.947
8/23/2024 14:00,Solar,0.942
8/23/2024 15:00,Solar,0.898
8/23/2024 16:00,Solar,0.832
8/23/2024 17:00,Solar,0.727
8/23/2024 18:00,Solar,0.464
8/23/2024 19:00,Solar,0.105
8/23/2024 20:00,Solar,0.005
8/23/2024 21:00,Solar,0.001
8/23/2024 22:00,Solar,0.001
8/23/2024 23:00,Solar,0.001
8/24/2024 0:00,Solar,0.001
8/24/2024 1:00,Solar,0.001
8/24/2024 2:00,Solar,0.001
8/24/2024 3:00,Solar,0.001
8/24/2024 4:00,Solar,0.001
8/24/2024 5:00,Solar,0.001
8/24/2024 6:00,Solar,0.002
8/24/2024 7:00,Solar,0.118
8/24/2024 8:00,Solar,0.494
8/24/2024 9:00,Solar,0.777
8/24/2024 10:00,Solar,0.913
8/24/2024 11:00,Solar,0.957
8/24/2024 12:00,Solar,0.948
8/24/2024 13:00,Solar,0.944
8/24/2024 14:00,Solar,0.936
8/24/2024 15:00,Solar,0.915
8/24/2024 16:00,Solar,0.868
8/24/2024 17:00,Solar,0.757
8/24/2024 18:00,Solar,0.458
8/24/2024 19:00,Solar,0.098
8/24/2024 20:00,Solar,0.002
8/24/2024 21:00,Solar,0.001
8/24/2024 22:00,Solar,0.001
8/24/2024 23:00,Solar,0.001
8/25/2024 0:00,Solar,0.001
8/25/2024 1:00,Solar,0.001
8/25/2024 2:00,Solar,0.001
8/25/2024 3:00,Solar,0.001
8/25/2024 4:00,Solar,0.001
8/25/2024 5:00,Solar,0.001
8/25/2024 6:00,Solar,0.001
8/25/2024 7:00,Solar,0.095
8/25/2024 8:00,Solar,0.469
8/25/2024 9:00,Solar,0.784
8/25/2024 10:00,Solar,0.895
8/25/2024 11:00,Solar,0.939
8/25/2024 12:00,Solar,0.935
8/25/2024 13:00,Solar,0.9
8/25/2024 14:00,Solar,0.891
8/25/2024 15:00,Solar,0.865
8/25/2024 16:00,Solar,0.825
8/25/2024 17:00,Solar,0.68
8/25/2024 18:00,Solar,0.385
8/25/2024 19:00,Solar,0.095
8/25/2024 20:00,Solar,0.003
8/25/2024 21:00,Solar,0.001
8/25/2024 22:00,Solar,0.001
8/25/2024 23:00,Solar,0.001
8/26/2024 0:00,Solar,0.001
8/26/2024 1:00,Solar,0.001
8/26/2024 2:00,Solar,0.001
8/26/2024 3:00,Solar,0.001
8/26/2024 4:00,Solar,0.001
8/26/2024 5:00,Solar,0.001
8/26/2024 6:00,Solar,0.001
8/26/2024 7:00,Solar,0.084
8/26/2024 8:00,Solar,0.436
8/26/2024 9:00,Solar,0.73
8/26/2024 10:00,Solar,0.856
8/26/2024 11:00,Solar,0.883
8/26/2024 12:00,Solar,0.878
8/26/2024 13:00,Solar,0.871
8/26/2024 14:00,Solar,0.828
8/26/2024 15:00,Solar,0.816
8/26/2024 16:00,Solar,0.712
8/26/2024 17:00,Solar,0.61
8/26/2024 18:00,Solar,0.347
8/26/2024 19:00,Solar,0.08
8/26/2024 20:00,Solar,0.003
8/26/2024 21:00,Solar,0.001
8/26/2024 22:00,Solar,0.001
8/26/2024 23:00,Solar,0.001
8/27/2024 0:00,Solar,0.001
8/27/2024 1:00,Solar,0.001
8/27/2024 2:00,Solar,0.001
8/27/2024 3:00,Solar,0.001
8/27/2024 4:00,Solar,0.001
8/27/2024 5:00,Solar,0.001
8/27/2024 6:00,Solar,0.001
8/27/2024 7:00,Solar,0.069
8/27/2024 8:00,Solar,0.382
8/27/2024 9:00,Solar,0.688
8/27/2024 10:00,Solar,0.843
8/27/2024 11:00,Solar,0.909
8/27/2024 12:00,Solar,0.903
8/27/2024 13:00,Solar,0.902
8/27/2024 14:00,Solar,0.877
8/27/2024 15:00,Solar,0.847
8/27/2024 16:00,Solar,0.805
8/27/2024 17:00,Solar,0.69
8/27/2024 18:00,Solar,0.405
8/27/2024 19:00,Solar,0.085
8/27/2024 20:00,Solar,0.003
8/27/2024 21:00,Solar,0.002
8/27/2024 22:00,Solar,0.001
8/27/2024 23:00,Solar,0.001
8/28/2024 0:00,Solar,0.001
8/28/2024 1:00,Solar,0.001
8/28/2024 2:00,Solar,0.001
8/28/2024 3:00,Solar,0.001
8/28/2024 4:00,Solar,0.001
8/28/2024 5:00,Solar,0.001
8/28/2024 6:00,Solar,0.001
8/28/2024 7:00,Solar,0.061
8/28/2024 8:00,Solar,0.347
8/28/2024 9:00,Solar,0.628
8/28/2024 10:00,Solar,0.777
8/28/2024 11:00,Solar,0.853
8/28/2024 12:00,Solar,0.884
8/28/2024 13:00,Solar,0.888
8/28/2024 14:00,Solar,0.881
8/28/2024 15:00,Solar,0.848
8/28/2024 16:00,Solar,0.744
8/28/2024 17:00,Solar,0.576
8/28/2024 18:00,Solar,0.3
8/28/2024 19:00,Solar,0.05
8/28/2024 20:00,Solar,0.002
8/28/2024 21:00,Solar,0.001
8/28/2024 22:00,Solar,0.001
8/28/2024 23:00,Solar,0.001
8/29/2024 0:00,Solar,0.001
8/29/2024 1:00,Solar,0.001
8/29/2024 2:00,Solar,0.001
8/29/2024 3:00,Solar,0.001
8/29/2024 4:00,Solar,0.001
8/29/2024 5:00,Solar,0.001
8/29/2024 6:00,Solar,0.001
8/29/2024 7:00,Solar,0.07
8/29/2024 8:00,Solar,0.387
8/29/2024 9:00,Solar,0.665
8/29/2024 10:00,Solar,0.799
8/29/2024 11:00,Solar,0.859
8/29/2024 12:00,Solar,0.865
8/29/2024 13:00,Solar,0.861
8/29/2024 14:00,Solar,0.829
8/29/2024 15:00,Solar,0.8
8/29/2024 16:00,Solar,0.723
8/29/2024 17:00,Solar,0.548
8/29/2024 18:00,Solar,0.283
8/29/2024 19:00,Solar,0.052
8/29/2024 20:00,Solar,0.002
8/29/2024 21:00,Solar,0.001
8/29/2024 22:00,Solar,0.001
8/29/2024 23:00,Solar,0.001
8/30/2024 0:00,Solar,0.001
8/30/2024 1:00,Solar,0.001
8/30/2024 2:00,Solar,0.001
8/30/2024 3:00,Solar,0.001
8/30/2024 4:00,Solar,0.001
8/30/2024 5:00,Solar,0.001
8/30/2024 6:00,Solar,0.001
8/30/2024 7:00,Solar,0.028
8/30/2024 8:00,Solar,0.226
8/30/2024 9:00,Solar,0.429
8/30/2024 10:00,Solar,0.537
8/30/2024 11:00,Solar,0.599
8/30/2024 12:00,Solar,0.652
8/30/2024 13:00,Solar,0.625
8/30/2024 14:00,Solar,0.561
8/30/2024 15:00,Solar,0.494
8/30/2024 16:00,Solar,0.437
8/30/2024 17:00,Solar,0.359
8/30/2024 18:00,Solar,0.196
8/30/2024 19:00,Solar,0.036
8/30/2024 20:00,Solar,0.001
8/30/2024 21:00,Solar,0.001
8/30/2024 22:00,Solar,0.001
8/30/2024 23:00,Solar,0.001
8/31/2024 0:00,Solar,0.001
8/31/2024 1:00,Solar,0.001
8/31/2024 2:00,Solar,0.001
8/31/2024 3:00,Solar,0.001
8/31/2024 4:00,Solar,0.001
8/31/2024 5:00,Solar,0.001
8/31/2024 6:00,Solar,0.001
8/31/2024 7:00,Solar,0.031
8/31/2024 8:00,Solar,0.169
8/31/2024 9:00,Solar,0.347
8/31/2024 10:00,Solar,0.391
8/31/2024 11:00,Solar,0.456
8/31/2024 12:00,Solar,0.558
8/31/2024 13:00,Solar,0.646
8/31/2024 14:00,Solar,0.68
8/31/2024 15:00,Solar,0.599
8/31/2024 16:00,Solar,0.595
8/31/2024 17:00,Solar,0.448
8/31/2024 18:00,Solar,0.234
8/31/2024 19:00,Solar,0.048
8/31/2024 20:00,Solar,0.002
8/31/2024 21:00,Solar,0.001
8/31/2024 22:00,Solar,0.001
8/31/2024 23:00,Solar,0.001
9/1/2024 0:00,Solar,0.001
9/1/2024 1:00,Solar,0.001
9/1/2024 2:00,Solar,0.001
9/1/2024 3:00,Solar,0.001
9/1/2024 4:00,Solar,0.001
9/1/2024 5:00,Solar,0.001
9/1/2024 6:00,Solar,0.001
9/1/2024 7:00,Solar,0.053
9/1/2024 8:00,Solar,0.285
9/1/2024 9:00,Solar,0.489
9/1/2024 10:00,Solar,0.55
9/1/2024 11:00,Solar,0.618
9/1/2024 12:00,Solar,0.692
9/1/2024 13:00,Solar,0.744
9/1/2024 14:00,Solar,0.76
9/1/2024 15:00,Solar,0.711
9/1/2024 16:00,Solar,0.59
9/1/2024 17:00,Solar,0.433
9/1/2024 18:00,Solar,0.265
9/1/2024 19:00,Solar,0.063
9/1/2024 20:00,Solar,0.001
9/1/2024 21:00,Solar,0.001
9/1/2024 22:00,Solar,0.001
9/1/2024 23:00,Solar,0.001
9/2/2024 0:00,Solar,0.001
9/2/2024 1:00,Solar,0.001
9/2/2024 2:00,Solar,0.001
9/2/2024 3:00,Solar,0.001
9/2/2024 4:00,Solar,0.001
9/2/2024 5:00,Solar,0.001
9/2/2024 6:00,Solar,0.001
9/2/2024 7:00,Solar,0.032
9/2/2024 8:00,Solar,0.272
9/2/2024 9:00,Solar,0.526
9/2/2024 10:00,Solar,0.631
9/2/2024 11:00,Solar,0.713
9/2/2024 12:00,Solar,0.778
9/2/2024 13:00,Solar,0.836
9/2/2024 14:00,Solar,0.858
9/2/2024 15:00,Solar,0.859
9/2/2024 16:00,Solar,0.811
9/2/2024 17:00,Solar,0.711
9/2/2024 18:00,Solar,0.413
9/2/2024 19:00,Solar,0.074
9/2/2024 20:00,Solar,0.001
9/2/2024 21:00,Solar,0.001
9/2/2024 22:00,Solar,0.001
9/2/2024 23:00,Solar,0.001
9/3/2024 0:00,Solar,0.001
9/3/2024 1:00,Solar,0.001
9/3/2024 2:00,Solar,0.001
9/3/2024 3:00,Solar,0.001
9/3/2024 4:00,Solar,0.001
9/3/2024 5:00,Solar,0.001
9/3/2024 6:00,Solar,0.001
9/3/2024 7:00,Solar,0.098
9/3/2024 8:00,Solar,0.53
9/3/2024 9:00,Solar,0.85
9/3/2024 10:00,Solar,0.925
9/3/2024 11:00,Solar,0.947
9/3/2024 12:00,Solar,0.941
9/3/2024 13:00,Solar,0.944
9/3/2024 14:00,Solar,0.927
9/3/2024 15:00,Solar,0.897
9/3/2024 16:00,Solar,0.8
9/3/2024 17:00,Solar,0.655
9/3/2024 18:00,Solar,0.318
9/3/2024 19:00,Solar,0.055
9/3/2024 20:00,Solar,0.002
9/3/2024 21:00,Solar,0.002
9/3/2024 22:00,Solar,0.001
9/3/2024 23:00,Solar,0.001
9/4/2024 0:00,Solar,0.001
9/4/2024 1:00,Solar,0.001
9/4/2024 2:00,Solar,0.001
9/4/2024 3:00,Solar,0.001
9/4/2024 4:00,Solar,0.001
9/4/2024 5:00,Solar,0.001
9/4/2024 6:00,Solar,0.001
9/4/2024 7:00,Solar,0.063
9/4/2024 8:00,Solar,0.381
9/4/2024 9:00,Solar,0.733
9/4/2024 10:00,Solar,0.849
9/4/2024 11:00,Solar,0.88
9/4/2024 12:00,Solar,0.899
9/4/2024 13:00,Solar,0.863
9/4/2024 14:00,Solar,0.833
9/4/2024 15:00,Solar,0.809
9/4/2024 16:00,Solar,0.766
9/4/2024 17:00,Solar,0.639
9/4/2024 18:00,Solar,0.36
9/4/2024 19:00,Solar,0.064
9/4/2024 20:00,Solar,0.002
9/4/2024 21:00,Solar,0.002
9/4/2024 22:00,Solar,0.002
9/4/2024 23:00,Solar,0.002
9/5/2024 0:00,Solar,0.002
9/5/2024 1:00,Solar,0.001
9/5/2024 2:00,Solar,0.001
9/5/2024 3:00,Solar,0.001
9/5/2024 4:00,Solar,0.001
9/5/2024 5:00,Solar,0.001
9/5/2024 6:00,Solar,0.001
9/5/2024 7:00,Solar,0.059
9/5/2024 8:00,Solar,0.34
9/5/2024 9:00,Solar,0.625
9/5/2024 10:00,Solar,0.707
9/5/2024 11:00,Solar,0.764
9/5/2024 12:00,Solar,0.788
9/5/2024 13:00,Solar,0.762
9/5/2024 14:00,Solar,0.772
9/5/2024 15:00,Solar,0.796
9/5/2024 16:00,Solar,0.739
9/5/2024 17:00,Solar,0.657
9/5/2024 18:00,Solar,0.346
9/5/2024 19:00,Solar,0.052
9/5/2024 20:00,Solar,0.003
9/5/2024 21:00,Solar,0.003
9/5/2024 22:00,Solar,0.002
9/5/2024 23:00,Solar,0.002
9/6/2024 0:00,Solar,0.002
9/6/2024 1:00,Solar,0.002
9/6/2024 2:00,Solar,0.002
9/6/2024 3:00,Solar,0.002
9/6/2024 4:00,Solar,0.002
9/6/2024 5:00,Solar,0.002
9/6/2024 6:00,Solar,0.002
9/6/2024 7:00,Solar,0.04
9/6/2024 8:00,Solar,0.25
9/6/2024 9:00,Solar,0.528
9/6/2024 10:00,Solar,0.699
9/6/2024 11:00,Solar,0.775
9/6/2024 12:00,Solar,0.778
9/6/2024 13:00,Solar,0.789
9/6/2024 14:00,Solar,0.756
9/6/2024 15:00,Solar,0.726
9/6/2024 16:00,Solar,0.657
9/6/2024 17:00,Solar,0.46
9/6/2024 18:00,Solar,0.2
9/6/2024 19:00,Solar,0.021
9/6/2024 20:00,Solar,0.002
9/6/2024 21:00,Solar,0.001
9/6/2024 22:00,Solar,0.001
9/6/2024 23:00,Solar,0.001
9/7/2024 0:00,Solar,0.001
9/7/2024 1:00,Solar,0.001
9/7/2024 2:00,Solar,0.001
9/7/2024 3:00,Solar,0.001
9/7/2024 4:00,Solar,0.001
9/7/2024 5:00,Solar,0.001
9/7/2024 6:00,Solar,0.001
9/7/2024 7:00,Solar,0.023
9/7/2024 8:00,Solar,0.19
9/7/2024 9:00,Solar,0.419
9/7/2024 10:00,Solar,0.537
9/7/2024 11:00,Solar,0.611
9/7/2024 12:00,Solar,0.66
9/7/2024 13:00,Solar,0.653
9/7/2024 14:00,Solar,0.657
9/7/2024 15:00,Solar,0.611
9/7/2024 16:00,Solar,0.585
9/7/2024 17:00,Solar,0.555
9/7/2024 18:00,Solar,0.334
9/7/2024 19:00,Solar,0.057
9/7/2024 20:00,Solar,0.002
9/7/2024 21:00,Solar,0.002
9/7/2024 22:00,Solar,0.002
9/7/2024 23:00,Solar,0.001
9/8/2024 0:00,Solar,0.001
9/8/2024 1:00,Solar,0.001
9/8/2024 2:00,Solar,0.001
9/8/2024 3:00,Solar,0.001
9/8/2024 4:00,Solar,0.001
9/8/2024 5:00,Solar,0.001
9/8/2024 6:00,Solar,0.001
9/8/2024 7:00,Solar,0.083
9/8/2024 8:00,Solar,0.488
9/8/2024 9:00,Solar,0.82
9/8/2024 10:00,Solar,0.891
9/8/2024 11:00,Solar,0.927
9/8/2024 12:00,Solar,0.949
9/8/2024 13:00,Solar,0.954
9/8/2024 14:00,Solar,0.961
9/8/2024 15:00,Solar,0.961
9/8/2024 16:00,Solar,0.917
9/8/2024 17:00,Solar,0.741
9/8/2024 18:00,Solar,0.327
9/8/2024 19:00,Solar,0.034
9/8/2024 20:00,Solar,0.002
9/8/2024 21:00,Solar,0.002
9/8/2024 22:00,Solar,0.002
9/8/2024 23:00,Solar,0.001
9/9/2024 0:00,Solar,0.001
9/9/2024 1:00,Solar,0.001
9/9/2024 2:00,Solar,0.001
9/9/2024 3:00,Solar,0.001
9/9/2024 4:00,Solar,0.001
9/9/2024 5:00,Solar,0.001
9/9/2024 6:00,Solar,0.001
9/9/2024 7:00,Solar,0.067
9/9/2024 8:00,Solar,0.431
9/9/2024 9:00,Solar,0.787
9/9/2024 10:00,Solar,0.911
9/9/2024 11:00,Solar,0.946
9/9/2024 12:00,Solar,0.954
9/9/2024 13:00,Solar,0.952
9/9/2024 14:00,Solar,0.938
9/9/2024 15:00,Solar,0.915
9/9/2024 16:00,Solar,0.861
9/9/2024 17:00,Solar,0.703
9/9/2024 18:00,Solar,0.341
9/9/2024 19:00,Solar,0.057
9/9/2024 20:00,Solar,0.015
9/9/2024 21:00,Solar,0.015
9/9/2024 22:00,Solar,0.014
9/9/2024 23:00,Solar,0.014
9/10/2024 0:00,Solar,0.014
9/10/2024 1:00,Solar,0.014
9/10/2024 2:00,Solar,0.014
9/10/2024 3:00,Solar,0.014
9/10/2024 4:00,Solar,0.014
9/10/2024 5:00,Solar,0.014
9/10/2024 6:00,Solar,0.014
9/10/2024 7:00,Solar,0.087
9/10/2024 8:00,Solar,0.475
9/10/2024 9:00,Solar,0.82
9/10/2024 10:00,Solar,0.914
9/10/2024 11:00,Solar,0.947
9/10/2024 12:00,Solar,0.956
9/10/2024 13:00,Solar,0.954
9/10/2024 14:00,Solar,0.942
9/10/2024 15:00,Solar,0.926
9/10/2024 16:00,Solar,0.878
9/10/2024 17:00,Solar,0.724
9/10/2024 18:00,Solar,0.336
9/10/2024 19:00,Solar,0.033
9/10/2024 20:00,Solar,0.002
9/10/2024 21:00,Solar,0.002
9/10/2024 22:00,Solar,0.002
9/10/2024 23:00,Solar,0.001
9/11/2024 0:00,Solar,0.001
9/11/2024 1:00,Solar,0.001
9/11/2024 2:00,Solar,0.001
9/11/2024 3:00,Solar,0.001
9/11/2024 4:00,Solar,0.001
9/11/2024 5:00,Solar,0.001
9/11/2024 6:00,Solar,0.001
9/11/2024 7:00,Solar,0.066
9/11/2024 8:00,Solar,0.432
9/11/2024 9:00,Solar,0.801
9/11/2024 10:00,Solar,0.915
9/11/2024 11:00,Solar,0.947
9/11/2024 12:00,Solar,0.95
9/11/2024 13:00,Solar,0.927
9/11/2024 14:00,Solar,0.902
9/11/2024 15:00,Solar,0.877
9/11/2024 16:00,Solar,0.832
9/11/2024 17:00,Solar,0.689
9/11/2024 18:00,Solar,0.315
9/11/2024 19:00,Solar,0.038
9/11/2024 20:00,Solar,0.005
9/11/2024 21:00,Solar,0.005
9/11/2024 22:00,Solar,0.005
9/11/2024 23:00,Solar,0.005
9/12/2024 0:00,Solar,0.005
9/12/2024 1:00,Solar,0.005
9/12/2024 2:00,Solar,0.005
9/12/2024 3:00,Solar,0.005
9/12/2024 4:00,Solar,0.005
9/12/2024 5:00,Solar,0.005
9/12/2024 6:00,Solar,0.005
9/12/2024 7:00,Solar,0.05
9/12/2024 8:00,Solar,0.36
9/12/2024 9:00,Solar,0.682
9/12/2024 10:00,Solar,0.819
9/12/2024 11:00,Solar,0.875
9/12/2024 12:00,Solar,0.86
9/12/2024 13:00,Solar,0.857
9/12/2024 14:00,Solar,0.883
9/12/2024 15:00,Solar,0.848
9/12/2024 16:00,Solar,0.752
9/12/2024 17:00,Solar,0.545
9/12/2024 18:00,Solar,0.221
9/12/2024 19:00,Solar,0.027
9/12/2024 20:00,Solar,0.006
9/12/2024 21:00,Solar,0.006
9/12/2024 22:00,Solar,0.006
9/12/2024 23:00,Solar,0.006
9/13/2024 0:00,Solar,0.006
9/13/2024 1:00,Solar,0.006
9/13/2024 2:00,Solar,0.006
9/13/2024 3:00,Solar,0.006
9/13/2024 4:00,Solar,0.006
9/13/2024 5:00,Solar,0.006
9/13/2024 6:00,Solar,0.006
9/13/2024 7:00,Solar,0.024
9/13/2024 8:00,Solar,0.198
9/13/2024 9:00,Solar,0.452
9/13/2024 10:00,Solar,0.564
9/13/2024 11:00,Solar,0.638
9/13/2024 12:00,Solar,0.649
9/13/2024 13:00,Solar,0.677
9/13/2024 14:00,Solar,0.649
9/13/2024 15:00,Solar,0.602
9/13/2024 16:00,Solar,0.522
9/13/2024 17:00,Solar,0.418
9/13/2024 18:00,Solar,0.2
9/13/2024 19:00,Solar,0.025
9/13/2024 20:00,Solar,0.005
9/13/2024 21:00,Solar,0.005
9/13/2024 22:00,Solar,0.005
9/13/2024 23:00,Solar,0.005
9/14/2024 0:00,Solar,0.005
9/14/2024 1:00,Solar,0.005
9/14/2024 2:00,Solar,0.005
9/14/2024 3:00,Solar,0.005
9/14/2024 4:00,Solar,0.005
9/14/2024 5:00,Solar,0.005
9/14/2024 6:00,Solar,0.005
9/14/2024 7:00,Solar,0.037
9/14/2024 8:00,Solar,0.285
9/14/2024 9:00,Solar,0.588
9/14/2024 10:00,Solar,0.744
9/14/2024 11:00,Solar,0.836
9/14/2024 12:00,Solar,0.873
9/14/2024 13:00,Solar,0.867
9/14/2024 14:00,Solar,0.868
9/14/2024 15:00,Solar,0.826
9/14/2024 16:00,Solar,0.757
9/14/2024 17:00,Solar,0.572
9/14/2024 18:00,Solar,0.253
9/14/2024 19:00,Solar,0.03
9/14/2024 20:00,Solar,0.006
9/14/2024 21:00,Solar,0.006
9/14/2024 22:00,Solar,0.006
9/14/2024 23:00,Solar,0.006
9/15/2024 0:00,Solar,0.006
9/15/2024 1:00,Solar,0.006
9/15/2024 2:00,Solar,0.006
9/15/2024 3:00,Solar,0.006
9/15/2024 4:00,Solar,0.006
9/15/2024 5:00,Solar,0.006
9/15/2024 6:00,Solar,0.006
9/15/2024 7:00,Solar,0.032
9/15/2024 8:00,Solar,0.26
9/15/2024 9:00,Solar,0.526
9/15/2024 10:00,Solar,0.663
9/15/2024 11:00,Solar,0.753
9/15/2024 12:00,Solar,0.783
9/15/2024 13:00,Solar,0.791
9/15/2024 14:00,Solar,0.806
9/15/2024 15:00,Solar,0.777
9/15/2024 16:00,Solar,0.696
9/15/2024 17:00,Solar,0.487
9/15/2024 18:00,Solar,0.212
9/15/2024 19:00,Solar,0.021
9/15/2024 20:00,Solar,0.001
9/15/2024 21:00,Solar,0.001
9/15/2024 22:00,Solar,0.001
9/15/2024 23:00,Solar,0.001
9/16/2024 0:00,Solar,0.001
9/16/2024 1:00,Solar,0.001
9/16/2024 2:00,Solar,0.001
9/16/2024 3:00,Solar,0.001
9/16/2024 4:00,Solar,0.001
9/16/2024 5:00,Solar,0.001
9/16/2024 6:00,Solar,0.001
9/16/2024 7:00,Solar,0.025
9/16/2024 8:00,Solar,0.249
9/16/2024 9:00,Solar,0.511
9/16/2024 10:00,Solar,0.572
9/16/2024 11:00,Solar,0.601
9/16/2024 12:00,Solar,0.598
9/16/2024 13:00,Solar,0.571
9/16/2024 14:00,Solar,0.541
9/16/2024 15:00,Solar,0.502
9/16/2024 16:00,Solar,0.444
9/16/2024 17:00,Solar,0.358
9/16/2024 18:00,Solar,0.172
9/16/2024 19:00,Solar,0.021
9/16/2024 20:00,Solar,0.001
9/16/2024 21:00,Solar,0.001
9/16/2024 22:00,Solar,0.001
9/16/2024 23:00,Solar,0.001
9/17/2024 0:00,Solar,0.001
9/17/2024 1:00,Solar,0.001
9/17/2024 2:00,Solar,0.001
9/17/2024 3:00,Solar,0.001
9/17/2024 4:00,Solar,0.001
9/17/2024 5:00,Solar,0.001
9/17/2024 6:00,Solar,0.001
9/17/2024 7:00,Solar,0.003
9/17/2024 8:00,Solar,0.061
9/17/2024 9:00,Solar,0.166
9/17/2024 10:00,Solar,0.262
9/17/2024 11:00,Solar,0.34
9/17/2024 12:00,Solar,0.433
9/17/2024 13:00,Solar,0.462
9/17/2024 14:00,Solar,0.442
9/17/2024 15:00,Solar,0.388
9/17/2024 16:00,Solar,0.291
9/17/2024 17:00,Solar,0.194
9/17/2024 18:00,Solar,0.082
9/17/2024 19:00,Solar,0.01
9/17/2024 20:00,Solar,0.001
9/17/2024 21:00,Solar,0.001
9/17/2024 22:00,Solar,0.001
9/17/2024 23:00,Solar,0.001
9/18/2024 0:00,Solar,0.001
9/18/2024 1:00,Solar,0.001
9/18/2024 2:00,Solar,0.001
9/18/2024 3:00,Solar,0.001
9/18/2024 4:00,Solar,0.001
9/18/2024 5:00,Solar,0.001
9/18/2024 6:00,Solar,0.001
9/18/2024 7:00,Solar,0.009
9/18/2024 8:00,Solar,0.111
9/18/2024 9:00,Solar,0.274
9/18/2024 10:00,Solar,0.405
9/18/2024 11:00,Solar,0.506
9/18/2024 12:00,Solar,0.529
9/18/2024 13:00,Solar,0.558
9/18/2024 14:00,Solar,0.497
9/18/2024 15:00,Solar,0.483
9/18/2024 16:00,Solar,0.453
9/18/2024 17:00,Solar,0.343
9/18/2024 18:00,Solar,0.164
9/18/2024 19:00,Solar,0.016
9/18/2024 20:00,Solar,0.001
9/18/2024 21:00,Solar,0.001
9/18/2024 22:00,Solar,0.001
9/18/2024 23:00,Solar,0.001
9/19/2024 0:00,Solar,0.001
9/19/2024 1:00,Solar,0.001
9/19/2024 2:00,Solar,0.001
9/19/2024 3:00,Solar,0.001
9/19/2024 4:00,Solar,0.001
9/19/2024 5:00,Solar,0.001
9/19/2024 6:00,Solar,0.001
9/19/2024 7:00,Solar,0.011
9/19/2024 8:00,Solar,0.161
9/19/2024 9:00,Solar,0.39
9/19/2024 10:00,Solar,0.529
9/19/2024 11:00,Solar,0.628
9/19/2024 12:00,Solar,0.682
9/19/2024 13:00,Solar,0.719
9/19/2024 14:00,Solar,0.724
9/19/2024 15:00,Solar,0.684
9/19/2024 16:00,Solar,0.62
9/19/2024 17:00,Solar,0.508
9/19/2024 18:00,Solar,0.207
9/19/2024 19:00,Solar,0.017
9/19/2024 20:00,Solar,0.004
9/19/2024 21:00,Solar,0.004
9/19/2024 22:00,Solar,0.001
9/19/2024 23:00,Solar,0.001
9/20/2024 0:00,Solar,0.001
9/20/2024 1:00,Solar,0.001
9/20/2024 2:00,Solar,0.001
9/20/2024 3:00,Solar,0.001
9/20/2024 4:00,Solar,0.001
9/20/2024 5:00,Solar,0.001
9/20/2024 6:00,Solar,0.001
9/20/2024 7:00,Solar,0.035
9/20/2024 8:00,Solar,0.333
9/20/2024 9:00,Solar,0.672
9/20/2024 10:00,Solar,0.769
9/20/2024 11:00,Solar,0.803
9/20/2024 12:00,Solar,0.803
9/20/2024 13:00,Solar,0.776
9/20/2024 14:00,Solar,0.78
9/20/2024 15:00,Solar,0.769
9/20/2024 16:00,Solar,0.727
9/20/2024 17:00,Solar,0.545
9/20/2024 18:00,Solar,0.179
9/20/2024 19:00,Solar,0.011
9/20/2024 20:00,Solar,0.001
9/20/2024 21:00,Solar,0.001
9/20/2024 22:00,Solar,0.001
9/20/2024 23:00,Solar,0.001
9/21/2024 0:00,Solar,0.001
9/21/2024 1:00,Solar,0.001
9/21/2024 2:00,Solar,0.001
9/21/2024 3:00,Solar,0.001
9/21/2024 4:00,Solar,0.001
9/21/2024 5:00,Solar,0.001
9/21/2024 6:00,Solar,0.001
9/21/2024 7:00,Solar,0.025
9/21/2024 8:00,Solar,0.277
9/21/2024 9:00,Solar,0.647
9/21/2024 10:00,Solar,0.766
9/21/2024 11:00,Solar,0.827
9/21/2024 12:00,Solar,0.832
9/21/2024 13:00,Solar,0.835
9/21/2024 14:00,Solar,0.828
9/21/2024 15:00,Solar,0.786
9/21/2024 16:00,Solar,0.696
9/21/2024 17:00,Solar,0.491
9/21/2024 18:00,Solar,0.166
9/21/2024 19:00,Solar,0.011
9/21/2024 20:00,Solar,0.003
9/21/2024 21:00,Solar,0.003
9/21/2024 22:00,Solar,0.003
9/21/2024 23:00,Solar,0.003
9/22/2024 0:00,Solar,0.003
9/22/2024 1:00,Solar,0.003
9/22/2024 2:00,Solar,0.003
9/22/2024 3:00,Solar,0.003
9/22/2024 4:00,Solar,0.003
9/22/2024 5:00,Solar,0.003
9/22/2024 6:00,Solar,0.003
9/22/2024 7:00,Solar,0.02
9/22/2024 8:00,Solar,0.197
9/22/2024 9:00,Solar,0.395
9/22/2024 10:00,Solar,0.481
9/22/2024 11:00,Solar,0.535
9/22/2024 12:00,Solar,0.549
9/22/2024 13:00,Solar,0.522
9/22/2024 14:00,Solar,0.475
9/22/2024 15:00,Solar,0.375
9/22/2024 16:00,Solar,0.312
9/22/2024 17:00,Solar,0.221
9/22/2024 18:00,Solar,0.069
9/22/2024 19:00,Solar,0.005
9/22/2024 20:00,Solar,0.004
9/22/2024 21:00,Solar,0.004
9/22/2024 22:00,Solar,0.003
9/22/2024 23:00,Solar,0.003
9/23/2024 0:00,Solar,0.003
9/23/2024 1:00,Solar,0.003
9/23/2024 2:00,Solar,0.003
9/23/2024 3:00,Solar,0.003
9/23/2024 4:00,Solar,0.003
9/23/2024 5:00,Solar,0.003
9/23/2024 6:00,Solar,0.003
9/23/2024 7:00,Solar,0.023
9/23/2024 8:00,Solar,0.184
9/23/2024 9:00,Solar,0.398
9/23/2024 10:00,Solar,0.462
9/23/2024 11:00,Solar,0.497
9/23/2024 12:00,Solar,0.478
9/23/2024 13:00,Solar,0.429
9/23/2024 14:00,Solar,0.454
9/23/2024 15:00,Solar,0.377
9/23/2024 16:00,Solar,0.293
9/23/2024 17:00,Solar,0.177
9/23/2024 18:00,Solar,0.059
9/23/2024 19:00,Solar,0.003
9/23/2024 20:00,Solar,0.002
9/23/2024 21:00,Solar,0.001
9/23/2024 22:00,Solar,0.001
9/23/2024 23:00,Solar,0.001
9/24/2024 0:00,Solar,0.001
9/24/2024 1:00,Solar,0.001
9/24/2024 2:00,Solar,0.001
9/24/2024 3:00,Solar,0.001
9/24/2024 4:00,Solar,0.001
9/24/2024 5:00,Solar,0.001
9/24/2024 6:00,Solar,0.001
9/24/2024 7:00,Solar,0.004
9/24/2024 8:00,Solar,0.032
9/24/2024 9:00,Solar,0.087
9/24/2024 10:00,Solar,0.15
9/24/2024 11:00,Solar,0.217
9/24/2024 12:00,Solar,0.24
9/24/2024 13:00,Solar,0.284
9/24/2024 14:00,Solar,0.263
9/24/2024 15:00,Solar,0.253
9/24/2024 16:00,Solar,0.16
9/24/2024 17:00,Solar,0.109
9/24/2024 18:00,Solar,0.062
9/24/2024 19:00,Solar,0.01
9/24/2024 20:00,Solar,0.002
9/24/2024 21:00,Solar,0.002
9/24/2024 22:00,Solar,0.002
9/24/2024 23:00,Solar,0.001
9/25/2024 0:00,Solar,0.001
9/25/2024 1:00,Solar,0.001
9/25/2024 2:00,Solar,0.001
9/25/2024 3:00,Solar,0.001
9/25/2024 4:00,Solar,0.001
9/25/2024 5:00,Solar,0.001
9/25/2024 6:00,Solar,0.001
9/25/2024 7:00,Solar,0.004
9/25/2024 8:00,Solar,0.048
9/25/2024 9:00,Solar,0.148
9/25/2024 10:00,Solar,0.299
9/25/2024 11:00,Solar,0.388
9/25/2024 12:00,Solar,0.43
9/25/2024 13:00,Solar,0.458
9/25/2024 14:00,Solar,0.491
9/25/2024 15:00,Solar,0.424
9/25/2024 16:00,Solar,0.312
9/25/2024 17:00,Solar,0.174
9/25/2024 18:00,Solar,0.054
9/25/2024 19:00,Solar,0.005
9/25/2024 20:00,Solar,0.002
9/25/2024 21:00,Solar,0.001
9/25/2024 22:00,Solar,0.001
9/25/2024 23:00,Solar,0.001
9/26/2024 0:00,Solar,0.001
9/26/2024 1:00,Solar,0.001
9/26/2024 2:00,Solar,0.001
9/26/2024 3:00,Solar,0.001
9/26/2024 4:00,Solar,0.001
9/26/2024 5:00,Solar,0.001
9/26/2024 6:00,Solar,0.001
9/26/2024 7:00,Solar,0.01
9/26/2024 8:00,Solar,0.095
9/26/2024 9:00,Solar,0.222
9/26/2024 10:00,Solar,0.303
9/26/2024 11:00,Solar,0.355
9/26/2024 12:00,Solar,0.339
9/26/2024 13:00,Solar,0.332
9/26/2024 14:00,Solar,0.276
9/26/2024 15:00,Solar,0.214
9/26/2024 16:00,Solar,0.179
9/26/2024 17:00,Solar,0.099
9/26/2024 18:00,Solar,0.017
9/26/2024 19:00,Solar,0.002
9/26/2024 20:00,Solar,0.001
9/26/2024 21:00,Solar,0.001
9/26/2024 22:00,Solar,0.001
9/26/2024 23:00,Solar,0.001
9/27/2024 0:00,Solar,0.001
9/27/2024 1:00,Solar,0.001
9/27/2024 2:00,Solar,0.001
9/27/2024 3:00,Solar,0.001
9/27/2024 4:00,Solar,0.001
9/27/2024 5:00,Solar,0.001
9/27/2024 6:00,Solar,0.001
9/27/2024 7:00,Solar,0.004
9/27/2024 8:00,Solar,0.034
9/27/2024 9:00,Solar,0.078
9/27/2024 10:00,Solar,0.101
9/27/2024 11:00,Solar,0.146
9/27/2024 12:00,Solar,0.177
9/27/2024 13:00,Solar,0.165
9/27/2024 14:00,Solar,0.142
9/27/2024 15:00,Solar,0.126
9/27/2024 16:00,Solar,0.096
9/27/2024 17:00,Solar,0.067
9/27/2024 18:00,Solar,0.026
9/27/2024 19:00,Solar,0.002
9/27/2024 20:00,Solar,0.001
9/27/2024 21:00,Solar,0.001
9/27/2024 22:00,Solar,0.001
9/27/2024 23:00,Solar,0.001
9/28/2024 0:00,Solar,0.001
9/28/2024 1:00,Solar,0.001
9/28/2024 2:00,Solar,0.001
9/28/2024 3:00,Solar,0.001
9/28/2024 4:00,Solar,0.001
9/28/2024 5:00,Solar,0.001
9/28/2024 6:00,Solar,0.001
9/28/2024 7:00,Solar,0.017
9/28/2024 8:00,Solar,0.182
9/28/2024 9:00,Solar,0.442
9/28/2024 10:00,Solar,0.566
9/28/2024 11:00,Solar,0.61
9/28/2024 12:00,Solar,0.599
9/28/2024 13:00,Solar,0.57
9/28/2024 14:00,Solar,0.56
9/28/2024 15:00,Solar,0.534
9/28/2024 16:00,Solar,0.465
9/28/2024 17:00,Solar,0.301
9/28/2024 18:00,Solar,0.059
9/28/2024 19:00,Solar,0.003
9/28/2024 20:00,Solar,0.001
9/28/2024 21:00,Solar,0.001
9/28/2024 22:00,Solar,0.001
9/28/2024 23:00,Solar,0.001
9/29/2024 0:00,Solar,0.001
9/29/2024 1:00,Solar,0.001
9/29/2024 2:00,Solar,0.001
9/29/2024 3:00,Solar,0.001
9/29/2024 4:00,Solar,0.001
9/29/2024 5:00,Solar,0.001
9/29/2024 6:00,Solar,0.001
9/29/2024 7:00,Solar,0.011
9/29/2024 8:00,Solar,0.097
9/29/2024 9:00,Solar,0.227
9/29/2024 10:00,Solar,0.373
9/29/2024 11:00,Solar,0.417
9/29/2024 12:00,Solar,0.439
9/29/2024 13:00,Solar,0.439
9/29/2024 14:00,Solar,0.434
9/29/2024 15:00,Solar,0.401
9/29/2024 16:00,Solar,0.335
9/29/2024 17:00,Solar,0.195
9/29/2024 18:00,Solar,0.046
9/29/2024 19:00,Solar,0.003
9/29/2024 20:00,Solar,0.002
9/29/2024 21:00,Solar,0.002
9/29/2024 22:00,Solar,0.002
9/29/2024 23:00,Solar,0.001
9/30/2024 0:00,Solar,0.001
9/30/2024 1:00,Solar,0.001
9/30/2024 2:00,Solar,0.001
9/30/2024 3:00,Solar,0.001
9/30/2024 4:00,Solar,0.001
9/30/2024 5:00,Solar,0.001
9/30/2024 6:00,Solar,0.001
9/30/2024 7:00,Solar,0.007
9/30/2024 8:00,Solar,0.064
9/30/2024 9:00,Solar,0.148
9/30/2024 10:00,Solar,0.19
9/30/2024 11:00,Solar,0.252
9/30/2024 12:00,Solar,0.331
9/30/2024 13:00,Solar,0.372
9/30/2024 14:00,Solar,0.332
9/30/2024 15:00,Solar,0.253
9/30/2024 16:00,Solar,0.187
9/30/2024 17:00,Solar,0.108
9/30/2024 18:00,Solar,0.033
9/30/2024 19:00,Solar,0.004
9/30/2024 20:00,Solar,0.002
9/30/2024 21:00,Solar,0.002
9/30/2024 22:00,Solar,0.002
9/30/2024 23:00,Solar,0.002
10/1/2024 0:00,Solar,0.002
10/1/2024 1:00,Solar,0.002
10/1/2024 2:00,Solar,0.002
10/1/2024 3:00,Solar,0.002
10/1/2024 4:00,Solar,0.002
10/1/2024 5:00,Solar,0.002
10/1/2024 6:00,Solar,0.002
10/1/2024 7:00,Solar,0.003
10/1/2024 8:00,Solar,0.026
10/1/2024 9:00,Solar,0.087
10/1/2024 10:00,Solar,0.157
10/1/2024 11:00,Solar,0.234
10/1/2024 12:00,Solar,0.294
10/1/2024 13:00,Solar,0.318
10/1/2024 14:00,Solar,0.307
10/1/2024 15:00,Solar,0.266
10/1/2024 16:00,Solar,0.202
10/1/2024 17:00,Solar,0.134
10/1/2024 18:00,Solar,0.073
10/1/2024 19:00,Solar,0.004
10/1/2024 20:00,Solar,0.002
10/1/2024 21:00,Solar,0.002
10/1/2024 22:00,Solar,0.002
10/1/2024 23:00,Solar,0.002
10/2/2024 0:00,Solar,0.002
10/2/2024 1:00,Solar,0.002
10/2/2024 2:00,Solar,0.002
10/2/2024 3:00,Solar,0.002
10/2/2024 4:00,Solar,0.002
10/2/2024 5:00,Solar,0.002
10/2/2024 6:00,Solar,0.002
10/2/2024 7:00,Solar,0.009
10/2/2024 8:00,Solar,0.147
10/2/2024 9:00,Solar,0.379
10/2/2024 10:00,Solar,0.471
10/2/2024 11:00,Solar,0.497
10/2/2024 12:00,Solar,0.546
10/2/2024 13:00,Solar,0.569
10/2/2024 14:00,Solar,0.58
10/2/2024 15:00,Solar,0.571
10/2/2024 16:00,Solar,0.511
10/2/2024 17:00,Solar,0.407
10/2/2024 18:00,Solar,0.13
10/2/2024 19:00,Solar,0.005
10/2/2024 20:00,Solar,0.002
10/2/2024 21:00,Solar,0.002
10/2/2024 22:00,Solar,0.001
10/2/2024 23:00,Solar,0.001
10/3/2024 0:00,Solar,0.001
10/3/2024 1:00,Solar,0.001
10/3/2024 2:00,Solar,0.001
10/3/2024 3:00,Solar,0.001
10/3/2024 4:00,Solar,0.001
10/3/2024 5:00,Solar,0.001
10/3/2024 6:00,Solar,0.001
10/3/2024 7:00,Solar,0.013
10/3/2024 8:00,Solar,0.214
10/3/2024 9:00,Solar,0.562
10/3/2024 10:00,Solar,0.673
10/3/2024 11:00,Solar,0.712
10/3/2024 12:00,Solar,0.71
10/3/2024 13:00,Solar,0.719
10/3/2024 14:00,Solar,0.732
10/3/2024 15:00,Solar,0.733
10/3/2024 16:00,Solar,0.685
10/3/2024 17:00,Solar,0.498
10/3/2024 18:00,Solar,0.124
10/3/2024 19:00,Solar,0.005
10/3/2024 20:00,Solar,0.003
10/3/2024 21:00,Solar,0.002
10/3/2024 22:00,Solar,0.001
10/3/2024 23:00,Solar,0.001
10/4/2024 0:00,Solar,0.001
10/4/2024 1:00,Solar,0.001
10/4/2024 2:00,Solar,0.001
10/4/2024 3:00,Solar,0.001
10/4/2024 4:00,Solar,0.001
10/4/2024 5:00,Solar,0.001
10/4/2024 6:00,Solar,0.001
10/4/2024 7:00,Solar,0.014
10/4/2024 8:00,Solar,0.211
10/4/2024 9:00,Solar,0.582
10/4/2024 10:00,Solar,0.751
10/4/2024 11:00,Solar,0.774
10/4/2024 12:00,Solar,0.734
10/4/2024 13:00,Solar,0.675
10/4/2024 14:00,Solar,0.615
10/4/2024 15:00,Solar,0.542
10/4/2024 16:00,Solar,0.485
10/4/2024 17:00,Solar,0.343
10/4/2024 18:00,Solar,0.099
10/4/2024 19:00,Solar,0.005
10/4/2024 20:00,Solar,0.002
10/4/2024 21:00,Solar,0.002
10/4/2024 22:00,Solar,0.002
10/4/2024 23:00,Solar,0.002
10/5/2024 0:00,Solar,0.002
10/5/2024 1:00,Solar,0.002
10/5/2024 2:00,Solar,0.002
10/5/2024 3:00,Solar,0.002
10/5/2024 4:00,Solar,0.002
10/5/2024 5:00,Solar,0.002
10/5/2024 6:00,Solar,0.002
10/5/2024 7:00,Solar,0.01
10/5/2024 8:00,Solar,0.204
10/5/2024 9:00,Solar,0.584
10/5/2024 10:00,Solar,0.723
10/5/2024 11:00,Solar,0.791
10/5/2024 12:00,Solar,0.792
10/5/2024 13:00,Solar,0.814
10/5/2024 14:00,Solar,0.838
10/5/2024 15:00,Solar,0.821
10/5/2024 16:00,Solar,0.755
10/5/2024 17:00,Solar,0.497
10/5/2024 18:00,Solar,0.108
10/5/2024 19:00,Solar,0.004
10/5/2024 20:00,Solar,0.003
10/5/2024 21:00,Solar,0.003
10/5/2024 22:00,Solar,0.003
10/5/2024 23:00,Solar,0.003
10/6/2024 0:00,Solar,0.002
10/6/2024 1:00,Solar,0.002
10/6/2024 2:00,Solar,0.002
10/6/2024 3:00,Solar,0.002
10/6/2024 4:00,Solar,0.002
10/6/2024 5:00,Solar,0.002
10/6/2024 6:00,Solar,0.002
10/6/2024 7:00,Solar,0.013
10/6/2024 8:00,Solar,0.226
10/6/2024 9:00,Solar,0.609
10/6/2024 10:00,Solar,0.775
10/6/2024 11:00,Solar,0.833
10/6/2024 12:00,Solar,0.849
10/6/2024 13:00,Solar,0.853
10/6/2024 14:00,Solar,0.853
10/6/2024 15:00,Solar,0.843
10/6/2024 16:00,Solar,0.795
10/6/2024 17:00,Solar,0.503
10/6/2024 18:00,Solar,0.103
10/6/2024 19:00,Solar,0.004
10/6/2024 20:00,Solar,0.002
10/6/2024 21:00,Solar,0.002
10/6/2024 22:00,Solar,0.002
10/6/2024 23:00,Solar,0.002
10/7/2024 0:00,Solar,0.002
10/7/2024 1:00,Solar,0.002
10/7/2024 2:00,Solar,0.002
10/7/2024 3:00,Solar,0.002
10/7/2024 4:00,Solar,0.002
10/7/2024 5:00,Solar,0.002
10/7/2024 6:00,Solar,0.002
10/7/2024 7:00,Solar,0.013
10/7/2024 8:00,Solar,0.25
10/7/2024 9:00,Solar,0.665
10/7/2024 10:00,Solar,0.804
10/7/2024 11:00,Solar,0.812
10/7/2024 12:00,Solar,0.81
10/7/2024 13:00,Solar,0.796
10/7/2024 14:00,Solar,0.767
10/7/2024 15:00,Solar,0.761
10/7/2024 16:00,Solar,0.704
10/7/2024 17:00,Solar,0.452
10/7/2024 18:00,Solar,0.1
10/7/2024 19:00,Solar,0.004
10/7/2024 20:00,Solar,0.004
10/7/2024 21:00,Solar,0.005
10/7/2024 22:00,Solar,0.001
10/7/2024 23:00,Solar,0.001
10/8/2024 0:00,Solar,0.001
10/8/2024 1:00,Solar,0.001
10/8/2024 2:00,Solar,0.001
10/8/2024 3:00,Solar,0.001
10/8/2024 4:00,Solar,0.001
10/8/2024 5:00,Solar,0.001
10/8/2024 6:00,Solar,0.001
10/8/2024 7:00,Solar,0.015
10/8/2024 8:00,Solar,0.284
10/8/2024 9:00,Solar,0.732
10/8/2024 10:00,Solar,0.881
10/8/2024 11:00,Solar,0.884
10/8/2024 12:00,Solar,0.856
10/8/2024 13:00,Solar,0.83
10/8/2024 14:00,Solar,0.839
10/8/2024 15:00,Solar,0.836
10/8/2024 16:00,Solar,0.787
10/8/2024 17:00,Solar,0.498
10/8/2024 18:00,Solar,0.101
10/8/2024 19:00,Solar,0.002
10/8/2024 20:00,Solar,0.001
10/8/2024 21:00,Solar,0.001
10/8/2024 22:00,Solar,0.001
10/8/2024 23:00,Solar,0.001
10/9/2024 0:00,Solar,0.001
10/9/2024 1:00,Solar,0.001
10/9/2024 2:00,Solar,0.001
10/9/2024 3:00,Solar,0.001
10/9/2024 4:00,Solar,0.001
10/9/2024 5:00,Solar,0.001
10/9/2024 6:00,Solar,0.001
10/9/2024 7:00,Solar,0.015
10/9/2024 8:00,Solar,0.291
10/9/2024 9:00,Solar,0.729
10/9/2024 10:00,Solar,0.872
10/9/2024 11:00,Solar,0.879
10/9/2024 12:00,Solar,0.863
10/9/2024 13:00,Solar,0.839
10/9/2024 14:00,Solar,0.822
10/9/2024 15:00,Solar,0.791
10/9/2024 16:00,Solar,0.683
10/9/2024 17:00,Solar,0.409
10/9/2024 18:00,Solar,0.082
10/9/2024 19:00,Solar,0.002
10/9/2024 20:00,Solar,0.001
10/9/2024 21:00,Solar,0.001
10/9/2024 22:00,Solar,0.001
10/9/2024 23:00,Solar,0.001
10/10/2024 0:00,Solar,0.001
10/10/2024 1:00,Solar,0.001
10/10/2024 2:00,Solar,0.001
10/10/2024 3:00,Solar,0.001
10/10/2024 4:00,Solar,0.001
10/10/2024 5:00,Solar,0.001
10/10/2024 6:00,Solar,0.001
10/10/2024 7:00,Solar,0.005
10/10/2024 8:00,Solar,0.164
10/10/2024 9:00,Solar,0.545
10/10/2024 10:00,Solar,0.763
10/10/2024 11:00,Solar,0.862
10/10/2024 12:00,Solar,0.886
10/10/2024 13:00,Solar,0.895
10/10/2024 14:00,Solar,0.909
10/10/2024 15:00,Solar,0.914
10/10/2024 16:00,Solar,0.841
10/10/2024 17:00,Solar,0.51
10/10/2024 18:00,Solar,0.097
10/10/2024 19:00,Solar,0.002
10/10/2024 20:00,Solar,0.001
10/10/2024 21:00,Solar,0.001
10/10/2024 22:00,Solar,0.001
10/10/2024 23:00,Solar,0.001
10/11/2024 0:00,Solar,0.001
10/11/2024 1:00,Solar,0.001
10/11/2024 2:00,Solar,0.001
10/11/2024 3:00,Solar,0.001
10/11/2024 4:00,Solar,0.001
10/11/2024 5:00,Solar,0.001
10/11/2024 6:00,Solar,0.001
10/11/2024 7:00,Solar,0.014
10/11/2024 8:00,Solar,0.288
10/11/2024 9:00,Solar,0.737
10/11/2024 10:00,Solar,0.9
10/11/2024 11:00,Solar,0.912
10/11/2024 12:00,Solar,0.89
10/11/2024 13:00,Solar,0.872
10/11/2024 14:00,Solar,0.897
10/11/2024 15:00,Solar,0.919
10/11/2024 16:00,Solar,0.845
10/11/2024 17:00,Solar,0.495
10/11/2024 18:00,Solar,0.081
10/11/2024 19:00,Solar,0.002
10/11/2024 20:00,Solar,0.001
10/11/2024 21:00,Solar,0.001
10/11/2024 22:00,Solar,0.001
10/11/2024 23:00,Solar,0.001
10/12/2024 0:00,Solar,0.001
10/12/2024 1:00,Solar,0.001
10/12/2024 2:00,Solar,0.001
10/12/2024 3:00,Solar,0.001
10/12/2024 4:00,Solar,0.001
10/12/2024 5:00,Solar,0.001
10/12/2024 6:00,Solar,0.001
10/12/2024 7:00,Solar,0.011
10/12/2024 8:00,Solar,0.246
10/12/2024 9:00,Solar,0.663
10/12/2024 10:00,Solar,0.829
10/12/2024 11:00,Solar,0.845
10/12/2024 12:00,Solar,0.847
10/12/2024 13:00,Solar,0.851
10/12/2024 14:00,Solar,0.852
10/12/2024 15:00,Solar,0.825
10/12/2024 16:00,Solar,0.706
10/12/2024 17:00,Solar,0.369
10/12/2024 18:00,Solar,0.065
10/12/2024 19:00,Solar,0.006
10/12/2024 20:00,Solar,0
10/12/2024 21:00,Solar,0
10/12/2024 22:00,Solar,0
10/12/2024 23:00,Solar,0
10/13/2024 0:00,Solar,0
10/13/2024 1:00,Solar,0
10/13/2024 2:00,Solar,0
10/13/2024 3:00,Solar,0
10/13/2024 4:00,Solar,0
10/13/2024 5:00,Solar,0
10/13/2024 6:00,Solar,0
10/13/2024 7:00,Solar,0.01
10/13/2024 8:00,Solar,0.237
10/13/2024 9:00,Solar,0.644
10/13/2024 10:00,Solar,0.824
10/13/2024 11:00,Solar,0.851
10/13/2024 12:00,Solar,0.837
10/13/2024 13:00,Solar,0.832
10/13/2024 14:00,Solar,0.82
10/13/2024 15:00,Solar,0.799
10/13/2024 16:00,Solar,0.686
10/13/2024 17:00,Solar,0.35
10/13/2024 18:00,Solar,0.053
10/13/2024 19:00,Solar,0.001
10/13/2024 20:00,Solar,0
10/13/2024 21:00,Solar,0
10/13/2024 22:00,Solar,0
10/13/2024 23:00,Solar,0
10/14/2024 0:00,Solar,0
10/14/2024 1:00,Solar,0
10/14/2024 2:00,Solar,0
10/14/2024 3:00,Solar,0
10/14/2024 4:00,Solar,0
10/14/2024 5:00,Solar,0
10/14/2024 6:00,Solar,0
10/14/2024 7:00,Solar,0.006
10/14/2024 8:00,Solar,0.188
10/14/2024 9:00,Solar,0.495
10/14/2024 10:00,Solar,0.637
10/14/2024 11:00,Solar,0.669
10/14/2024 12:00,Solar,0.685
10/14/2024 13:00,Solar,0.687
10/14/2024 14:00,Solar,0.674
10/14/2024 15:00,Solar,0.634
10/14/2024 16:00,Solar,0.514
10/14/2024 17:00,Solar,0.242
10/14/2024 18:00,Solar,0.032
10/14/2024 19:00,Solar,0.011
10/14/2024 20:00,Solar,0.011
10/14/2024 21:00,Solar,0.011
10/14/2024 22:00,Solar,0.002
10/14/2024 23:00,Solar,0.001
10/15/2024 0:00,Solar,0.001
10/15/2024 1:00,Solar,0.001
10/15/2024 2:00,Solar,0.001
10/15/2024 3:00,Solar,0.001
10/15/2024 4:00,Solar,0.001
10/15/2024 5:00,Solar,0.001
10/15/2024 6:00,Solar,0.001
10/15/2024 7:00,Solar,0.009
10/15/2024 8:00,Solar,0.189
10/15/2024 9:00,Solar,0.506
10/15/2024 10:00,Solar,0.651
10/15/2024 11:00,Solar,0.641
10/15/2024 12:00,Solar,0.607
10/15/2024 13:00,Solar,0.601
10/15/2024 14:00,Solar,0.539
10/15/2024 15:00,Solar,0.472
10/15/2024 16:00,Solar,0.398
10/15/2024 17:00,Solar,0.224
10/15/2024 18:00,Solar,0.042
10/15/2024 19:00,Solar,0.001
10/15/2024 20:00,Solar,0.001
10/15/2024 21:00,Solar,0.001
10/15/2024 22:00,Solar,0.001
10/15/2024 23:00,Solar,0.001
10/16/2024 0:00,Solar,0.001
10/16/2024 1:00,Solar,0.001
10/16/2024 2:00,Solar,0.001
10/16/2024 3:00,Solar,0.001
10/16/2024 4:00,Solar,0.001
10/16/2024 5:00,Solar,0.001
10/16/2024 6:00,Solar,0.001
10/16/2024 7:00,Solar,0.005
10/16/2024 8:00,Solar,0.193
10/16/2024 9:00,Solar,0.629
10/16/2024 10:00,Solar,0.777
10/16/2024 11:00,Solar,0.778
10/16/2024 12:00,Solar,0.728
10/16/2024 13:00,Solar,0.711
10/16/2024 14:00,Solar,0.669
10/16/2024 15:00,Solar,0.633
10/16/2024 16:00,Solar,0.576
10/16/2024 17:00,Solar,0.339
10/16/2024 18:00,Solar,0.052
10/16/2024 19:00,Solar,0.002
10/16/2024 20:00,Solar,0.001
10/16/2024 21:00,Solar,0.001
10/16/2024 22:00,Solar,0.001
10/16/2024 23:00,Solar,0.001
10/17/2024 0:00,Solar,0.001
10/17/2024 1:00,Solar,0.001
10/17/2024 2:00,Solar,0.001
10/17/2024 3:00,Solar,0.001
10/17/2024 4:00,Solar,0.001
10/17/2024 5:00,Solar,0.001
10/17/2024 6:00,Solar,0.001
10/17/2024 7:00,Solar,0.003
10/17/2024 8:00,Solar,0.238
10/17/2024 9:00,Solar,0.71
10/17/2024 10:00,Solar,0.909
10/17/2024 11:00,Solar,0.934
10/17/2024 12:00,Solar,0.929
10/17/2024 13:00,Solar,0.935
10/17/2024 14:00,Solar,0.935
10/17/2024 15:00,Solar,0.933
10/17/2024 16:00,Solar,0.844
10/17/2024 17:00,Solar,0.461
10/17/2024 18:00,Solar,0.065
10/17/2024 19:00,Solar,0.004
10/17/2024 20:00,Solar,0.003
10/17/2024 21:00,Solar,0.003
10/17/2024 22:00,Solar,0.003
10/17/2024 23:00,Solar,0.003
10/18/2024 0:00,Solar,0.003
10/18/2024 1:00,Solar,0.003
10/18/2024 2:00,Solar,0.003
10/18/2024 3:00,Solar,0.003
10/18/2024 4:00,Solar,0.003
10/18/2024 5:00,Solar,0.003
10/18/2024 6:00,Solar,0.003
10/18/2024 7:00,Solar,0.007
10/18/2024 8:00,Solar,0.259
10/18/2024 9:00,Solar,0.754
10/18/2024 10:00,Solar,0.951
10/18/2024 11:00,Solar,0.956
10/18/2024 12:00,Solar,0.942
10/18/2024 13:00,Solar,0.94
10/18/2024 14:00,Solar,0.953
10/18/2024 15:00,Solar,0.955
10/18/2024 16:00,Solar,0.861
10/18/2024 17:00,Solar,0.458
10/18/2024 18:00,Solar,0.057
10/18/2024 19:00,Solar,0.004
10/18/2024 20:00,Solar,0.003
10/18/2024 21:00,Solar,0.003
10/18/2024 22:00,Solar,0.003
10/18/2024 23:00,Solar,0.003
10/19/2024 0:00,Solar,0.003
10/19/2024 1:00,Solar,0.003
10/19/2024 2:00,Solar,0.003
10/19/2024 3:00,Solar,0.003
10/19/2024 4:00,Solar,0.003
10/19/2024 5:00,Solar,0.003
10/19/2024 6:00,Solar,0.003
10/19/2024 7:00,Solar,0.009
10/19/2024 8:00,Solar,0.246
10/19/2024 9:00,Solar,0.745
10/19/2024 10:00,Solar,0.943
10/19/2024 11:00,Solar,0.943
10/19/2024 12:00,Solar,0.92
10/19/2024 13:00,Solar,0.908
10/19/2024 14:00,Solar,0.921
10/19/2024 15:00,Solar,0.92
10/19/2024 16:00,Solar,0.82
10/19/2024 17:00,Solar,0.42
10/19/2024 18:00,Solar,0.051
10/19/2024 19:00,Solar,0.004
10/19/2024 20:00,Solar,0.003
10/19/2024 21:00,Solar,0.003
10/19/2024 22:00,Solar,0.003
10/19/2024 23:00,Solar,0.003
10/20/2024 0:00,Solar,0.003
10/20/2024 1:00,Solar,0.003
10/20/2024 2:00,Solar,0.003
10/20/2024 3:00,Solar,0.003
10/20/2024 4:00,Solar,0.003
10/20/2024 5:00,Solar,0.003
10/20/2024 6:00,Solar,0.003
10/20/2024 7:00,Solar,0.008
10/20/2024 8:00,Solar,0.219
10/20/2024 9:00,Solar,0.716
10/20/2024 10:00,Solar,0.932
10/20/2024 11:00,Solar,0.953
10/20/2024 12:00,Solar,0.933
10/20/2024 13:00,Solar,0.921
10/20/2024 14:00,Solar,0.927
10/20/2024 15:00,Solar,0.93
10/20/2024 16:00,Solar,0.835
10/20/2024 17:00,Solar,0.423
10/20/2024 18:00,Solar,0.049
10/20/2024 19:00,Solar,0.004
10/20/2024 20:00,Solar,0.003
10/20/2024 21:00,Solar,0.003
10/20/2024 22:00,Solar,0.003
10/20/2024 23:00,Solar,0.003
10/21/2024 0:00,Solar,0.003
10/21/2024 1:00,Solar,0.003
10/21/2024 2:00,Solar,0.003
10/21/2024 3:00,Solar,0.003
10/21/2024 4:00,Solar,0.003
10/21/2024 5:00,Solar,0.003
10/21/2024 6:00,Solar,0.003
10/21/2024 7:00,Solar,0.007
10/21/2024 8:00,Solar,0.221
10/21/2024 9:00,Solar,0.699
10/21/2024 10:00,Solar,0.904
10/21/2024 11:00,Solar,0.906
10/21/2024 12:00,Solar,0.87
10/21/2024 13:00,Solar,0.864
10/21/2024 14:00,Solar,0.871
10/21/2024 15:00,Solar,0.873
10/21/2024 16:00,Solar,0.774
10/21/2024 17:00,Solar,0.384
10/21/2024 18:00,Solar,0.044
10/21/2024 19:00,Solar,0.004
10/21/2024 20:00,Solar,0.003
10/21/2024 21:00,Solar,0.003
10/21/2024 22:00,Solar,0.003
10/21/2024 23:00,Solar,0.003
10/22/2024 0:00,Solar,0.003
10/22/2024 1:00,Solar,0.003
10/22/2024 2:00,Solar,0.003
10/22/2024 3:00,Solar,0.003
10/22/2024 4:00,Solar,0.003
10/22/2024 5:00,Solar,0.003
10/22/2024 6:00,Solar,0.003
10/22/2024 7:00,Solar,0.007
10/22/2024 8:00,Solar,0.211
10/22/2024 9:00,Solar,0.674
10/22/2024 10:00,Solar,0.877
10/22/2024 11:00,Solar,0.888
10/22/2024 12:00,Solar,0.858
10/22/2024 13:00,Solar,0.868
10/22/2024 14:00,Solar,0.889
10/22/2024 15:00,Solar,0.854
10/22/2024 16:00,Solar,0.754
10/22/2024 17:00,Solar,0.355
10/22/2024 18:00,Solar,0.032
10/22/2024 19:00,Solar,0.004
10/22/2024 20:00,Solar,0.003
10/22/2024 21:00,Solar,0.003
10/22/2024 22:00,Solar,0.003
10/22/2024 23:00,Solar,0.003
10/23/2024 0:00,Solar,0.003
10/23/2024 1:00,Solar,0.003
10/23/2024 2:00,Solar,0.003
10/23/2024 3:00,Solar,0.003
10/23/2024 4:00,Solar,0.003
10/23/2024 5:00,Solar,0.003
10/23/2024 6:00,Solar,0.003
10/23/2024 7:00,Solar,0.005
10/23/2024 8:00,Solar,0.148
10/23/2024 9:00,Solar,0.562
10/23/2024 10:00,Solar,0.835
10/23/2024 11:00,Solar,0.868
10/23/2024 12:00,Solar,0.855
10/23/2024 13:00,Solar,0.85
10/23/2024 14:00,Solar,0.852
10/23/2024 15:00,Solar,0.766
10/23/2024 16:00,Solar,0.63
10/23/2024 17:00,Solar,0.277
10/23/2024 18:00,Solar,0.029
10/23/2024 19:00,Solar,0.006
10/23/2024 20:00,Solar,0.006
10/23/2024 21:00,Solar,0.006
10/23/2024 22:00,Solar,0.006
10/23/2024 23:00,Solar,0.006
10/24/2024 0:00,Solar,0.006
10/24/2024 1:00,Solar,0.006
10/24/2024 2:00,Solar,0.006
10/24/2024 3:00,Solar,0.006
10/24/2024 4:00,Solar,0.006
