t,SUM_LOAD
1/1/2024 5:00,82660.1
1/1/2024 6:00,81280.4
1/1/2024 7:00,80044.5
1/1/2024 8:00,79290.9
1/1/2024 9:00,79860.8
1/1/2024 10:00,81398.8
1/1/2024 11:00,83212.2
1/1/2024 12:00,84682.3
1/1/2024 13:00,85844.5
1/1/2024 14:00,86995.7
1/1/2024 15:00,88136.7
1/1/2024 16:00,88949.9
1/1/2024 17:00,89814.7
1/1/2024 18:00,90593.9
1/1/2024 19:00,90914.4
1/1/2024 20:00,91913.3
1/1/2024 21:00,94504.7
1/1/2024 22:00,98363.6
1/1/2024 23:00,98732.4
1/2/2024 0:00,97756.9
1/2/2024 1:00,95970.1
1/2/2024 2:00,93968.8
1/2/2024 3:00,90388.2
1/2/2024 4:00,86895.9
1/2/2024 5:00,84495.4
1/2/2024 6:00,83213.7
1/2/2024 7:00,82558.2
1/2/2024 8:00,83013.7
1/2/2024 9:00,85131.2
1/2/2024 10:00,89771.1
1/2/2024 11:00,96767.3
1/2/2024 12:00,102111.6
1/2/2024 13:00,103143.7
1/2/2024 14:00,102199
1/2/2024 15:00,100885.9
1/2/2024 16:00,98760.9
1/2/2024 17:00,97346.9
1/2/2024 18:00,96553.1
1/2/2024 19:00,96134.7
1/2/2024 20:00,96780.3
1/2/2024 21:00,100096.4
1/2/2024 22:00,105835.9
1/2/2024 23:00,107639.3
1/3/2024 0:00,107088.1
1/3/2024 1:00,105786.6
1/3/2024 2:00,103229.4
1/3/2024 3:00,99342.2
1/3/2024 4:00,95566.9
1/3/2024 5:00,92863
1/3/2024 6:00,91528.8
1/3/2024 7:00,91001.7
1/3/2024 8:00,91454.2
1/3/2024 9:00,93295.5
1/3/2024 10:00,97891
1/3/2024 11:00,104998.1
1/3/2024 12:00,109553
1/3/2024 13:00,109012.5
1/3/2024 14:00,104966.3
1/3/2024 15:00,101062.3
1/3/2024 16:00,98494.8
1/3/2024 17:00,96854.5
1/3/2024 18:00,96059.9
1/3/2024 19:00,95734.8
1/3/2024 20:00,97130.1
1/3/2024 21:00,100424.7
1/3/2024 22:00,105258.7
1/3/2024 23:00,106045.5
1/4/2024 0:00,105037
1/4/2024 1:00,103601.6
1/4/2024 2:00,100584.4
1/4/2024 3:00,95986.6
1/4/2024 4:00,91425.8
1/4/2024 5:00,88149.1
1/4/2024 6:00,86553.8
1/4/2024 7:00,85664.9
1/4/2024 8:00,85756.6
1/4/2024 9:00,87375.4
1/4/2024 10:00,91882.1
1/4/2024 11:00,98802.5
1/4/2024 12:00,103568.8
1/4/2024 13:00,104519.7
1/4/2024 14:00,104259.6
1/4/2024 15:00,103594.4
1/4/2024 16:00,102161.2
1/4/2024 17:00,101272.2
1/4/2024 18:00,101059.1
1/4/2024 19:00,100255.1
1/4/2024 20:00,100150.9
1/4/2024 21:00,102793.3
1/4/2024 22:00,108384
1/4/2024 23:00,110466.3
1/5/2024 0:00,110218.6
1/5/2024 1:00,109115
1/5/2024 2:00,106725.3
1/5/2024 3:00,102859.6
1/5/2024 4:00,99154.1
1/5/2024 5:00,96768.6
1/5/2024 6:00,95743.5
1/5/2024 7:00,95585
1/5/2024 8:00,96313.9
1/5/2024 9:00,98505.9
1/5/2024 10:00,103467.5
1/5/2024 11:00,110773.9
1/5/2024 12:00,115826.3
1/5/2024 13:00,115140.1
1/5/2024 14:00,110615.2
1/5/2024 15:00,105968.2
1/5/2024 16:00,102259.6
1/5/2024 17:00,99423.6
1/5/2024 18:00,97278.1
1/5/2024 19:00,96338.6
1/5/2024 20:00,97184.9
1/5/2024 21:00,100925.7
1/5/2024 22:00,106528.8
1/5/2024 23:00,107921.2
1/6/2024 0:00,107439
1/6/2024 1:00,106351.1
1/6/2024 2:00,104219.4
1/6/2024 3:00,100825.1
1/6/2024 4:00,97032.1
1/6/2024 5:00,94257.4
1/6/2024 6:00,92465.8
1/6/2024 7:00,91138
1/6/2024 8:00,90628.9
1/6/2024 9:00,90790.7
1/6/2024 10:00,91882.1
1/6/2024 11:00,94190.1
1/6/2024 12:00,96645.6
1/6/2024 13:00,98669
1/6/2024 14:00,100583.1
1/6/2024 15:00,101873.6
1/6/2024 16:00,102270.2
1/6/2024 17:00,102278.8
1/6/2024 18:00,101985.5
1/6/2024 19:00,101383
1/6/2024 20:00,101090.3
1/6/2024 21:00,102139.5
1/6/2024 22:00,104324.6
1/6/2024 23:00,103798.4
1/7/2024 0:00,102010.2
1/7/2024 1:00,99879.9
1/7/2024 2:00,97162.8
1/7/2024 3:00,93927.9
1/7/2024 4:00,90529
1/7/2024 5:00,87763.2
1/7/2024 6:00,86009.4
1/7/2024 7:00,84813.1
1/7/2024 8:00,84348.8
1/7/2024 9:00,84657.1
1/7/2024 10:00,85867.6
1/7/2024 11:00,87794.9
1/7/2024 12:00,90181.4
1/7/2024 13:00,92217.5
1/7/2024 14:00,93426.7
1/7/2024 15:00,93022.4
1/7/2024 16:00,92429.3
1/7/2024 17:00,92256.6
1/7/2024 18:00,92374.2
1/7/2024 19:00,92826.5
1/7/2024 20:00,93931.9
1/7/2024 21:00,96847.3
1/7/2024 22:00,100884
1/7/2024 23:00,101681.2
1/8/2024 0:00,100930.9
1/8/2024 1:00,99483.1
1/8/2024 2:00,96440
1/8/2024 3:00,92727
1/8/2024 4:00,89245.7
1/8/2024 5:00,86520.3
1/8/2024 6:00,85417
1/8/2024 7:00,84915.9
1/8/2024 8:00,85393.8
1/8/2024 9:00,87863.2
1/8/2024 10:00,92943.9
1/8/2024 11:00,100897.9
1/8/2024 12:00,106237.3
1/8/2024 13:00,106293.5
1/8/2024 14:00,103409.1
1/8/2024 15:00,100497.3
1/8/2024 16:00,98151.7
1/8/2024 17:00,96761.2
1/8/2024 18:00,95818.5
1/8/2024 19:00,95251.7
1/8/2024 20:00,96188.1
1/8/2024 21:00,99397.4
1/8/2024 22:00,104840.7
1/8/2024 23:00,106608.4
1/9/2024 0:00,106085.8
1/9/2024 1:00,104906.4
1/9/2024 2:00,102258
1/9/2024 3:00,97884.3
1/9/2024 4:00,93773.4
1/9/2024 5:00,90714.9
1/9/2024 6:00,88891.2
1/9/2024 7:00,88323
1/9/2024 8:00,88215.2
1/9/2024 9:00,89562.2
1/9/2024 10:00,93573.8
1/9/2024 11:00,100085.2
1/9/2024 12:00,104960.5
1/9/2024 13:00,106155.5
1/9/2024 14:00,106428.5
1/9/2024 15:00,106784.8
1/9/2024 16:00,106392.7
1/9/2024 17:00,105925.9
1/9/2024 18:00,105075.8
1/9/2024 19:00,103537.6
1/9/2024 20:00,102625.6
1/9/2024 21:00,103197.2
1/9/2024 22:00,104743
1/9/2024 23:00,103582.2
1/10/2024 0:00,100896.3
1/10/2024 1:00,97738
1/10/2024 2:00,93893.4
1/10/2024 3:00,89220.3
1/10/2024 4:00,84817.4
1/10/2024 5:00,82229.9
1/10/2024 6:00,80403.1
1/10/2024 7:00,79636.2
1/10/2024 8:00,80278.4
1/10/2024 9:00,82286.5
1/10/2024 10:00,86666.3
1/10/2024 11:00,93637.6
1/10/2024 12:00,99220.4
1/10/2024 13:00,100593.1
1/10/2024 14:00,99490.4
1/10/2024 15:00,98947.7
1/10/2024 16:00,98976.9
1/10/2024 17:00,99983.8
1/10/2024 18:00,100528.4
1/10/2024 19:00,99917.4
1/10/2024 20:00,100236.9
1/10/2024 21:00,102496.3
1/10/2024 22:00,106004.9
1/10/2024 23:00,106454
1/11/2024 0:00,105447.7
1/11/2024 1:00,103778.1
1/11/2024 2:00,100882.4
1/11/2024 3:00,96540.1
1/11/2024 4:00,92180.3
1/11/2024 5:00,89231.5
1/11/2024 6:00,87785.4
1/11/2024 7:00,87311
1/11/2024 8:00,87678.8
1/11/2024 9:00,89640.7
1/11/2024 10:00,94407.4
1/11/2024 11:00,102016.8
1/11/2024 12:00,106917.4
1/11/2024 13:00,106550
1/11/2024 14:00,102884.3
1/11/2024 15:00,99937.6
1/11/2024 16:00,97335.9
1/11/2024 17:00,94939.7
1/11/2024 18:00,93244
1/11/2024 19:00,92427.8
1/11/2024 20:00,92622.8
1/11/2024 21:00,95391.2
1/11/2024 22:00,100660.7
1/11/2024 23:00,102729
1/12/2024 0:00,102543.7
1/12/2024 1:00,101716.2
1/12/2024 2:00,99299.4
1/12/2024 3:00,95514.1
1/12/2024 4:00,92062.5
1/12/2024 5:00,89770.6
1/12/2024 6:00,88584.2
1/12/2024 7:00,88429.7
1/12/2024 8:00,89106.8
1/12/2024 9:00,91383.1
1/12/2024 10:00,95890.9
1/12/2024 11:00,103199.7
1/12/2024 12:00,108121.3
1/12/2024 13:00,107309.2
1/12/2024 14:00,103362.7
1/12/2024 15:00,100186.9
1/12/2024 16:00,98158.6
1/12/2024 17:00,97199.8
1/12/2024 18:00,97140.3
1/12/2024 19:00,97496.2
1/12/2024 20:00,98109.9
1/12/2024 21:00,100220.2
1/12/2024 22:00,102726.9
1/12/2024 23:00,101924.6
1/13/2024 0:00,99481
1/13/2024 1:00,96816.4
1/13/2024 2:00,93316.8
1/13/2024 3:00,89417.7
1/13/2024 4:00,85614.2
1/13/2024 5:00,82433.4
1/13/2024 6:00,80256.9
1/13/2024 7:00,78896
1/13/2024 8:00,78616.7
1/13/2024 9:00,79510.8
1/13/2024 10:00,81336.8
1/13/2024 11:00,84453.6
1/13/2024 12:00,88230
1/13/2024 13:00,90767.1
1/13/2024 14:00,92444.4
1/13/2024 15:00,94006.8
1/13/2024 16:00,94562.8
1/13/2024 17:00,94581.6
1/13/2024 18:00,93411.5
1/13/2024 19:00,93168.8
1/13/2024 20:00,94292.7
1/13/2024 21:00,97505.7
1/13/2024 22:00,102127.6
1/13/2024 23:00,104253.6
1/14/2024 0:00,103789.6
1/14/2024 1:00,102905.6
1/14/2024 2:00,101162.3
1/14/2024 3:00,98752.7
1/14/2024 4:00,95990.2
1/14/2024 5:00,93907.8
1/14/2024 6:00,92375.9
1/14/2024 7:00,92003.2
1/14/2024 8:00,92284.5
1/14/2024 9:00,93367.5
1/14/2024 10:00,95120.6
1/14/2024 11:00,98041.7
1/14/2024 12:00,101289.3
1/14/2024 13:00,102588.4
1/14/2024 14:00,101646.5
1/14/2024 15:00,99999.6
1/14/2024 16:00,99822.4
1/14/2024 17:00,100921.6
1/14/2024 18:00,100146.1
1/14/2024 19:00,99150.9
1/14/2024 20:00,99965.7
1/14/2024 21:00,104423.5
1/14/2024 22:00,110502.1
1/14/2024 23:00,113260.4
1/15/2024 0:00,112923.8
1/15/2024 1:00,112348.4
1/15/2024 2:00,110384.3
1/15/2024 3:00,107317.9
1/15/2024 4:00,104253.9
1/15/2024 5:00,101842.8
1/15/2024 6:00,100580.9
1/15/2024 7:00,99931.3
1/15/2024 8:00,100449.1
1/15/2024 9:00,102141.4
1/15/2024 10:00,105763
1/15/2024 11:00,110586.1
1/15/2024 12:00,114803.2
1/15/2024 13:00,117041.9
1/15/2024 14:00,118309.3
1/15/2024 15:00,118609.6
1/15/2024 16:00,118208.7
1/15/2024 17:00,117437.5
1/15/2024 18:00,117121.2
1/15/2024 19:00,116591.3
1/15/2024 20:00,116958.6
1/15/2024 21:00,118811.7
1/15/2024 22:00,122259.6
1/15/2024 23:00,123288.5
1/16/2024 0:00,121833.6
1/16/2024 1:00,120172
1/16/2024 2:00,116751.8
1/16/2024 3:00,112256.8
1/16/2024 4:00,108069.3
1/16/2024 5:00,105038.2
1/16/2024 6:00,103262.6
1/16/2024 7:00,102434.6
1/16/2024 8:00,102457.4
1/16/2024 9:00,104323
1/16/2024 10:00,108143
1/16/2024 11:00,113661.8
1/16/2024 12:00,118022.9
1/16/2024 13:00,120721.8
1/16/2024 14:00,121748.3
1/16/2024 15:00,122237.3
1/16/2024 16:00,122113.5
1/16/2024 17:00,121418.6
1/16/2024 18:00,120903.2
1/16/2024 19:00,119713.3
1/16/2024 20:00,119287.4
1/16/2024 21:00,121212.2
1/16/2024 22:00,125992.9
1/16/2024 23:00,128474
1/17/2024 0:00,128036.4
1/17/2024 1:00,126866.5
1/17/2024 2:00,124477.7
1/17/2024 3:00,120448.1
1/17/2024 4:00,117367.8
1/17/2024 5:00,115489.5
1/17/2024 6:00,114715.1
1/17/2024 7:00,114907.6
1/17/2024 8:00,115739.8
1/17/2024 9:00,117961.5
1/17/2024 10:00,122247.9
1/17/2024 11:00,128386.7
1/17/2024 12:00,133444.7
1/17/2024 13:00,133908.6
1/17/2024 14:00,130273.5
1/17/2024 15:00,126978.2
1/17/2024 16:00,124446.8
1/17/2024 17:00,121808.8
1/17/2024 18:00,119684.6
1/17/2024 19:00,117806.2
1/17/2024 20:00,117348.2
1/17/2024 21:00,119917.5
1/17/2024 22:00,125273.8
1/17/2024 23:00,127725.2
1/18/2024 0:00,126933.2
1/18/2024 1:00,125371.9
1/18/2024 2:00,122406.5
1/18/2024 3:00,117746.9
1/18/2024 4:00,113725
1/18/2024 5:00,110839
1/18/2024 6:00,109387
1/18/2024 7:00,109093.6
1/18/2024 8:00,109248.7
1/18/2024 9:00,110779.9
1/18/2024 10:00,114915.4
1/18/2024 11:00,121537
1/18/2024 12:00,125674.6
1/18/2024 13:00,124928.2
1/18/2024 14:00,122442.4
1/18/2024 15:00,119476.1
1/18/2024 16:00,116995.7
1/18/2024 17:00,115030.1
1/18/2024 18:00,113644.7
1/18/2024 19:00,112159.5
1/18/2024 20:00,111947.1
1/18/2024 21:00,113400.3
1/18/2024 22:00,116742.3
1/18/2024 23:00,117532.3
1/19/2024 0:00,116252.3
1/19/2024 1:00,114503.3
1/19/2024 2:00,111305.6
1/19/2024 3:00,107069.7
1/19/2024 4:00,103242.5
1/19/2024 5:00,100443
1/19/2024 6:00,98819.1
1/19/2024 7:00,97989.5
1/19/2024 8:00,98107.9
1/19/2024 9:00,99883.8
1/19/2024 10:00,103608.9
1/19/2024 11:00,108914.9
1/19/2024 12:00,113639.5
1/19/2024 13:00,115931.4
1/19/2024 14:00,117073.8
1/19/2024 15:00,117579.3
1/19/2024 16:00,116945.8
1/19/2024 17:00,116226.7
1/19/2024 18:00,115489.6
1/19/2024 19:00,114940.2
1/19/2024 20:00,114686.6
1/19/2024 21:00,116332.6
1/19/2024 22:00,120250.4
1/19/2024 23:00,121436.1
1/20/2024 0:00,119950.2
1/20/2024 1:00,118191
1/20/2024 2:00,115673.8
1/20/2024 3:00,112445.1
1/20/2024 4:00,109348.6
1/20/2024 5:00,107235.1
1/20/2024 6:00,105996.2
1/20/2024 7:00,105736.3
1/20/2024 8:00,106296.2
1/20/2024 9:00,107486
1/20/2024 10:00,109543.8
1/20/2024 11:00,112990.8
1/20/2024 12:00,116548.5
1/20/2024 13:00,118382.2
1/20/2024 14:00,118807.7
1/20/2024 15:00,118738.7
1/20/2024 16:00,117529.6
1/20/2024 17:00,115992.9
1/20/2024 18:00,114457.5
1/20/2024 19:00,113705.6
1/20/2024 20:00,114109.9
1/20/2024 21:00,116841.6
1/20/2024 22:00,121707.9
1/20/2024 23:00,124499.3
1/21/2024 0:00,124165.7
1/21/2024 1:00,123278.4
1/21/2024 2:00,121375.7
1/21/2024 3:00,118321.2
1/21/2024 4:00,115382.8
1/21/2024 5:00,112902.4
1/21/2024 6:00,111457.9
1/21/2024 7:00,110559.5
1/21/2024 8:00,110433.3
1/21/2024 9:00,110729.8
1/21/2024 10:00,112094
1/21/2024 11:00,114487.9
1/21/2024 12:00,116864.8
1/21/2024 13:00,117647.6
1/21/2024 14:00,115990.3
1/21/2024 15:00,113532.2
1/21/2024 16:00,111149.8
1/21/2024 17:00,108864.9
1/21/2024 18:00,106613.1
1/21/2024 19:00,104913.9
1/21/2024 20:00,105098.6
1/21/2024 21:00,108413.8
1/21/2024 22:00,114544.9
1/21/2024 23:00,118505.6
1/22/2024 0:00,118817.5
1/22/2024 1:00,118225.2
1/22/2024 2:00,116037.9
1/22/2024 3:00,113000.6
1/22/2024 4:00,109869.2
1/22/2024 5:00,108102.3
1/22/2024 6:00,107462.9
1/22/2024 7:00,107926.7
1/22/2024 8:00,109011
1/22/2024 9:00,111744.5
1/22/2024 10:00,116799.8
1/22/2024 11:00,124241.9
1/22/2024 12:00,129155.2
1/22/2024 13:00,128041.2
1/22/2024 14:00,122677.3
1/22/2024 15:00,117857.3
1/22/2024 16:00,114167.4
1/22/2024 17:00,110885.9
1/22/2024 18:00,108384.9
1/22/2024 19:00,106768.8
1/22/2024 20:00,106729.2
1/22/2024 21:00,108740.3
1/22/2024 22:00,112954.1
1/22/2024 23:00,115234
1/23/2024 0:00,114522.5
1/23/2024 1:00,112626.5
1/23/2024 2:00,109446.4
1/23/2024 3:00,105030.3
1/23/2024 4:00,100586.1
1/23/2024 5:00,97457.4
1/23/2024 6:00,95805.8
1/23/2024 7:00,95178.9
1/23/2024 8:00,95339.8
1/23/2024 9:00,97230.3
1/23/2024 10:00,101640
1/23/2024 11:00,108372
1/23/2024 12:00,112896.9
1/23/2024 13:00,112659.8
1/23/2024 14:00,110419.1
1/23/2024 15:00,108240
1/23/2024 16:00,105945.8
1/23/2024 17:00,103945.4
1/23/2024 18:00,102518.7
1/23/2024 19:00,101580.1
1/23/2024 20:00,101777.5
1/23/2024 21:00,103208.1
1/23/2024 22:00,106909.2
1/23/2024 23:00,107992.4
1/24/2024 0:00,106856.4
1/24/2024 1:00,104740.4
1/24/2024 2:00,101184.8
1/24/2024 3:00,96374.9
1/24/2024 4:00,91597.3
1/24/2024 5:00,88468.5
1/24/2024 6:00,86340.7
1/24/2024 7:00,85343.2
1/24/2024 8:00,85064
1/24/2024 9:00,86306.9
1/24/2024 10:00,90418.3
1/24/2024 11:00,97145
1/24/2024 12:00,101619.4
1/24/2024 13:00,102026
1/24/2024 14:00,101225.2
1/24/2024 15:00,100310.7
1/24/2024 16:00,99224.1
1/24/2024 17:00,98089.4
1/24/2024 18:00,97200.4
1/24/2024 19:00,96229.3
1/24/2024 20:00,96028.5
1/24/2024 21:00,97230.6
1/24/2024 22:00,100440.8
1/24/2024 23:00,101043.1
1/25/2024 0:00,99518.6
1/25/2024 1:00,97504.5
1/25/2024 2:00,93993.6
1/25/2024 3:00,89374.3
1/25/2024 4:00,84539.2
1/25/2024 5:00,81185.8
1/25/2024 6:00,78891.3
1/25/2024 7:00,77701
1/25/2024 8:00,77423.5
1/25/2024 9:00,78629.3
1/25/2024 10:00,82385.3
1/25/2024 11:00,88836.7
1/25/2024 12:00,93507.4
1/25/2024 13:00,94412.2
1/25/2024 14:00,94496.6
1/25/2024 15:00,94198.6
1/25/2024 16:00,93404.3
1/25/2024 17:00,92661.2
1/25/2024 18:00,92273.7
1/25/2024 19:00,91488.1
1/25/2024 20:00,91075.1
1/25/2024 21:00,92174.4
1/25/2024 22:00,94849.8
1/25/2024 23:00,95576.8
1/26/2024 0:00,94150.7
1/26/2024 1:00,92232.9
1/26/2024 2:00,89239.3
1/26/2024 3:00,85083.3
1/26/2024 4:00,80704.2
1/26/2024 5:00,77457.3
1/26/2024 6:00,75177.6
1/26/2024 7:00,73826.2
1/26/2024 8:00,73602.7
1/26/2024 9:00,74704.8
1/26/2024 10:00,78332.8
1/26/2024 11:00,84556.1
1/26/2024 12:00,89760.5
1/26/2024 13:00,91009.9
1/26/2024 14:00,91497.2
1/26/2024 15:00,91472.3
1/26/2024 16:00,91120.8
1/26/2024 17:00,90568.8
1/26/2024 18:00,90045.7
1/26/2024 19:00,89455.9
1/26/2024 20:00,89395.2
1/26/2024 21:00,90237.6
1/26/2024 22:00,92415.6
1/26/2024 23:00,92830.4
1/27/2024 0:00,91133.6
1/27/2024 1:00,89075.7
1/27/2024 2:00,86680.9
1/27/2024 3:00,83162.8
1/27/2024 4:00,79545.4
1/27/2024 5:00,76574.3
1/27/2024 6:00,74432.9
1/27/2024 7:00,73283.1
1/27/2024 8:00,73122.2
1/27/2024 9:00,73601.1
1/27/2024 10:00,75392.8
1/27/2024 11:00,78131.1
1/27/2024 12:00,81438.5
1/27/2024 13:00,83990.2
1/27/2024 14:00,85258
1/27/2024 15:00,85309.4
1/27/2024 16:00,85384
1/27/2024 17:00,84986.7
1/27/2024 18:00,84523.2
1/27/2024 19:00,84093.1
1/27/2024 20:00,84558.7
1/27/2024 21:00,86221.9
1/27/2024 22:00,89221.5
1/27/2024 23:00,90288.6
1/28/2024 0:00,89277.3
1/28/2024 1:00,87896.1
1/28/2024 2:00,86196.7
1/28/2024 3:00,83547.5
1/28/2024 4:00,80579.2
1/28/2024 5:00,78234.6
1/28/2024 6:00,76448
1/28/2024 7:00,75358.9
1/28/2024 8:00,74999.9
1/28/2024 9:00,75631.7
1/28/2024 10:00,76818.6
1/28/2024 11:00,79129.5
1/28/2024 12:00,82321.3
1/28/2024 13:00,85411
1/28/2024 14:00,88040.1
1/28/2024 15:00,89916
1/28/2024 16:00,90675.5
1/28/2024 17:00,91368.7
1/28/2024 18:00,91364.4
1/28/2024 19:00,91388.4
1/28/2024 20:00,92108.1
1/28/2024 21:00,93957.1
1/28/2024 22:00,96856.2
1/28/2024 23:00,98649.9
1/29/2024 0:00,98107.2
1/29/2024 1:00,96544
1/29/2024 2:00,93734.5
1/29/2024 3:00,90358.1
1/29/2024 4:00,86557.7
1/29/2024 5:00,83846.8
1/29/2024 6:00,82406.8
1/29/2024 7:00,81901.4
1/29/2024 8:00,82334.7
1/29/2024 9:00,84589
1/29/2024 10:00,89515
1/29/2024 11:00,97091.9
1/29/2024 12:00,102441.4
1/29/2024 13:00,103475.7
1/29/2024 14:00,103018.3
1/29/2024 15:00,102496
1/29/2024 16:00,102191.5
1/29/2024 17:00,101285.6
1/29/2024 18:00,100882.4
1/29/2024 19:00,99675.3
1/29/2024 20:00,99144
1/29/2024 21:00,101048.5
1/29/2024 22:00,105182.6
1/29/2024 23:00,107272.4
1/30/2024 0:00,106493.7
1/30/2024 1:00,104770.3
1/30/2024 2:00,101607.2
1/30/2024 3:00,96986.8
1/30/2024 4:00,92836.3
1/30/2024 5:00,90001.6
1/30/2024 6:00,88281.8
1/30/2024 7:00,87687.3
1/30/2024 8:00,88050.2
1/30/2024 9:00,89883.3
1/30/2024 10:00,94708.5
1/30/2024 11:00,102329.3
1/30/2024 12:00,107205.2
1/30/2024 13:00,107328.5
1/30/2024 14:00,105888.8
1/30/2024 15:00,104390.1
1/30/2024 16:00,102859.7
1/30/2024 17:00,101706.4
1/30/2024 18:00,101355.9
1/30/2024 19:00,100689
1/30/2024 20:00,100882.5
1/30/2024 21:00,102672.9
1/30/2024 22:00,105984.2
1/30/2024 23:00,107591.8
1/31/2024 0:00,106408.6
1/31/2024 1:00,104484.3
1/31/2024 2:00,101158.5
1/31/2024 3:00,96467.3
1/31/2024 4:00,91852.5
1/31/2024 5:00,88778.2
1/31/2024 6:00,86931.4
1/31/2024 7:00,86106.9
1/31/2024 8:00,86116
1/31/2024 9:00,87611.8
1/31/2024 10:00,92049.6
1/31/2024 11:00,99130
1/31/2024 12:00,103721.9
1/31/2024 13:00,104666.4
1/31/2024 14:00,103916.2
1/31/2024 15:00,102652
1/31/2024 16:00,101503.3
1/31/2024 17:00,100705.7
1/31/2024 18:00,100262
1/31/2024 19:00,99419.7
1/31/2024 20:00,99227.8
1/31/2024 21:00,100640
1/31/2024 22:00,103628
1/31/2024 23:00,105306.7
2/1/2024 0:00,104771.3
2/1/2024 1:00,103521.7
2/1/2024 2:00,100853.8
2/1/2024 3:00,96815.8
2/1/2024 4:00,93059.9
2/1/2024 5:00,90326.1
2/1/2024 6:00,89045.3
2/1/2024 7:00,88817.3
2/1/2024 8:00,89268.5
2/1/2024 9:00,91611.9
2/1/2024 10:00,96395.5
2/1/2024 11:00,103987.9
2/1/2024 12:00,108640.8
2/1/2024 13:00,106650.5
2/1/2024 14:00,102225.2
2/1/2024 15:00,98303.2
2/1/2024 16:00,94994.2
2/1/2024 17:00,92334.8
2/1/2024 18:00,91194.1
2/1/2024 19:00,89959.2
2/1/2024 20:00,89766.1
2/1/2024 21:00,91812.1
2/1/2024 22:00,96034.9
2/1/2024 23:00,98931.1
2/2/2024 0:00,98241.3
2/2/2024 1:00,97181.7
2/2/2024 2:00,94504.3
2/2/2024 3:00,90265.8
2/2/2024 4:00,86088.6
2/2/2024 5:00,83153.6
2/2/2024 6:00,81336.8
2/2/2024 7:00,80546.6
2/2/2024 8:00,80784.6
2/2/2024 9:00,82049.5
2/2/2024 10:00,86166.6
2/2/2024 11:00,93072.4
2/2/2024 12:00,98133.6
2/2/2024 13:00,98868.3
2/2/2024 14:00,98243.3
2/2/2024 15:00,97753.5
2/2/2024 16:00,96593.7
2/2/2024 17:00,95608.8
2/2/2024 18:00,94833.6
2/2/2024 19:00,93637.8
2/2/2024 20:00,93115.7
2/2/2024 21:00,94323
2/2/2024 22:00,97326.9
2/2/2024 23:00,99198.1
2/3/2024 0:00,98444.9
2/3/2024 1:00,97353.5
2/3/2024 2:00,95327.4
2/3/2024 3:00,92436.8
2/3/2024 4:00,89081.6
2/3/2024 5:00,86710.2
2/3/2024 6:00,85232.4
2/3/2024 7:00,84596.5
2/3/2024 8:00,84830.9
2/3/2024 9:00,85665.4
2/3/2024 10:00,87979.5
2/3/2024 11:00,91363.7
2/3/2024 12:00,94744
2/3/2024 13:00,95516.8
2/3/2024 14:00,93334.1
2/3/2024 15:00,90633.9
2/3/2024 16:00,87918.6
2/3/2024 17:00,85308.2
2/3/2024 18:00,83202.3
2/3/2024 19:00,81646.5
2/3/2024 20:00,82208.4
2/3/2024 21:00,84910.3
2/3/2024 22:00,89361.6
2/3/2024 23:00,93663.7
2/4/2024 0:00,94231.9
2/4/2024 1:00,94085.9
2/4/2024 2:00,93270.7
2/4/2024 3:00,91496.6
2/4/2024 4:00,89295.6
2/4/2024 5:00,87705.4
2/4/2024 6:00,86791.5
2/4/2024 7:00,86621.3
2/4/2024 8:00,86813.8
2/4/2024 9:00,87800.5
2/4/2024 10:00,89774.4
2/4/2024 11:00,92702.1
2/4/2024 12:00,95369.7
2/4/2024 13:00,94629.9
2/4/2024 14:00,90937.2
2/4/2024 15:00,87122.4
2/4/2024 16:00,84288.7
2/4/2024 17:00,82030
2/4/2024 18:00,80452.7
2/4/2024 19:00,79691.7
2/4/2024 20:00,80506.6
2/4/2024 21:00,83755.3
2/4/2024 22:00,89193.5
2/4/2024 23:00,94144.2
2/5/2024 0:00,95370.4
2/5/2024 1:00,94976.4
2/5/2024 2:00,93179.8
2/5/2024 3:00,90707.8
2/5/2024 4:00,88135.3
2/5/2024 5:00,86503.6
2/5/2024 6:00,85938.5
2/5/2024 7:00,86268
2/5/2024 8:00,87440.4
2/5/2024 9:00,90415.9
2/5/2024 10:00,95974.6
2/5/2024 11:00,104068.1
2/5/2024 12:00,108936.8
2/5/2024 13:00,106536.4
2/5/2024 14:00,101442.5
2/5/2024 15:00,97408.1
2/5/2024 16:00,94283.6
2/5/2024 17:00,92017.1
2/5/2024 18:00,90285.5
2/5/2024 19:00,89230.5
2/5/2024 20:00,89410.7
2/5/2024 21:00,92228.6
2/5/2024 22:00,97290
2/5/2024 23:00,101441.3
2/6/2024 0:00,101800.7
2/6/2024 1:00,100930.1
2/6/2024 2:00,98609.5
2/6/2024 3:00,94768.2
2/6/2024 4:00,91457.7
2/6/2024 5:00,89307.8
2/6/2024 6:00,88342.2
2/6/2024 7:00,88113.1
2/6/2024 8:00,88862.6
2/6/2024 9:00,91390.7
2/6/2024 10:00,96585.6
2/6/2024 11:00,104623.8
2/6/2024 12:00,108985.1
2/6/2024 13:00,106923.9
2/6/2024 14:00,102740.5
2/6/2024 15:00,99006.4
2/6/2024 16:00,96004.1
2/6/2024 17:00,93590.4
2/6/2024 18:00,91674.4
2/6/2024 19:00,90528.4
2/6/2024 20:00,90723.6
2/6/2024 21:00,93423.3
2/6/2024 22:00,98617.8
2/6/2024 23:00,103365.3
2/7/2024 0:00,104199.7
2/7/2024 1:00,103568
2/7/2024 2:00,101324.4
2/7/2024 3:00,97635
2/7/2024 4:00,94289.6
2/7/2024 5:00,92304.3
2/7/2024 6:00,91391.7
2/7/2024 7:00,91282.8
2/7/2024 8:00,92027.6
2/7/2024 9:00,94294.5
2/7/2024 10:00,99559.1
2/7/2024 11:00,107335.6
2/7/2024 12:00,111755.4
2/7/2024 13:00,108862
2/7/2024 14:00,102976.1
2/7/2024 15:00,97980
2/7/2024 16:00,94257.2
2/7/2024 17:00,91293.9
2/7/2024 18:00,89803.1
2/7/2024 19:00,88648.4
2/7/2024 20:00,88647.1
2/7/2024 21:00,91043.8
2/7/2024 22:00,95308.6
2/7/2024 23:00,99433.5
2/8/2024 0:00,100143.8
2/8/2024 1:00,99696.8
2/8/2024 2:00,97630.1
2/8/2024 3:00,94125.3
2/8/2024 4:00,90627.2
2/8/2024 5:00,88350.2
2/8/2024 6:00,87516.5
2/8/2024 7:00,87442.4
2/8/2024 8:00,88376.7
2/8/2024 9:00,90708.9
2/8/2024 10:00,95440
2/8/2024 11:00,102799.9
2/8/2024 12:00,106884.8
2/8/2024 13:00,104636.8
2/8/2024 14:00,99428.4
2/8/2024 15:00,94894
2/8/2024 16:00,91611.2
2/8/2024 17:00,89583.2
2/8/2024 18:00,88542.3
2/8/2024 19:00,87565.7
2/8/2024 20:00,87671.8
2/8/2024 21:00,89607.3
2/8/2024 22:00,93411.4
2/8/2024 23:00,96597
2/9/2024 0:00,96466.4
2/9/2024 1:00,95349.2
2/9/2024 2:00,92584.3
2/9/2024 3:00,88412.3
2/9/2024 4:00,84243.7
2/9/2024 5:00,81288.7
2/9/2024 6:00,79381.5
2/9/2024 7:00,78372.4
2/9/2024 8:00,78401.5
2/9/2024 9:00,79900.4
2/9/2024 10:00,83950.1
2/9/2024 11:00,90790.8
2/9/2024 12:00,95291.2
2/9/2024 13:00,95675.5
2/9/2024 14:00,93638.4
2/9/2024 15:00,90640
2/9/2024 16:00,87731.9
2/9/2024 17:00,85653.1
2/9/2024 18:00,84685.6
2/9/2024 19:00,84087.3
2/9/2024 20:00,84233.9
2/9/2024 21:00,85548.8
2/9/2024 22:00,88071.5
2/9/2024 23:00,90274
2/10/2024 0:00,89494.8
2/10/2024 1:00,87990.6
2/10/2024 2:00,85862.4
2/10/2024 3:00,82716.7
2/10/2024 4:00,79070
2/10/2024 5:00,76043.5
2/10/2024 6:00,74269.4
2/10/2024 7:00,73300.7
2/10/2024 8:00,72831.9
2/10/2024 9:00,73424.8
2/10/2024 10:00,75072.9
2/10/2024 11:00,78002.2
2/10/2024 12:00,80862.1
2/10/2024 13:00,82831
2/10/2024 14:00,83768.5
2/10/2024 15:00,83994.8
2/10/2024 16:00,83317.6
2/10/2024 17:00,82425.3
2/10/2024 18:00,80643.1
2/10/2024 19:00,79579.7
2/10/2024 20:00,79660.6
2/10/2024 21:00,80894.1
2/10/2024 22:00,83414.3
2/10/2024 23:00,85919.5
2/11/2024 0:00,85503.1
2/11/2024 1:00,84240.4
2/11/2024 2:00,82074.6
2/11/2024 3:00,79442.8
2/11/2024 4:00,76446.2
2/11/2024 5:00,74185.6
2/11/2024 6:00,72550.2
2/11/2024 7:00,71714.6
2/11/2024 8:00,71480.1
2/11/2024 9:00,71926
2/11/2024 10:00,73220.9
2/11/2024 11:00,75421.6
2/11/2024 12:00,78104.2
2/11/2024 13:00,81013.9
2/11/2024 14:00,83304.3
2/11/2024 15:00,84292.1
2/11/2024 16:00,84737.8
2/11/2024 17:00,84559
2/11/2024 18:00,83818.6
2/11/2024 19:00,83127.6
2/11/2024 20:00,83140.5
2/11/2024 21:00,85070.2
2/11/2024 22:00,88408.3
2/11/2024 23:00,89964.9
2/12/2024 0:00,88148.3
2/12/2024 1:00,86860.4
2/12/2024 2:00,85664.3
2/12/2024 3:00,83095.8
2/12/2024 4:00,81910.4
2/12/2024 5:00,79241.2
2/12/2024 6:00,77538.3
2/12/2024 7:00,77000.1
2/12/2024 8:00,77173.7
2/12/2024 9:00,79259.2
2/12/2024 10:00,83960
2/12/2024 11:00,91428.2
2/12/2024 12:00,96458.3
2/12/2024 13:00,97271.6
2/12/2024 14:00,96165.7
2/12/2024 15:00,94722.9
2/12/2024 16:00,93162.6
2/12/2024 17:00,92381.9
2/12/2024 18:00,91761.1
2/12/2024 19:00,91140.8
2/12/2024 20:00,91323.1
2/12/2024 21:00,92997.7
2/12/2024 22:00,96045.8
2/12/2024 23:00,98470.7
2/13/2024 0:00,98091.2
2/13/2024 1:00,96452
2/13/2024 2:00,93441.8
2/13/2024 3:00,89284
2/13/2024 4:00,85544.4
2/13/2024 5:00,82755.2
2/13/2024 6:00,81589.9
2/13/2024 7:00,81367
2/13/2024 8:00,81844.5
2/13/2024 9:00,83759.9
2/13/2024 10:00,88488.6
2/13/2024 11:00,95472.3
2/13/2024 12:00,100467
2/13/2024 13:00,101934.5
2/13/2024 14:00,101356.7
2/13/2024 15:00,100179.3
2/13/2024 16:00,98068.5
2/13/2024 17:00,96506.8
2/13/2024 18:00,94721
2/13/2024 19:00,93154.1
2/13/2024 20:00,92532.7
2/13/2024 21:00,94247.3
2/13/2024 22:00,98188.4
2/13/2024 23:00,102139.7
2/14/2024 0:00,102451.2
2/14/2024 1:00,101177.1
2/14/2024 2:00,98381
2/14/2024 3:00,94368
2/14/2024 4:00,90461.1
2/14/2024 5:00,87760.2
2/14/2024 6:00,86284.7
2/14/2024 7:00,85820.6
2/14/2024 8:00,86132.4
2/14/2024 9:00,87993.3
2/14/2024 10:00,93188.5
2/14/2024 11:00,101125.3
2/14/2024 12:00,105530
2/14/2024 13:00,103886.4
2/14/2024 14:00,100304
2/14/2024 15:00,97411.7
2/14/2024 16:00,94969.3
2/14/2024 17:00,92995.7
2/14/2024 18:00,91637.4
2/14/2024 19:00,90159.9
2/14/2024 20:00,89965.6
2/14/2024 21:00,91904.4
2/14/2024 22:00,96632.2
2/14/2024 23:00,101144
2/15/2024 0:00,101856.1
2/15/2024 1:00,101441.4
2/15/2024 2:00,99663.7
2/15/2024 3:00,96161
2/15/2024 4:00,93102.7
2/15/2024 5:00,91024
2/15/2024 6:00,90303.4
2/15/2024 7:00,90205.6
2/15/2024 8:00,91004.6
2/15/2024 9:00,93291
2/15/2024 10:00,98695.8
2/15/2024 11:00,106283.3
2/15/2024 12:00,110174.2
2/15/2024 13:00,107344.6
2/15/2024 14:00,102781.9
2/15/2024 15:00,99675.6
2/15/2024 16:00,97122.1
2/15/2024 17:00,95017.5
2/15/2024 18:00,93655.6
2/15/2024 19:00,92390.3
2/15/2024 20:00,91896.1
2/15/2024 21:00,93533
2/15/2024 22:00,97158.2
2/15/2024 23:00,100628.8
2/16/2024 0:00,100804.8
2/16/2024 1:00,99261.9
2/16/2024 2:00,96317.6
2/16/2024 3:00,92462.9
2/16/2024 4:00,88927.8
2/16/2024 5:00,86398.5
2/16/2024 6:00,84854.4
2/16/2024 7:00,84240.6
2/16/2024 8:00,84912.8
2/16/2024 9:00,86858.7
2/16/2024 10:00,91516.8
2/16/2024 11:00,98585.6
2/16/2024 12:00,102683.5
2/16/2024 13:00,102269
2/16/2024 14:00,100340.8
2/16/2024 15:00,98357.2
2/16/2024 16:00,96352.6
2/16/2024 17:00,94462.6
2/16/2024 18:00,93466.4
2/16/2024 19:00,92722.4
2/16/2024 20:00,93200.8
2/16/2024 21:00,95640.6
2/16/2024 22:00,99076.6
2/16/2024 23:00,101669
2/17/2024 0:00,101436.5
2/17/2024 1:00,100175.8
2/17/2024 2:00,98226.6
2/17/2024 3:00,95116.7
2/17/2024 4:00,91580.7
2/17/2024 5:00,89017.4
2/17/2024 6:00,87920.6
2/17/2024 7:00,87408
2/17/2024 8:00,87650.7
2/17/2024 9:00,88285.4
2/17/2024 10:00,90188.2
2/17/2024 11:00,93275.5
2/17/2024 12:00,96282.4
2/17/2024 13:00,98669.5
2/17/2024 14:00,99798.8
2/17/2024 15:00,99411.1
2/17/2024 16:00,98871.8
2/17/2024 17:00,98132.3
2/17/2024 18:00,96713.8
2/17/2024 19:00,94996.9
2/17/2024 20:00,94680.3
2/17/2024 21:00,96444.9
2/17/2024 22:00,100550.2
2/17/2024 23:00,105231.1
2/18/2024 0:00,105985.3
2/18/2024 1:00,105417.3
2/18/2024 2:00,104065.1
2/18/2024 3:00,101797
2/18/2024 4:00,99377
2/18/2024 5:00,97519.2
2/18/2024 6:00,96582.1
2/18/2024 7:00,96173
2/18/2024 8:00,96412.8
2/18/2024 9:00,97387
2/18/2024 10:00,99007.5
2/18/2024 11:00,101526.8
2/18/2024 12:00,103751.1
2/18/2024 13:00,103562.1
2/18/2024 14:00,100588.4
2/18/2024 15:00,97490.5
2/18/2024 16:00,94494.7
2/18/2024 17:00,91837.3
2/18/2024 18:00,89527.1
2/18/2024 19:00,87722
2/18/2024 20:00,87523.7
2/18/2024 21:00,89588.9
2/18/2024 22:00,94051.7
2/18/2024 23:00,98774.9
2/19/2024 0:00,99949.6
2/19/2024 1:00,99152.9
2/19/2024 2:00,97389.1
2/19/2024 3:00,94470.7
2/19/2024 4:00,91620.6
2/19/2024 5:00,90024
2/19/2024 6:00,89380
2/19/2024 7:00,89632.8
2/19/2024 8:00,90766.7
2/19/2024 9:00,93307.3
2/19/2024 10:00,97729.7
2/19/2024 11:00,103971.2
2/19/2024 12:00,107586.4
2/19/2024 13:00,105389.5
2/19/2024 14:00,101133.2
2/19/2024 15:00,97443.3
2/19/2024 16:00,94513
2/19/2024 17:00,92189.7
2/19/2024 18:00,90424.2
2/19/2024 19:00,89125.2
2/19/2024 20:00,88736.3
2/19/2024 21:00,90812.8
2/19/2024 22:00,95220.9
2/19/2024 23:00,100514
2/20/2024 0:00,101873.3
2/20/2024 1:00,101637.9
2/20/2024 2:00,99714.5
2/20/2024 3:00,96396.7
2/20/2024 4:00,93589.4
2/20/2024 5:00,91814.4
2/20/2024 6:00,91125
2/20/2024 7:00,91477.1
2/20/2024 8:00,92589.3
2/20/2024 9:00,95168.9
2/20/2024 10:00,100519.3
2/20/2024 11:00,108651.7
2/20/2024 12:00,112299.8
2/20/2024 13:00,108008.4
2/20/2024 14:00,101519.9
2/20/2024 15:00,96669.8
2/20/2024 16:00,93126.4
2/20/2024 17:00,90704.7
2/20/2024 18:00,88798.9
2/20/2024 19:00,87453.7
2/20/2024 20:00,87242.7
2/20/2024 21:00,89860.9
2/20/2024 22:00,94256.6
2/20/2024 23:00,99279.3
2/21/2024 0:00,100673.3
2/21/2024 1:00,100216.7
2/21/2024 2:00,98218.4
2/21/2024 3:00,94490.6
2/21/2024 4:00,91158.7
2/21/2024 5:00,89122.9
2/21/2024 6:00,88511.3
2/21/2024 7:00,88831
2/21/2024 8:00,89897.6
2/21/2024 9:00,92327.5
2/21/2024 10:00,97836.2
2/21/2024 11:00,105837.7
2/21/2024 12:00,109355.2
2/21/2024 13:00,105837
2/21/2024 14:00,100557.9
2/21/2024 15:00,96201.3
2/21/2024 16:00,92483.8
2/21/2024 17:00,90073.7
2/21/2024 18:00,88256.8
2/21/2024 19:00,86744.9
2/21/2024 20:00,86574.5
2/21/2024 21:00,88842.9
2/21/2024 22:00,92833.1
2/21/2024 23:00,97249.8
2/22/2024 0:00,97849.2
2/22/2024 1:00,97050.1
2/22/2024 2:00,94688.5
2/22/2024 3:00,90729.6
2/22/2024 4:00,87268.3
2/22/2024 5:00,84998.2
2/22/2024 6:00,84011.4
2/22/2024 7:00,83798.3
2/22/2024 8:00,84086.3
2/22/2024 9:00,86259.1
2/22/2024 10:00,91004.3
2/22/2024 11:00,98271
2/22/2024 12:00,102018.8
2/22/2024 13:00,99740.2
2/22/2024 14:00,96555.2
2/22/2024 15:00,94230.2
2/22/2024 16:00,92889.4
2/22/2024 17:00,92325.7
2/22/2024 18:00,91532.3
2/22/2024 19:00,91259.8
2/22/2024 20:00,91569.2
2/22/2024 21:00,93174.6
2/22/2024 22:00,95418.8
2/22/2024 23:00,97564.8
2/23/2024 0:00,97058.4
2/23/2024 1:00,95315.4
2/23/2024 2:00,92043.1
2/23/2024 3:00,87865
2/23/2024 4:00,83614.5
2/23/2024 5:00,80577.2
2/23/2024 6:00,78689.9
2/23/2024 7:00,77866.4
2/23/2024 8:00,77813.4
2/23/2024 9:00,79384.5
2/23/2024 10:00,83464.6
2/23/2024 11:00,90271.5
2/23/2024 12:00,94389.5
2/23/2024 13:00,95051.2
2/23/2024 14:00,93992.3
2/23/2024 15:00,92862
2/23/2024 16:00,91658.1
2/23/2024 17:00,90583.1
2/23/2024 18:00,89675.3
2/23/2024 19:00,88411.6
2/23/2024 20:00,88151.8
2/23/2024 21:00,89506.4
2/23/2024 22:00,91242.6
2/23/2024 23:00,93544.4
2/24/2024 0:00,93592.5
2/24/2024 1:00,92596.2
2/24/2024 2:00,90560.4
2/24/2024 3:00,87821.4
2/24/2024 4:00,84676.8
2/24/2024 5:00,82144.2
2/24/2024 6:00,80777.1
2/24/2024 7:00,79849.1
2/24/2024 8:00,79665.4
2/24/2024 9:00,80301.5
2/24/2024 10:00,82392.9
2/24/2024 11:00,85645.5
2/24/2024 12:00,88622.4
2/24/2024 13:00,90642.4
2/24/2024 14:00,91275.9
2/24/2024 15:00,91024.6
2/24/2024 16:00,89561.6
2/24/2024 17:00,86996.8
2/24/2024 18:00,85274.3
2/24/2024 19:00,84566
2/24/2024 20:00,85070.3
2/24/2024 21:00,87579.4
2/24/2024 22:00,91509.4
2/24/2024 23:00,95864.3
2/25/2024 0:00,97146.2
2/25/2024 1:00,96873.1
2/25/2024 2:00,95732.2
2/25/2024 3:00,93688.2
2/25/2024 4:00,91508.1
2/25/2024 5:00,89950.3
2/25/2024 6:00,89248.2
2/25/2024 7:00,89047.8
2/25/2024 8:00,89520.9
2/25/2024 9:00,90638.8
2/25/2024 10:00,92894.6
2/25/2024 11:00,95782.2
2/25/2024 12:00,97429.4
2/25/2024 13:00,95570.3
2/25/2024 14:00,91978.4
2/25/2024 15:00,88513
2/25/2024 16:00,85733.8
2/25/2024 17:00,83534.8
2/25/2024 18:00,81708.4
2/25/2024 19:00,80552.5
2/25/2024 20:00,80746.4
2/25/2024 21:00,83422.4
2/25/2024 22:00,88218.1
2/25/2024 23:00,93422.8
2/26/2024 0:00,95291.2
2/26/2024 1:00,94845.1
2/26/2024 2:00,92666.5
2/26/2024 3:00,89374.2
2/26/2024 4:00,86169.8
2/26/2024 5:00,83888.1
2/26/2024 6:00,82730.7
2/26/2024 7:00,82105.9
2/26/2024 8:00,82382.3
2/26/2024 9:00,84614.5
2/26/2024 10:00,89323.5
2/26/2024 11:00,97200.5
2/26/2024 12:00,100719.4
2/26/2024 13:00,97933.2
2/26/2024 14:00,93640
2/26/2024 15:00,90608.3
2/26/2024 16:00,87527.6
2/26/2024 17:00,85245
2/26/2024 18:00,84014.5
2/26/2024 19:00,83232.1
2/26/2024 20:00,83345
2/26/2024 21:00,84832.4
2/26/2024 22:00,87970.6
2/26/2024 23:00,91382.9
2/27/2024 0:00,91842.4
2/27/2024 1:00,90093.3
2/27/2024 2:00,87215.9
2/27/2024 3:00,83113.3
2/27/2024 4:00,79291.9
2/27/2024 5:00,76799.3
2/27/2024 6:00,75295.3
2/27/2024 7:00,74771.7
2/27/2024 8:00,75072
2/27/2024 9:00,76783.7
2/27/2024 10:00,81226
2/27/2024 11:00,88218.1
2/27/2024 12:00,91683.7
2/27/2024 13:00,90147.1
2/27/2024 14:00,87862
2/27/2024 15:00,86206.3
2/27/2024 16:00,85610.7
2/27/2024 17:00,85276.5
2/27/2024 18:00,85924.1
2/27/2024 19:00,86131.1
2/27/2024 20:00,86691.9
2/27/2024 21:00,88073.2
2/27/2024 22:00,90123.3
2/27/2024 23:00,91866.9
2/28/2024 0:00,91244.9
2/28/2024 1:00,89105.9
2/28/2024 2:00,85654.6
2/28/2024 3:00,80948.3
2/28/2024 4:00,76580.8
2/28/2024 5:00,73417.4
2/28/2024 6:00,71494.3
2/28/2024 7:00,70577.1
2/28/2024 8:00,70317
2/28/2024 9:00,71519.3
2/28/2024 10:00,75403.8
2/28/2024 11:00,82086.7
2/28/2024 12:00,86578.7
2/28/2024 13:00,88337.3
2/28/2024 14:00,89284.3
2/28/2024 15:00,89944.8
2/28/2024 16:00,90113.6
2/28/2024 17:00,90300
2/28/2024 18:00,90630
2/28/2024 19:00,90378.4
2/28/2024 20:00,90653.3
2/28/2024 21:00,91930.4
2/28/2024 22:00,94064.2
2/28/2024 23:00,96560.5
2/29/2024 0:00,97011.7
2/29/2024 1:00,95919.1
2/29/2024 2:00,93596.4
2/29/2024 3:00,90384.9
2/29/2024 4:00,87437.4
2/29/2024 5:00,85691.8
2/29/2024 6:00,85170.2
2/29/2024 7:00,85590.6
2/29/2024 8:00,86417.2
2/29/2024 9:00,89108.5
2/29/2024 10:00,94809
2/29/2024 11:00,102907.9
2/29/2024 12:00,106437.4
2/29/2024 13:00,103523.6
2/29/2024 14:00,99547.1
2/29/2024 15:00,96683.4
2/29/2024 16:00,94096.3
2/29/2024 17:00,91674.4
2/29/2024 18:00,90097
2/29/2024 19:00,88682.2
2/29/2024 20:00,88449.7
2/29/2024 21:00,90725.3
2/29/2024 22:00,94835.1
2/29/2024 23:00,99935.5
3/1/2024 0:00,101915.9
3/1/2024 1:00,101593.1
3/1/2024 2:00,99513.1
3/1/2024 3:00,95847.9
3/1/2024 4:00,92482.7
3/1/2024 5:00,90438.5
3/1/2024 6:00,89203.3
3/1/2024 7:00,89091.3
3/1/2024 8:00,89794.9
3/1/2024 9:00,91972.8
3/1/2024 10:00,96952.7
3/1/2024 11:00,104185.9
3/1/2024 12:00,106193.9
3/1/2024 13:00,102107.4
3/1/2024 14:00,97539.4
3/1/2024 15:00,94048.6
3/1/2024 16:00,91588.7
3/1/2024 17:00,89954.9
3/1/2024 18:00,89294.4
3/1/2024 19:00,88808.6
3/1/2024 20:00,89928
3/1/2024 21:00,92275.5
3/1/2024 22:00,94684.1
3/1/2024 23:00,96766.1
3/2/2024 0:00,96166.4
3/2/2024 1:00,94463.6
3/2/2024 2:00,91743.8
3/2/2024 3:00,88051.4
3/2/2024 4:00,84166.7
3/2/2024 5:00,81295.1
3/2/2024 6:00,79281.6
3/2/2024 7:00,77996.1
3/2/2024 8:00,77316.1
3/2/2024 9:00,77675.7
3/2/2024 10:00,79029.2
3/2/2024 11:00,81488.5
3/2/2024 12:00,83872.7
3/2/2024 13:00,86642.5
3/2/2024 14:00,88177.9
3/2/2024 15:00,88234.9
3/2/2024 16:00,87331.3
3/2/2024 17:00,85787.8
3/2/2024 18:00,84094.6
3/2/2024 19:00,82345.5
3/2/2024 20:00,81717.7
3/2/2024 21:00,82400.6
3/2/2024 22:00,84036.7
3/2/2024 23:00,86442.7
3/3/2024 0:00,86734
3/3/2024 1:00,85293.1
3/3/2024 2:00,83449.8
3/3/2024 3:00,80637.3
3/3/2024 4:00,77779
3/3/2024 5:00,75459.3
3/3/2024 6:00,73747.3
3/3/2024 7:00,72836.1
3/3/2024 8:00,72467.7
3/3/2024 9:00,73008.8
3/3/2024 10:00,74502.9
3/3/2024 11:00,76636.6
3/3/2024 12:00,77927.7
3/3/2024 13:00,77939.3
3/3/2024 14:00,76772.1
3/3/2024 15:00,75359.5
3/3/2024 16:00,74141.5
3/3/2024 17:00,73322
3/3/2024 18:00,72731.3
3/3/2024 19:00,72806.5
3/3/2024 20:00,73628.9
3/3/2024 21:00,75658.9
3/3/2024 22:00,78804.3
3/3/2024 23:00,82709.2
3/4/2024 0:00,84274.7
3/4/2024 1:00,82998.3
3/4/2024 2:00,80383.9
3/4/2024 3:00,76928.2
3/4/2024 4:00,73676.2
3/4/2024 5:00,71502.2
3/4/2024 6:00,70239.5
3/4/2024 7:00,69712.7
3/4/2024 8:00,70144.6
3/4/2024 9:00,72210.6
3/4/2024 10:00,76890.3
3/4/2024 11:00,83940.5
3/4/2024 12:00,87658.5
3/4/2024 13:00,87734.6
3/4/2024 14:00,85943.2
3/4/2024 15:00,84393.6
3/4/2024 16:00,83365.5
3/4/2024 17:00,83040.2
3/4/2024 18:00,83442
3/4/2024 19:00,83608.6
3/4/2024 20:00,83695.2
3/4/2024 21:00,84780.7
3/4/2024 22:00,86782.4
3/4/2024 23:00,89401.5
3/5/2024 0:00,89852.7
3/5/2024 1:00,87791.2
3/5/2024 2:00,84335.2
3/5/2024 3:00,80011.9
3/5/2024 4:00,75904.2
3/5/2024 5:00,72787.4
3/5/2024 6:00,71191.3
3/5/2024 7:00,70436.7
3/5/2024 8:00,70536.6
3/5/2024 9:00,72155.9
3/5/2024 10:00,76555.9
3/5/2024 11:00,83798
3/5/2024 12:00,87905.1
3/5/2024 13:00,88769.9
3/5/2024 14:00,88935.6
3/5/2024 15:00,88539.3
3/5/2024 16:00,88060.2
3/5/2024 17:00,87804.8
3/5/2024 18:00,87550.8
3/5/2024 19:00,86757.5
3/5/2024 20:00,86470.2
3/5/2024 21:00,87239.5
3/5/2024 22:00,89195.2
3/5/2024 23:00,91448.2
3/6/2024 0:00,91740.2
3/6/2024 1:00,89692.1
3/6/2024 2:00,86274.2
3/6/2024 3:00,81963
3/6/2024 4:00,77663.2
3/6/2024 5:00,74595.7
3/6/2024 6:00,72865.5
3/6/2024 7:00,71896.8
3/6/2024 8:00,71570.3
3/6/2024 9:00,72912.7
3/6/2024 10:00,76946.2
3/6/2024 11:00,83343.8
3/6/2024 12:00,87541.3
3/6/2024 13:00,89016.5
3/6/2024 14:00,89743.6
3/6/2024 15:00,89847.7
3/6/2024 16:00,89387.3
3/6/2024 17:00,89113.5
3/6/2024 18:00,89069.4
3/6/2024 19:00,88531.4
3/6/2024 20:00,88352.2
3/6/2024 21:00,89699.9
3/6/2024 22:00,91511.5
3/6/2024 23:00,93345
3/7/2024 0:00,93283.5
3/7/2024 1:00,91540
3/7/2024 2:00,88107.5
3/7/2024 3:00,83739.8
3/7/2024 4:00,79489.9
3/7/2024 5:00,76349.8
3/7/2024 6:00,74401
3/7/2024 7:00,73349.1
3/7/2024 8:00,73425.2
3/7/2024 9:00,74792.5
3/7/2024 10:00,78876.8
3/7/2024 11:00,85960.5
3/7/2024 12:00,89469.6
3/7/2024 13:00,89442.5
3/7/2024 14:00,88794
3/7/2024 15:00,88083
3/7/2024 16:00,87420
3/7/2024 17:00,86572.4
3/7/2024 18:00,85591.4
3/7/2024 19:00,85124.6
3/7/2024 20:00,84852
3/7/2024 21:00,85713
3/7/2024 22:00,87690.4
3/7/2024 23:00,90449.4
3/8/2024 0:00,91286.3
3/8/2024 1:00,90036.3
3/8/2024 2:00,87001.1
3/8/2024 3:00,83126.5
3/8/2024 4:00,79468.8
3/8/2024 5:00,76740.7
3/8/2024 6:00,75047.5
3/8/2024 7:00,74416.4
3/8/2024 8:00,74546
3/8/2024 9:00,76174.8
3/8/2024 10:00,80500.4
3/8/2024 11:00,87037.1
3/8/2024 12:00,89922.2
3/8/2024 13:00,88964.7
3/8/2024 14:00,87432.9
3/8/2024 15:00,85872.8
3/8/2024 16:00,84580.1
3/8/2024 17:00,83547.9
3/8/2024 18:00,83299.1
3/8/2024 19:00,83080.8
3/8/2024 20:00,83499.3
3/8/2024 21:00,85116.2
3/8/2024 22:00,87119.6
3/8/2024 23:00,89311.8
3/9/2024 0:00,89069.5
3/9/2024 1:00,87606.5
3/9/2024 2:00,85352.2
3/9/2024 3:00,82273.6
3/9/2024 4:00,78739.9
3/9/2024 5:00,76077.9
3/9/2024 6:00,74131.8
3/9/2024 7:00,73139.7
3/9/2024 8:00,72785.5
3/9/2024 9:00,73135.1
3/9/2024 10:00,74888.2
3/9/2024 11:00,77710.7
3/9/2024 12:00,80628.6
3/9/2024 13:00,83672.6
3/9/2024 14:00,86210.8
3/9/2024 15:00,87318.5
3/9/2024 16:00,87864.6
3/9/2024 17:00,87574.6
3/9/2024 18:00,86997.3
3/9/2024 19:00,86308.5
3/9/2024 20:00,86057.5
3/9/2024 21:00,86747.5
3/9/2024 22:00,88114.8
3/9/2024 23:00,89599.9
3/10/2024 0:00,89550.6
3/10/2024 1:00,87961.2
3/10/2024 2:00,85823.7
3/10/2024 3:00,82857.2
3/10/2024 4:00,79680.2
3/10/2024 5:00,77179.9
3/10/2024 6:00,75627.3
3/10/2024 7:00,74844.6
3/10/2024 8:00,75055.9
3/10/2024 9:00,76213.1
3/10/2024 10:00,78517.6
3/10/2024 11:00,80985.9
3/10/2024 12:00,82635.5
3/10/2024 13:00,83143.4
3/10/2024 14:00,83387.4
3/10/2024 15:00,84152.8
3/10/2024 16:00,84077.6
3/10/2024 17:00,83686.8
3/10/2024 18:00,83696
3/10/2024 19:00,83869.1
3/10/2024 20:00,84790.6
3/10/2024 21:00,86948.2
3/10/2024 22:00,90144.5
3/10/2024 23:00,94927.9
3/11/2024 0:00,97011.7
3/11/2024 1:00,95392.5
3/11/2024 2:00,92104.5
3/11/2024 3:00,88491.2
3/11/2024 4:00,85839.9
3/11/2024 5:00,84318.5
3/11/2024 6:00,83776.9
3/11/2024 7:00,84259.8
3/11/2024 8:00,86385.7
3/11/2024 9:00,91232.8
3/11/2024 10:00,98741.5
3/11/2024 11:00,104131.6
3/11/2024 12:00,103975.8
3/11/2024 13:00,99637
3/11/2024 14:00,95437.1
3/11/2024 15:00,92268.1
3/11/2024 16:00,89754.2
3/11/2024 17:00,87667.8
3/11/2024 18:00,85649.2
3/11/2024 19:00,84247.8
3/11/2024 20:00,84524.8
3/11/2024 21:00,86241.4
3/11/2024 22:00,88897
3/11/2024 23:00,92442.4
3/12/2024 0:00,93972.2
3/12/2024 1:00,91857.2
3/12/2024 2:00,87997.1
3/12/2024 3:00,83990.9
3/12/2024 4:00,81096
3/12/2024 5:00,79539.1
3/12/2024 6:00,79110
3/12/2024 7:00,79145.4
3/12/2024 8:00,81145
3/12/2024 9:00,85524.1
3/12/2024 10:00,92612.3
3/12/2024 11:00,97458.2
3/12/2024 12:00,95832.6
3/12/2024 13:00,91427.8
3/12/2024 14:00,87815.2
3/12/2024 15:00,84842.3
3/12/2024 16:00,82646.5
3/12/2024 17:00,81139.5
3/12/2024 18:00,80109.4
3/12/2024 19:00,79546.4
3/12/2024 20:00,80385.9
3/12/2024 21:00,82277.8
3/12/2024 22:00,84106.8
3/12/2024 23:00,86818.4
3/13/2024 0:00,87677.6
3/13/2024 1:00,85000.2
3/13/2024 2:00,80729.9
3/13/2024 3:00,76648.9
3/13/2024 4:00,73668.9
3/13/2024 5:00,72136.4
3/13/2024 6:00,71647.8
3/13/2024 7:00,71640.9
3/13/2024 8:00,73553.7
3/13/2024 9:00,78162.3
3/13/2024 10:00,85522.8
3/13/2024 11:00,90770.7
3/13/2024 12:00,90287.5
3/13/2024 13:00,87164.7
3/13/2024 14:00,84460.2
3/13/2024 15:00,82224.1
3/13/2024 16:00,80896.2
3/13/2024 17:00,80210.6
3/13/2024 18:00,79880.4
3/13/2024 19:00,79795.2
3/13/2024 20:00,80544.9
3/13/2024 21:00,81966.1
3/13/2024 22:00,83538.9
3/13/2024 23:00,85612.4
3/14/2024 0:00,86398.9
3/14/2024 1:00,83706.7
3/14/2024 2:00,79284.6
3/14/2024 3:00,75106.1
3/14/2024 4:00,72042.6
3/14/2024 5:00,70335.3
3/14/2024 6:00,69664.8
3/14/2024 7:00,69959.7
3/14/2024 8:00,71398.2
3/14/2024 9:00,75980.4
3/14/2024 10:00,83266.8
3/14/2024 11:00,88420.8
3/14/2024 12:00,88443.2
3/14/2024 13:00,86013.3
3/14/2024 14:00,83807.1
3/14/2024 15:00,82437.9
3/14/2024 16:00,81844.9
3/14/2024 17:00,81524
3/14/2024 18:00,81404.8
3/14/2024 19:00,81654.5
3/14/2024 20:00,82729.5
3/14/2024 21:00,84431.3
3/14/2024 22:00,85517.2
3/14/2024 23:00,86844
3/15/2024 0:00,86865
3/15/2024 1:00,83577.9
3/15/2024 2:00,79059.3
3/15/2024 3:00,74723.9
3/15/2024 4:00,71333.9
3/15/2024 5:00,69074.5
3/15/2024 6:00,67826.3
3/15/2024 7:00,67247.9
3/15/2024 8:00,68096.3
3/15/2024 9:00,71647.5
3/15/2024 10:00,77846
3/15/2024 11:00,82851.6
3/15/2024 12:00,84259.2
3/15/2024 13:00,84840
3/15/2024 14:00,84330.2
3/15/2024 15:00,83445.8
3/15/2024 16:00,83644.8
3/15/2024 17:00,83306
3/15/2024 18:00,82885.7
3/15/2024 19:00,82634.7
3/15/2024 20:00,82424.8
3/15/2024 21:00,82767.1
3/15/2024 22:00,82874.5
3/15/2024 23:00,83978.4
3/16/2024 0:00,84081.2
3/16/2024 1:00,82016.9
3/16/2024 2:00,78799.4
3/16/2024 3:00,75295.8
3/16/2024 4:00,72362.7
3/16/2024 5:00,70307.4
3/16/2024 6:00,69233
3/16/2024 7:00,69139.3
3/16/2024 8:00,69713.5
3/16/2024 9:00,71637.5
3/16/2024 10:00,74401.5
3/16/2024 11:00,77539.1
3/16/2024 12:00,79127.1
3/16/2024 13:00,78452.2
3/16/2024 14:00,76818.6
3/16/2024 15:00,75223.9
3/16/2024 16:00,73888.3
3/16/2024 17:00,72162.2
3/16/2024 18:00,71066.4
3/16/2024 19:00,71075.2
3/16/2024 20:00,72328
3/16/2024 21:00,74372.4
3/16/2024 22:00,76438.2
3/16/2024 23:00,78843.3
3/17/2024 0:00,80017.6
3/17/2024 1:00,78508.8
3/17/2024 2:00,75962.1
3/17/2024 3:00,73070.1
3/17/2024 4:00,70428.5
3/17/2024 5:00,68674.7
3/17/2024 6:00,67650.7
3/17/2024 7:00,67252.3
3/17/2024 8:00,67629
3/17/2024 9:00,68882.5
3/17/2024 10:00,71131.6
3/17/2024 11:00,73851.7
3/17/2024 12:00,75902.1
3/17/2024 13:00,76435.1
3/17/2024 14:00,75607.2
3/17/2024 15:00,74581.3
3/17/2024 16:00,74314.8
3/17/2024 17:00,73552.7
3/17/2024 18:00,73342.7
3/17/2024 19:00,73605.7
3/17/2024 20:00,75384.3
3/17/2024 21:00,78025.1
3/17/2024 22:00,80404.5
3/17/2024 23:00,83588.3
3/18/2024 0:00,85564.2
3/18/2024 1:00,83489.5
3/18/2024 2:00,79978.7
3/18/2024 3:00,76478.5
3/18/2024 4:00,74238.7
3/18/2024 5:00,73187.2
3/18/2024 6:00,72832.9
3/18/2024 7:00,73416
3/18/2024 8:00,75535.5
3/18/2024 9:00,80591.1
3/18/2024 10:00,88621.6
3/18/2024 11:00,94233
3/18/2024 12:00,95129.5
3/18/2024 13:00,93788.6
3/18/2024 14:00,92210.3
3/18/2024 15:00,91081.7
3/18/2024 16:00,90114.2
3/18/2024 17:00,89136
3/18/2024 18:00,88127
3/18/2024 19:00,88703.2
3/18/2024 20:00,90500.5
3/18/2024 21:00,92671
3/18/2024 22:00,95201.1
3/18/2024 23:00,98230.1
3/19/2024 0:00,99240.2
3/19/2024 1:00,96859.8
3/19/2024 2:00,92707.1
3/19/2024 3:00,88702.3
3/19/2024 4:00,86002.2
3/19/2024 5:00,84521.3
3/19/2024 6:00,84129.6
3/19/2024 7:00,84520.9
3/19/2024 8:00,86473
3/19/2024 9:00,91421.8
3/19/2024 10:00,99040.6
3/19/2024 11:00,104029
3/19/2024 12:00,103081
3/19/2024 13:00,100216.1
3/19/2024 14:00,97538
3/19/2024 15:00,94843.1
3/19/2024 16:00,92035.8
3/19/2024 17:00,89767.7
3/19/2024 18:00,87718.5
3/19/2024 19:00,86394.8
3/19/2024 20:00,86910.8
3/19/2024 21:00,88938.7
3/19/2024 22:00,91267.9
3/19/2024 23:00,94132.1
3/20/2024 0:00,95459
3/20/2024 1:00,92784.4
3/20/2024 2:00,88476.4
3/20/2024 3:00,84173.1
3/20/2024 4:00,81196.3
3/20/2024 5:00,79785.6
3/20/2024 6:00,79068.3
3/20/2024 7:00,79256.3
3/20/2024 8:00,80928.2
3/20/2024 9:00,85590.5
3/20/2024 10:00,92984.4
3/20/2024 11:00,97260.7
3/20/2024 12:00,96363.7
3/20/2024 13:00,93690.1
3/20/2024 14:00,91155.5
3/20/2024 15:00,89015.2
3/20/2024 16:00,87188.2
3/20/2024 17:00,86212.9
3/20/2024 18:00,85238.1
3/20/2024 19:00,84597.2
3/20/2024 20:00,85115.1
3/20/2024 21:00,86410.6
3/20/2024 22:00,88284.3
3/20/2024 23:00,91484.6
3/21/2024 0:00,93593.7
3/21/2024 1:00,92089.4
3/21/2024 2:00,88609.8
3/21/2024 3:00,85254.6
3/21/2024 4:00,83233.4
3/21/2024 5:00,82374.9
3/21/2024 6:00,82160.4
3/21/2024 7:00,83185.1
3/21/2024 8:00,85697.5
3/21/2024 9:00,91008.2
3/21/2024 10:00,98859.7
3/21/2024 11:00,104000.9
3/21/2024 12:00,102537.3
3/21/2024 13:00,98823
3/21/2024 14:00,95678
3/21/2024 15:00,92680.4
3/21/2024 16:00,90196.2
3/21/2024 17:00,88111.6
3/21/2024 18:00,86063.5
3/21/2024 19:00,84930.5
3/21/2024 20:00,85295.6
3/21/2024 21:00,86888
3/21/2024 22:00,89515.7
3/21/2024 23:00,93686.2
3/22/2024 0:00,96331.4
3/22/2024 1:00,94901.4
3/22/2024 2:00,91360.3
3/22/2024 3:00,87579.9
3/22/2024 4:00,85204
3/22/2024 5:00,84276.3
3/22/2024 6:00,84164
3/22/2024 7:00,84578.8
3/22/2024 8:00,86584.3
3/22/2024 9:00,91530.7
3/22/2024 10:00,98757.3
3/22/2024 11:00,103230.5
3/22/2024 12:00,101926.9
3/22/2024 13:00,98683.2
3/22/2024 14:00,95589.6
3/22/2024 15:00,93188.1
3/22/2024 16:00,90657.3
3/22/2024 17:00,89186.1
3/22/2024 18:00,88559.3
3/22/2024 19:00,88915.3
3/22/2024 20:00,89939.4
3/22/2024 21:00,90730.8
3/22/2024 22:00,91032.8
3/22/2024 23:00,92216.8
3/23/2024 0:00,92096.3
3/23/2024 1:00,89673.1
3/23/2024 2:00,86139
3/23/2024 3:00,82213.2
3/23/2024 4:00,79282.6
3/23/2024 5:00,77319.4
3/23/2024 6:00,76332.8
3/23/2024 7:00,76189.1
3/23/2024 8:00,76564.2
3/23/2024 9:00,78158
3/23/2024 10:00,80911.4
3/23/2024 11:00,83910
3/23/2024 12:00,87194.9
3/23/2024 13:00,89293.3
3/23/2024 14:00,90234.1
3/23/2024 15:00,89789
3/23/2024 16:00,88362.1
3/23/2024 17:00,86915.2
3/23/2024 18:00,85159.1
3/23/2024 19:00,84165.5
3/23/2024 20:00,84444
3/23/2024 21:00,85162
3/23/2024 22:00,86254.7
3/23/2024 23:00,89167.8
3/24/2024 0:00,91459
3/24/2024 1:00,90807.2
3/24/2024 2:00,89201
3/24/2024 3:00,86809.4
3/24/2024 4:00,84964.5
3/24/2024 5:00,83830.2
3/24/2024 6:00,83405.5
3/24/2024 7:00,83463.8
3/24/2024 8:00,84288
3/24/2024 9:00,86094.5
3/24/2024 10:00,88957
3/24/2024 11:00,91427.6
3/24/2024 12:00,91258.2
3/24/2024 13:00,88766.3
3/24/2024 14:00,85989.9
3/24/2024 15:00,83440.6
3/24/2024 16:00,81370.9
3/24/2024 17:00,79228.6
3/24/2024 18:00,77747.1
3/24/2024 19:00,76914
3/24/2024 20:00,77664.2
3/24/2024 21:00,79863.8
3/24/2024 22:00,82782.3
3/24/2024 23:00,86708.9
3/25/2024 0:00,89574.1
3/25/2024 1:00,88564
3/25/2024 2:00,85863.6
3/25/2024 3:00,82946
3/25/2024 4:00,81074.4
3/25/2024 5:00,80336.2
3/25/2024 6:00,80141.5
3/25/2024 7:00,80941.5
3/25/2024 8:00,83468.8
3/25/2024 9:00,88515.4
3/25/2024 10:00,95783.6
3/25/2024 11:00,100019.5
3/25/2024 12:00,97980.2
3/25/2024 13:00,93888.6
3/25/2024 14:00,90608.3
3/25/2024 15:00,87916.1
3/25/2024 16:00,85426.3
3/25/2024 17:00,83802.1
3/25/2024 18:00,82463.1
3/25/2024 19:00,81348.5
3/25/2024 20:00,81668
3/25/2024 21:00,83438.8
3/25/2024 22:00,85447.9
3/25/2024 23:00,87921.5
3/26/2024 0:00,89735.6
3/26/2024 1:00,87547.6
3/26/2024 2:00,83672.4
3/26/2024 3:00,79996.1
3/26/2024 4:00,77453.9
3/26/2024 5:00,75989.7
3/26/2024 6:00,75802.5
3/26/2024 7:00,76093.4
3/26/2024 8:00,77966.9
3/26/2024 9:00,82676
3/26/2024 10:00,89700.5
3/26/2024 11:00,94084.9
3/26/2024 12:00,93866.7
3/26/2024 13:00,91633.6
3/26/2024 14:00,89741.1
3/26/2024 15:00,88052.6
3/26/2024 16:00,87091.7
3/26/2024 17:00,86120.2
3/26/2024 18:00,85118.1
3/26/2024 19:00,84337.4
3/26/2024 20:00,85504.9
3/26/2024 21:00,87008.2
3/26/2024 22:00,88320.3
3/26/2024 23:00,90148.3
3/27/2024 0:00,90833
3/27/2024 1:00,88137.5
3/27/2024 2:00,84139.5
3/27/2024 3:00,80190.6
3/27/2024 4:00,77237.1
3/27/2024 5:00,75334.2
3/27/2024 6:00,74245.2
3/27/2024 7:00,74355.2
3/27/2024 8:00,75807
3/27/2024 9:00,80018.9
3/27/2024 10:00,86918.7
3/27/2024 11:00,91400.5
3/27/2024 12:00,92689.2
3/27/2024 13:00,92828.3
3/27/2024 14:00,92549
3/27/2024 15:00,91647.6
3/27/2024 16:00,90713.6
3/27/2024 17:00,90162.7
3/27/2024 18:00,89590.2
3/27/2024 19:00,88761
3/27/2024 20:00,88459
3/27/2024 21:00,88825.1
3/27/2024 22:00,89123.6
3/27/2024 23:00,90365.1
3/28/2024 0:00,91325.5
3/28/2024 1:00,89271.3
3/28/2024 2:00,85363.1
3/28/2024 3:00,81413.6
3/28/2024 4:00,78593.4
3/28/2024 5:00,76830
3/28/2024 6:00,75990.1
3/28/2024 7:00,76147.1
3/28/2024 8:00,77969.3
3/28/2024 9:00,82004.5
3/28/2024 10:00,88639.5
3/28/2024 11:00,93184.2
3/28/2024 12:00,94403.2
3/28/2024 13:00,93581.8
3/28/2024 14:00,92681.1
3/28/2024 15:00,91681.1
3/28/2024 16:00,90238.4
3/28/2024 17:00,88886.1
3/28/2024 18:00,87720.9
3/28/2024 19:00,86713.3
3/28/2024 20:00,86185.3
3/28/2024 21:00,86912.7
3/28/2024 22:00,87341.8
3/28/2024 23:00,88666.2
3/29/2024 0:00,90144.8
3/29/2024 1:00,88405.3
3/29/2024 2:00,84915.6
3/29/2024 3:00,81318.9
3/29/2024 4:00,78724.7
3/29/2024 5:00,77333.1
3/29/2024 6:00,76695.5
3/29/2024 7:00,76953
3/29/2024 8:00,78530.3
3/29/2024 9:00,82109.5
3/29/2024 10:00,87154.1
3/29/2024 11:00,90406.5
3/29/2024 12:00,89280.8
3/29/2024 13:00,86245.1
3/29/2024 14:00,83141.8
3/29/2024 15:00,80814.1
3/29/2024 16:00,78859.1
3/29/2024 17:00,77316.4
3/29/2024 18:00,76225.1
3/29/2024 19:00,75496.7
3/29/2024 20:00,76243.2
3/29/2024 21:00,77756.8
3/29/2024 22:00,79338.7
3/29/2024 23:00,81334.3
3/30/2024 0:00,83195.3
3/30/2024 1:00,82036.5
3/30/2024 2:00,79628.7
3/30/2024 3:00,76911.8
3/30/2024 4:00,74422.9
3/30/2024 5:00,72926.3
3/30/2024 6:00,72342.5
3/30/2024 7:00,72330.8
3/30/2024 8:00,73080.2
3/30/2024 9:00,74912.5
3/30/2024 10:00,77730.7
3/30/2024 11:00,80095.4
3/30/2024 12:00,80222.7
3/30/2024 13:00,78978.7
3/30/2024 14:00,77523.8
3/30/2024 15:00,76239.1
3/30/2024 16:00,74979.9
3/30/2024 17:00,74122
3/30/2024 18:00,73871.2
3/30/2024 19:00,74219
3/30/2024 20:00,75111.9
3/30/2024 21:00,76430
3/30/2024 22:00,77615.4
3/30/2024 23:00,79149.4
3/31/2024 0:00,80179.8
3/31/2024 1:00,78804.1
3/31/2024 2:00,76049.3
3/31/2024 3:00,72762.4
3/31/2024 4:00,69729.7
3/31/2024 5:00,67741.2
3/31/2024 6:00,66686.5
3/31/2024 7:00,66309.6
3/31/2024 8:00,66485.3
3/31/2024 9:00,67736.3
3/31/2024 10:00,69937.2
3/31/2024 11:00,72157.5
3/31/2024 12:00,73329.5
3/31/2024 13:00,73654.9
3/31/2024 14:00,73686.3
3/31/2024 15:00,73534.5
3/31/2024 16:00,72759.1
3/31/2024 17:00,70787.2
3/31/2024 18:00,69398.2
3/31/2024 19:00,69288.7
3/31/2024 20:00,69951.5
3/31/2024 21:00,71470.8
3/31/2024 22:00,73536.9
3/31/2024 23:00,76064.3
4/1/2024 0:00,78387.2
4/1/2024 1:00,77252.1
4/1/2024 2:00,74621.4
4/1/2024 3:00,71229.3
4/1/2024 4:00,68950
4/1/2024 5:00,67416.8
4/1/2024 6:00,66898.5
4/1/2024 7:00,66983.6
4/1/2024 8:00,68500.4
4/1/2024 9:00,72362.7
4/1/2024 10:00,78176.8
4/1/2024 11:00,83143.9
4/1/2024 12:00,85697.1
4/1/2024 13:00,87308.9
4/1/2024 14:00,88210.9
4/1/2024 15:00,87968.2
4/1/2024 16:00,87317.7
4/1/2024 17:00,86644.9
4/1/2024 18:00,86326.3
4/1/2024 19:00,85760.8
4/1/2024 20:00,85925
4/1/2024 21:00,86729.5
4/1/2024 22:00,87555.8
4/1/2024 23:00,88691.3
4/2/2024 0:00,88896.3
4/2/2024 1:00,85758.9
4/2/2024 2:00,81506.9
4/2/2024 3:00,77226.1
4/2/2024 4:00,73968.7
4/2/2024 5:00,71961.9
4/2/2024 6:00,70772.9
4/2/2024 7:00,70496.2
4/2/2024 8:00,71756.2
4/2/2024 9:00,75431.2
4/2/2024 10:00,81713.7
4/2/2024 11:00,86482.3
4/2/2024 12:00,88713.5
4/2/2024 13:00,89732
4/2/2024 14:00,90204.4
4/2/2024 15:00,90034.5
4/2/2024 16:00,90377.4
4/2/2024 17:00,90410.6
4/2/2024 18:00,89786.2
4/2/2024 19:00,88973.7
4/2/2024 20:00,89053.5
4/2/2024 21:00,90114
4/2/2024 22:00,90449.2
4/2/2024 23:00,90724.4
4/3/2024 0:00,90230
4/3/2024 1:00,87510.1
4/3/2024 2:00,83129.9
4/3/2024 3:00,79013.4
4/3/2024 4:00,75888.8
4/3/2024 5:00,73816.9
4/3/2024 6:00,72902.6
4/3/2024 7:00,72775.7
4/3/2024 8:00,74110.4
4/3/2024 9:00,77961.1
4/3/2024 10:00,84534
4/3/2024 11:00,89604.2
4/3/2024 12:00,91904.7
4/3/2024 13:00,92930.7
4/3/2024 14:00,93526.2
4/3/2024 15:00,93551.2
4/3/2024 16:00,93171.7
4/3/2024 17:00,92869.5
4/3/2024 18:00,92573.2
4/3/2024 19:00,91704.3
4/3/2024 20:00,91691.2
4/3/2024 21:00,92190.4
4/3/2024 22:00,92552.3
4/3/2024 23:00,93532.3
4/4/2024 0:00,94173.8
4/4/2024 1:00,91700.6
4/4/2024 2:00,87398.3
4/4/2024 3:00,83453.4
4/4/2024 4:00,80505.7
4/4/2024 5:00,78880.8
4/4/2024 6:00,78334.3
4/4/2024 7:00,78422.9
4/4/2024 8:00,80016.4
4/4/2024 9:00,84517.7
4/4/2024 10:00,91407.8
4/4/2024 11:00,95400.9
4/4/2024 12:00,95098
4/4/2024 13:00,93692.9
4/4/2024 14:00,92507.6
4/4/2024 15:00,90830
4/4/2024 16:00,89838
4/4/2024 17:00,89376.5
4/4/2024 18:00,88518.8
4/4/2024 19:00,88237.6
4/4/2024 20:00,88704.8
4/4/2024 21:00,89529.1
4/4/2024 22:00,90520.8
4/4/2024 23:00,92673
4/5/2024 0:00,94271.9
4/5/2024 1:00,92288.6
4/5/2024 2:00,88329.7
4/5/2024 3:00,84699.5
4/5/2024 4:00,81716.3
4/5/2024 5:00,79786
4/5/2024 6:00,78869.9
4/5/2024 7:00,78965.2
4/5/2024 8:00,80420.4
4/5/2024 9:00,84575.2
4/5/2024 10:00,90879.9
4/5/2024 11:00,94463.8
4/5/2024 12:00,94108.2
4/5/2024 13:00,92463.9
4/5/2024 14:00,91594.5
4/5/2024 15:00,90694
4/5/2024 16:00,89610.2
4/5/2024 17:00,88569.7
4/5/2024 18:00,87431.5
4/5/2024 19:00,86397.4
4/5/2024 20:00,86548.7
4/5/2024 21:00,87197.1
4/5/2024 22:00,88312.9
4/5/2024 23:00,90267.6
4/6/2024 0:00,91990
4/6/2024 1:00,90623.8
4/6/2024 2:00,87642.7
4/6/2024 3:00,84201.4
4/6/2024 4:00,81614.7
4/6/2024 5:00,79880.2
4/6/2024 6:00,78891.8
4/6/2024 7:00,78849
4/6/2024 8:00,79580.6
4/6/2024 9:00,81536.5
4/6/2024 10:00,84360.8
4/6/2024 11:00,86068.3
4/6/2024 12:00,85940.3
4/6/2024 13:00,84488.2
4/6/2024 14:00,83236
4/6/2024 15:00,81819.5
4/6/2024 16:00,80017.8
4/6/2024 17:00,78730.3
4/6/2024 18:00,77388
4/6/2024 19:00,77107
4/6/2024 20:00,77628.3
4/6/2024 21:00,78642.7
4/6/2024 22:00,79780.2
4/6/2024 23:00,81915.7
4/7/2024 0:00,84182.3
4/7/2024 1:00,83399.3
4/7/2024 2:00,81178.9
4/7/2024 3:00,78563.5
4/7/2024 4:00,76440.1
4/7/2024 5:00,75191.1
4/7/2024 6:00,74792.1
4/7/2024 7:00,74788.1
4/7/2024 8:00,75620.3
4/7/2024 9:00,77435.3
4/7/2024 10:00,79873.6
4/7/2024 11:00,81300.8
4/7/2024 12:00,80494.3
4/7/2024 13:00,78329.5
4/7/2024 14:00,76437.9
4/7/2024 15:00,75038
4/7/2024 16:00,73613.9
4/7/2024 17:00,72300.1
4/7/2024 18:00,71827.7
4/7/2024 19:00,71795.4
4/7/2024 20:00,73125.8
4/7/2024 21:00,75109.4
4/7/2024 22:00,77614.2
4/7/2024 23:00,80012
4/8/2024 0:00,82417.4
4/8/2024 1:00,80734.5
4/8/2024 2:00,77592.8
4/8/2024 3:00,74251.1
4/8/2024 4:00,71788.3
4/8/2024 5:00,70538.8
4/8/2024 6:00,70292.8
4/8/2024 7:00,70884.6
4/8/2024 8:00,73199.6
4/8/2024 9:00,78216.2
4/8/2024 10:00,85136.9
4/8/2024 11:00,88460.3
4/8/2024 12:00,86795.8
4/8/2024 13:00,84045.5
4/8/2024 14:00,82099.3
4/8/2024 15:00,80735.9
4/8/2024 16:00,79650.8
4/8/2024 17:00,79095.5
4/8/2024 18:00,79670.7
4/8/2024 19:00,81429.1
4/8/2024 20:00,80084.8
4/8/2024 21:00,81540.3
4/8/2024 22:00,82928.1
4/8/2024 23:00,84740.2
4/9/2024 0:00,86358.3
4/9/2024 1:00,83902.2
4/9/2024 2:00,79185
4/9/2024 3:00,74612.2
4/9/2024 4:00,71230.6
4/9/2024 5:00,69014.4
4/9/2024 6:00,68083.4
4/9/2024 7:00,68058.4
4/9/2024 8:00,69621.6
4/9/2024 9:00,73708.3
4/9/2024 10:00,80288
4/9/2024 11:00,83764.2
4/9/2024 12:00,83461.8
4/9/2024 13:00,81907.9
4/9/2024 14:00,81372.5
4/9/2024 15:00,80887.7
4/9/2024 16:00,80815.5
4/9/2024 17:00,81305.5
4/9/2024 18:00,81437.5
4/9/2024 19:00,81678.4
4/9/2024 20:00,82677.4
4/9/2024 21:00,84222.3
4/9/2024 22:00,85081.3
4/9/2024 23:00,86187.4
4/10/2024 0:00,87013.1
4/10/2024 1:00,84187.6
4/10/2024 2:00,79260.3
4/10/2024 3:00,74442.9
4/10/2024 4:00,70753.9
4/10/2024 5:00,68402.5
4/10/2024 6:00,67034.9
4/10/2024 7:00,66566.7
4/10/2024 8:00,67666.3
4/10/2024 9:00,71132.5
4/10/2024 10:00,77340.6
4/10/2024 11:00,81347.1
4/10/2024 12:00,82834.9
4/10/2024 13:00,82980.2
4/10/2024 14:00,82677.3
4/10/2024 15:00,82294.1
4/10/2024 16:00,82270.8
4/10/2024 17:00,82423.4
4/10/2024 18:00,82712.5
4/10/2024 19:00,83378.4
4/10/2024 20:00,84226.3
4/10/2024 21:00,85607.4
4/10/2024 22:00,85949.4
4/10/2024 23:00,86812.6
4/11/2024 0:00,87724.6
4/11/2024 1:00,85266
4/11/2024 2:00,80324.7
4/11/2024 3:00,75358.4
4/11/2024 4:00,71606.6
4/11/2024 5:00,69209.5
4/11/2024 6:00,67907.9
4/11/2024 7:00,67477.1
4/11/2024 8:00,68256.3
4/11/2024 9:00,71733.8
4/11/2024 10:00,78251.6
4/11/2024 11:00,82654.6
4/11/2024 12:00,84462.4
4/11/2024 13:00,85234.6
4/11/2024 14:00,85547.9
4/11/2024 15:00,85946.5
4/11/2024 16:00,85781.5
4/11/2024 17:00,85672
4/11/2024 18:00,85343.3
4/11/2024 19:00,85487.9
4/11/2024 20:00,86012.7
4/11/2024 21:00,86613.8
4/11/2024 22:00,86842.2
4/11/2024 23:00,87194.8
4/12/2024 0:00,87589
4/12/2024 1:00,85000.1
4/12/2024 2:00,80529.6
4/12/2024 3:00,76142.2
4/12/2024 4:00,72680.7
4/12/2024 5:00,70338.1
4/12/2024 6:00,68904.5
4/12/2024 7:00,68412.3
4/12/2024 8:00,69107.5
4/12/2024 9:00,72518.1
4/12/2024 10:00,78635.7
4/12/2024 11:00,82858
4/12/2024 12:00,84601.2
4/12/2024 13:00,85223.6
4/12/2024 14:00,84822.8
4/12/2024 15:00,84271.1
4/12/2024 16:00,84014.6
4/12/2024 17:00,82976
4/12/2024 18:00,82173.3
4/12/2024 19:00,81647.1
4/12/2024 20:00,81688.9
4/12/2024 21:00,82203.4
4/12/2024 22:00,82661.8
4/12/2024 23:00,83351
4/13/2024 0:00,84196.7
4/13/2024 1:00,82266.9
4/13/2024 2:00,78888.8
4/13/2024 3:00,74995.3
4/13/2024 4:00,71875.9
4/13/2024 5:00,69725.8
4/13/2024 6:00,68425.3
4/13/2024 7:00,67844.6
4/13/2024 8:00,68344.1
4/13/2024 9:00,69990.9
4/13/2024 10:00,72501.9
4/13/2024 11:00,74767.2
4/13/2024 12:00,76746.8
4/13/2024 13:00,77033.5
4/13/2024 14:00,76303.8
4/13/2024 15:00,75418
4/13/2024 16:00,74237.1
4/13/2024 17:00,73070.6
4/13/2024 18:00,71749.3
4/13/2024 19:00,71233.8
4/13/2024 20:00,71803.7
4/13/2024 21:00,73466.4
4/13/2024 22:00,75210.9
4/13/2024 23:00,76812.3
4/14/2024 0:00,78474.2
4/14/2024 1:00,77678.5
4/14/2024 2:00,74924.2
4/14/2024 3:00,71786.4
4/14/2024 4:00,68939.9
4/14/2024 5:00,67106.7
4/14/2024 6:00,66237.3
4/14/2024 7:00,66178.3
4/14/2024 8:00,66613.6
4/14/2024 9:00,67900.4
4/14/2024 10:00,69799.2
4/14/2024 11:00,70940.7
4/14/2024 12:00,71427.2
4/14/2024 13:00,70751.3
4/14/2024 14:00,70131.7
4/14/2024 15:00,69931.4
4/14/2024 16:00,70569.1
4/14/2024 17:00,70858.5
4/14/2024 18:00,70877.6
4/14/2024 19:00,72466.2
4/14/2024 20:00,75121.5
4/14/2024 21:00,78488
4/14/2024 22:00,81120.3
4/14/2024 23:00,82670
4/15/2024 0:00,84061.7
4/15/2024 1:00,82187.3
4/15/2024 2:00,77623.2
4/15/2024 3:00,72892
4/15/2024 4:00,69184.8
4/15/2024 5:00,66577
4/15/2024 6:00,65011.6
4/15/2024 7:00,64649.9
4/15/2024 8:00,65687.6
4/15/2024 9:00,69186.7
4/15/2024 10:00,75569.7
4/15/2024 11:00,79408
4/15/2024 12:00,80629.2
4/15/2024 13:00,80894.6
4/15/2024 14:00,81961.4
4/15/2024 15:00,83100.6
4/15/2024 16:00,84442.9
4/15/2024 17:00,86154.6
4/15/2024 18:00,87672
4/15/2024 19:00,88989.2
4/15/2024 20:00,91511.6
4/15/2024 21:00,92997.7
4/15/2024 22:00,93578.8
4/15/2024 23:00,93218.7
4/16/2024 0:00,93231.2
4/16/2024 1:00,89748.8
4/16/2024 2:00,83484.7
4/16/2024 3:00,77232.6
4/16/2024 4:00,72603.1
4/16/2024 5:00,69519.3
4/16/2024 6:00,67608
4/16/2024 7:00,66554.4
4/16/2024 8:00,67251.9
4/16/2024 9:00,70649.6
4/16/2024 10:00,76535.9
4/16/2024 11:00,80139.4
4/16/2024 12:00,80427.7
4/16/2024 13:00,79996
4/16/2024 14:00,80226.2
4/16/2024 15:00,80539.8
4/16/2024 16:00,81158.1
4/16/2024 17:00,82582
4/16/2024 18:00,84162.7
4/16/2024 19:00,85786.9
4/16/2024 20:00,88101.7
4/16/2024 21:00,90218.5
4/16/2024 22:00,90962.7
4/16/2024 23:00,90448.8
4/17/2024 0:00,91049.8
4/17/2024 1:00,87925.8
4/17/2024 2:00,81920.9
4/17/2024 3:00,76223.6
4/17/2024 4:00,71901.1
4/17/2024 5:00,69301.1
4/17/2024 6:00,67730.1
4/17/2024 7:00,66949.6
4/17/2024 8:00,67639.9
4/17/2024 9:00,71073.6
4/17/2024 10:00,77263.6
4/17/2024 11:00,81020.6
4/17/2024 12:00,82279.8
4/17/2024 13:00,82943.3
4/17/2024 14:00,83723.6
4/17/2024 15:00,84355.9
4/17/2024 16:00,85088.4
4/17/2024 17:00,86209.5
4/17/2024 18:00,86449.3
4/17/2024 19:00,86882.6
4/17/2024 20:00,87757.7
4/17/2024 21:00,88548.6
4/17/2024 22:00,88541.8
4/17/2024 23:00,88380.9
4/18/2024 0:00,88473.6
4/18/2024 1:00,85789.9
4/18/2024 2:00,80505.6
4/18/2024 3:00,75236.6
4/18/2024 4:00,71426.1
4/18/2024 5:00,68661.2
4/18/2024 6:00,67118
4/18/2024 7:00,66472.5
4/18/2024 8:00,67471.4
4/18/2024 9:00,70939.1
4/18/2024 10:00,77148.8
4/18/2024 11:00,81212.1
4/18/2024 12:00,82893.1
4/18/2024 13:00,83683.6
4/18/2024 14:00,84437.2
4/18/2024 15:00,84792
4/18/2024 16:00,85334.4
4/18/2024 17:00,86208.1
4/18/2024 18:00,86211.3
4/18/2024 19:00,86533.4
4/18/2024 20:00,88181.7
4/18/2024 21:00,89374.6
4/18/2024 22:00,89568
4/18/2024 23:00,89319
4/19/2024 0:00,89528.2
4/19/2024 1:00,86572.5
4/19/2024 2:00,80994.2
4/19/2024 3:00,75557
4/19/2024 4:00,71612
4/19/2024 5:00,69148.9
4/19/2024 6:00,67532.2
4/19/2024 7:00,66979
4/19/2024 8:00,68029.4
4/19/2024 9:00,71390.9
4/19/2024 10:00,77337.8
4/19/2024 11:00,81405.5
4/19/2024 12:00,82883.5
4/19/2024 13:00,83426
4/19/2024 14:00,83105.7
4/19/2024 15:00,82545.8
4/19/2024 16:00,81817.6
4/19/2024 17:00,81514.6
4/19/2024 18:00,81180.1
4/19/2024 19:00,80717.2
4/19/2024 20:00,80914.5
4/19/2024 21:00,81469.5
4/19/2024 22:00,81384.6
4/19/2024 23:00,81867
4/20/2024 0:00,82658.8
4/20/2024 1:00,80792.7
4/20/2024 2:00,77371.9
4/20/2024 3:00,73303.2
4/20/2024 4:00,69964
4/20/2024 5:00,67680.4
4/20/2024 6:00,66283.6
4/20/2024 7:00,65675.9
4/20/2024 8:00,65823.1
4/20/2024 9:00,67131.1
4/20/2024 10:00,69393.6
4/20/2024 11:00,71680.1
4/20/2024 12:00,74317.4
4/20/2024 13:00,75148.5
4/20/2024 14:00,74862
4/20/2024 15:00,73617.6
4/20/2024 16:00,72575.4
4/20/2024 17:00,71422.7
4/20/2024 18:00,70580.6
4/20/2024 19:00,70994.3
4/20/2024 20:00,72403.7
4/20/2024 21:00,73985.4
4/20/2024 22:00,75443.7
4/20/2024 23:00,76573.3
4/21/2024 0:00,78340.1
4/21/2024 1:00,77276.9
4/21/2024 2:00,74419.2
4/21/2024 3:00,71275.1
4/21/2024 4:00,68577.5
4/21/2024 5:00,66904.4
4/21/2024 6:00,65815.1
4/21/2024 7:00,65604.3
4/21/2024 8:00,66093
4/21/2024 9:00,67388.4
4/21/2024 10:00,69453.3
4/21/2024 11:00,71265.1
4/21/2024 12:00,73708.5
4/21/2024 13:00,75550.2
4/21/2024 14:00,76467.9
4/21/2024 15:00,76273.1
4/21/2024 16:00,75715.6
4/21/2024 17:00,74937
4/21/2024 18:00,74484.7
4/21/2024 19:00,74636.8
4/21/2024 20:00,75862.3
4/21/2024 21:00,77369.7
4/21/2024 22:00,78547.3
4/21/2024 23:00,80412
4/22/2024 0:00,83038.3
4/22/2024 1:00,82373.1
4/22/2024 2:00,79024.5
4/22/2024 3:00,75593.4
4/22/2024 4:00,73288.2
4/22/2024 5:00,72147.6
4/22/2024 6:00,71959.5
4/22/2024 7:00,72591.9
4/22/2024 8:00,74943.7
4/22/2024 9:00,80000.8
4/22/2024 10:00,87304.5
4/22/2024 11:00,90664.2
4/22/2024 12:00,88813.5
4/22/2024 13:00,85560.8
4/22/2024 14:00,83036.4
4/22/2024 15:00,81267.7
4/22/2024 16:00,80140.1
4/22/2024 17:00,79227.6
4/22/2024 18:00,78218.1
4/22/2024 19:00,77748.9
4/22/2024 20:00,78516.4
4/22/2024 21:00,80245.5
4/22/2024 22:00,81830.1
4/22/2024 23:00,83283.6
4/23/2024 0:00,85443.3
4/23/2024 1:00,83780.8
4/23/2024 2:00,79778.7
4/23/2024 3:00,75720.7
4/23/2024 4:00,72975.6
4/23/2024 5:00,71623.9
4/23/2024 6:00,71216.4
4/23/2024 7:00,71558.3
4/23/2024 8:00,73593
4/23/2024 9:00,78035.7
4/23/2024 10:00,85137.8
4/23/2024 11:00,87653.2
4/23/2024 12:00,85805
4/23/2024 13:00,83145.9
4/23/2024 14:00,81640.7
4/23/2024 15:00,80551.1
4/23/2024 16:00,79836.5
4/23/2024 17:00,79503.6
4/23/2024 18:00,79088.3
4/23/2024 19:00,79171.8
4/23/2024 20:00,80219.9
4/23/2024 21:00,81852.6
4/23/2024 22:00,83100.4
4/23/2024 23:00,84173
4/24/2024 0:00,85734.9
4/24/2024 1:00,83574.9
4/24/2024 2:00,78677.5
4/24/2024 3:00,73862
4/24/2024 4:00,70602.9
4/24/2024 5:00,68638
4/24/2024 6:00,67460.5
4/24/2024 7:00,67428.8
4/24/2024 8:00,68525.5
4/24/2024 9:00,72429
4/24/2024 10:00,78747.7
4/24/2024 11:00,82913.8
4/24/2024 12:00,83999.9
4/24/2024 13:00,83274.1
4/24/2024 14:00,82739.6
4/24/2024 15:00,81811.2
4/24/2024 16:00,81497.8
4/24/2024 17:00,81516.2
4/24/2024 18:00,81232.4
4/24/2024 19:00,80834.7
4/24/2024 20:00,81577
4/24/2024 21:00,82842.5
4/24/2024 22:00,83606.1
4/24/2024 23:00,84534.4
4/25/2024 0:00,86081.1
4/25/2024 1:00,84408.1
4/25/2024 2:00,79928
4/25/2024 3:00,75558.1
4/25/2024 4:00,72027.4
4/25/2024 5:00,69967.6
4/25/2024 6:00,69240.3
4/25/2024 7:00,69226.5
4/25/2024 8:00,70740.7
4/25/2024 9:00,75223.6
4/25/2024 10:00,81657.9
4/25/2024 11:00,85549.7
4/25/2024 12:00,85533
4/25/2024 13:00,83916.8
4/25/2024 14:00,82519.8
4/25/2024 15:00,80737.2
4/25/2024 16:00,79656.9
4/25/2024 17:00,79176.5
4/25/2024 18:00,78621.2
4/25/2024 19:00,78498.2
4/25/2024 20:00,79222.6
4/25/2024 21:00,80262.3
4/25/2024 22:00,81326.5
4/25/2024 23:00,82715.8
4/26/2024 0:00,84699.3
4/26/2024 1:00,83676
4/26/2024 2:00,79698.4
4/26/2024 3:00,75643.9
4/26/2024 4:00,72711.4
4/26/2024 5:00,71158.9
4/26/2024 6:00,70643.6
4/26/2024 7:00,70745.2
4/26/2024 8:00,72489.5
4/26/2024 9:00,76734.3
4/26/2024 10:00,82839.8
4/26/2024 11:00,85667.3
4/26/2024 12:00,84625.1
4/26/2024 13:00,82731.8
4/26/2024 14:00,81158.2
4/26/2024 15:00,79661.1
4/26/2024 16:00,78686.1
4/26/2024 17:00,78378.6
4/26/2024 18:00,77947
4/26/2024 19:00,77905.7
4/26/2024 20:00,78952.5
4/26/2024 21:00,80161.7
4/26/2024 22:00,80480.1
4/26/2024 23:00,80853.7
4/27/2024 0:00,82258.9
4/27/2024 1:00,80952.1
4/27/2024 2:00,77393.9
4/27/2024 3:00,73482.2
4/27/2024 4:00,70031.6
4/27/2024 5:00,67900.4
4/27/2024 6:00,66451.5
4/27/2024 7:00,65843.3
4/27/2024 8:00,66167.3
4/27/2024 9:00,67574.3
4/27/2024 10:00,69558
4/27/2024 11:00,71530.3
4/27/2024 12:00,73887.3
4/27/2024 13:00,75514.4
4/27/2024 14:00,76689.8
4/27/2024 15:00,77171.6
4/27/2024 16:00,77545.5
4/27/2024 17:00,77745.9
4/27/2024 18:00,77880.2
4/27/2024 19:00,78536.8
4/27/2024 20:00,79270
4/27/2024 21:00,80115.7
4/27/2024 22:00,80843.2
4/27/2024 23:00,81244
4/28/2024 0:00,81921.8
4/28/2024 1:00,80689.1
4/28/2024 2:00,77173.3
4/28/2024 3:00,73266.3
4/28/2024 4:00,69868.9
4/28/2024 5:00,67491.2
4/28/2024 6:00,65825.2
4/28/2024 7:00,64719.1
4/28/2024 8:00,64486.4
4/28/2024 9:00,65171.8
4/28/2024 10:00,66155.6
4/28/2024 11:00,67542.7
4/28/2024 12:00,69636.4
4/28/2024 13:00,71310.6
4/28/2024 14:00,72106.5
4/28/2024 15:00,73060.7
4/28/2024 16:00,74531.6
4/28/2024 17:00,76173.6
4/28/2024 18:00,78321.3
4/28/2024 19:00,81076.3
4/28/2024 20:00,84580.6
4/28/2024 21:00,88062.8
4/28/2024 22:00,89857
4/28/2024 23:00,90496.9
4/29/2024 0:00,90908.2
4/29/2024 1:00,88807.6
4/29/2024 2:00,83554.3
4/29/2024 3:00,77851.9
4/29/2024 4:00,73116.6
4/29/2024 5:00,70002.6
4/29/2024 6:00,67759
4/29/2024 7:00,66937.3
4/29/2024 8:00,67670
4/29/2024 9:00,70891.6
4/29/2024 10:00,76755.7
4/29/2024 11:00,81139.8
4/29/2024 12:00,83803.2
4/29/2024 13:00,86189.8
4/29/2024 14:00,89074.8
4/29/2024 15:00,92277.9
4/29/2024 16:00,95526.6
4/29/2024 17:00,98458.4
4/29/2024 18:00,100444.5
4/29/2024 19:00,102789
4/29/2024 20:00,105172.8
4/29/2024 21:00,106551.3
4/29/2024 22:00,106364.5
4/29/2024 23:00,104559.5
4/30/2024 0:00,102686.7
4/30/2024 1:00,98495.2
4/30/2024 2:00,91199.8
4/30/2024 3:00,83731.4
4/30/2024 4:00,77988.3
4/30/2024 5:00,74125.3
4/30/2024 6:00,71571
4/30/2024 7:00,70173.7
4/30/2024 8:00,70048.8
4/30/2024 9:00,72763.3
4/30/2024 10:00,78151.2
4/30/2024 11:00,82048.5
4/30/2024 12:00,83903.2
4/30/2024 13:00,85122.6
4/30/2024 14:00,86621.5
4/30/2024 15:00,88138.5
4/30/2024 16:00,89861.1
4/30/2024 17:00,91940.1
4/30/2024 18:00,93692.9
4/30/2024 19:00,95019
4/30/2024 20:00,96975.1
4/30/2024 21:00,98277.7
4/30/2024 22:00,97784.7
4/30/2024 23:00,96702.6
5/1/2024 0:00,95736.9
5/1/2024 1:00,92389.2
5/1/2024 2:00,86180.6
5/1/2024 3:00,79893.1
5/1/2024 4:00,74699.5
5/1/2024 5:00,71513.6
5/1/2024 6:00,69523.7
5/1/2024 7:00,68693.3
5/1/2024 8:00,69140.5
5/1/2024 9:00,71993.9
5/1/2024 10:00,77424.5
5/1/2024 11:00,81651.3
5/1/2024 12:00,83712.4
5/1/2024 13:00,84837.1
5/1/2024 14:00,86429.6
5/1/2024 15:00,88160.6
5/1/2024 16:00,90450.6
5/1/2024 17:00,92765.6
5/1/2024 18:00,94670.9
5/1/2024 19:00,97216.3
5/1/2024 20:00,100132.4
5/1/2024 21:00,102024.2
5/1/2024 22:00,101944.9
5/1/2024 23:00,100076.2
5/2/2024 0:00,98291.7
5/2/2024 1:00,94692.8
5/2/2024 2:00,87587.3
5/2/2024 3:00,80746.7
5/2/2024 4:00,75222.6
5/2/2024 5:00,71512.5
5/2/2024 6:00,69300.8
5/2/2024 7:00,68150.4
5/2/2024 8:00,68493.1
5/2/2024 9:00,71594.5
5/2/2024 10:00,76903.8
5/2/2024 11:00,81187.1
5/2/2024 12:00,83677.3
5/2/2024 13:00,85363.6
5/2/2024 14:00,87439.9
5/2/2024 15:00,89972.4
5/2/2024 16:00,93166.1
5/2/2024 17:00,97010.1
5/2/2024 18:00,100685.5
5/2/2024 19:00,104000.5
5/2/2024 20:00,107312.2
5/2/2024 21:00,109309.3
5/2/2024 22:00,109130.2
5/2/2024 23:00,106493.3
5/3/2024 0:00,103732.9
5/3/2024 1:00,99319.2
5/3/2024 2:00,91993.4
5/3/2024 3:00,84269.6
5/3/2024 4:00,78424
5/3/2024 5:00,74360.3
5/3/2024 6:00,71674.3
5/3/2024 7:00,70043.3
5/3/2024 8:00,70137.7
5/3/2024 9:00,72746.8
5/3/2024 10:00,77360.7
5/3/2024 11:00,80957.4
5/3/2024 12:00,83462.4
5/3/2024 13:00,85223.9
5/3/2024 14:00,86674.7
5/3/2024 15:00,87946.6
5/3/2024 16:00,89011.2
5/3/2024 17:00,90203.4
5/3/2024 18:00,90472.5
5/3/2024 19:00,90349.4
5/3/2024 20:00,90901.5
5/3/2024 21:00,90657.7
5/3/2024 22:00,89210.6
5/3/2024 23:00,87277.2
5/4/2024 0:00,86814.1
5/4/2024 1:00,84425.2
5/4/2024 2:00,79931.3
5/4/2024 3:00,75079.5
5/4/2024 4:00,71017.8
5/4/2024 5:00,68189.5
5/4/2024 6:00,66308.9
5/4/2024 7:00,65055.4
5/4/2024 8:00,64955.6
5/4/2024 9:00,65710.9
5/4/2024 10:00,67355.8
5/4/2024 11:00,69447.8
5/4/2024 12:00,72823.7
5/4/2024 13:00,75314
5/4/2024 14:00,77207.5
5/4/2024 15:00,78301.9
5/4/2024 16:00,78938
5/4/2024 17:00,79286.4
5/4/2024 18:00,79704.1
5/4/2024 19:00,80341.9
5/4/2024 20:00,81433.1
5/4/2024 21:00,82368
5/4/2024 22:00,82507.2
5/4/2024 23:00,82074.3
5/5/2024 0:00,82038.1
5/5/2024 1:00,80384.4
5/5/2024 2:00,77278.9
5/5/2024 3:00,72989.8
5/5/2024 4:00,69639.1
5/5/2024 5:00,67081.5
5/5/2024 6:00,65387.3
5/5/2024 7:00,64272.4
5/5/2024 8:00,64097.3
5/5/2024 9:00,64410.5
5/5/2024 10:00,65598.8
5/5/2024 11:00,67624.1
5/5/2024 12:00,70971.2
5/5/2024 13:00,74023.8
5/5/2024 14:00,75973.8
5/5/2024 15:00,77465.8
5/5/2024 16:00,78755.1
5/5/2024 17:00,79699.9
5/5/2024 18:00,80575
5/5/2024 19:00,81623
5/5/2024 20:00,83403.3
5/5/2024 21:00,84860.4
5/5/2024 22:00,85373.2
5/5/2024 23:00,85297.8
5/6/2024 0:00,85312
5/6/2024 1:00,83353
5/6/2024 2:00,78824.4
5/6/2024 3:00,74063.2
5/6/2024 4:00,70418.9
5/6/2024 5:00,68059.9
5/6/2024 6:00,66733.6
5/6/2024 7:00,66397.7
5/6/2024 8:00,67446.8
5/6/2024 9:00,71025
5/6/2024 10:00,77077.4
5/6/2024 11:00,81343.8
5/6/2024 12:00,83551.6
5/6/2024 13:00,84998.5
5/6/2024 14:00,86032.1
5/6/2024 15:00,87060.5
5/6/2024 16:00,88015.2
5/6/2024 17:00,89101.5
5/6/2024 18:00,89587.8
5/6/2024 19:00,90316
5/6/2024 20:00,91445.5
5/6/2024 21:00,92276.4
5/6/2024 22:00,92347.8
5/6/2024 23:00,91639.4
5/7/2024 0:00,91854.2
5/7/2024 1:00,89356.8
5/7/2024 2:00,83920.6
5/7/2024 3:00,78390.6
5/7/2024 4:00,73644.5
5/7/2024 5:00,70726.1
5/7/2024 6:00,68915
5/7/2024 7:00,68465
5/7/2024 8:00,69272.1
5/7/2024 9:00,72380.4
5/7/2024 10:00,77867.3
5/7/2024 11:00,82074.3
5/7/2024 12:00,84137.1
5/7/2024 13:00,85448.2
5/7/2024 14:00,86875.6
5/7/2024 15:00,88758.4
5/7/2024 16:00,90799.2
5/7/2024 17:00,93283.6
5/7/2024 18:00,95116.4
5/7/2024 19:00,96453.8
5/7/2024 20:00,98284.5
5/7/2024 21:00,99896.9
5/7/2024 22:00,100007.7
5/7/2024 23:00,98947
5/8/2024 0:00,98282.3
5/8/2024 1:00,95305.6
5/8/2024 2:00,88994.3
5/8/2024 3:00,82537.6
5/8/2024 4:00,77302.8
5/8/2024 5:00,74010.9
5/8/2024 6:00,71973.4
5/8/2024 7:00,70646.9
5/8/2024 8:00,71195.5
5/8/2024 9:00,74348.4
5/8/2024 10:00,79804.5
5/8/2024 11:00,84203.7
5/8/2024 12:00,87190.1
5/8/2024 13:00,89215.2
5/8/2024 14:00,91950.8
5/8/2024 15:00,95053.2
5/8/2024 16:00,98028.4
5/8/2024 17:00,100982.4
5/8/2024 18:00,103566.5
5/8/2024 19:00,106016.8
5/8/2024 20:00,108348.6
5/8/2024 21:00,109226
5/8/2024 22:00,107669.9
5/8/2024 23:00,104836.3
5/9/2024 0:00,102924.2
5/9/2024 1:00,99036.7
5/9/2024 2:00,91776.8
5/9/2024 3:00,84467.2
5/9/2024 4:00,78599.3
5/9/2024 5:00,74560.7
5/9/2024 6:00,71959.2
5/9/2024 7:00,70252.6
5/9/2024 8:00,70394.8
5/9/2024 9:00,73215.7
5/9/2024 10:00,78403.3
5/9/2024 11:00,82459.5
5/9/2024 12:00,85093.1
5/9/2024 13:00,86096.1
5/9/2024 14:00,87128.8
5/9/2024 15:00,87890.6
5/9/2024 16:00,88736.9
5/9/2024 17:00,90017.8
5/9/2024 18:00,90377.3
5/9/2024 19:00,90278.1
5/9/2024 20:00,91222.9
5/9/2024 21:00,91861.9
5/9/2024 22:00,91123.9
5/9/2024 23:00,90304.5
5/10/2024 0:00,89777.3
5/10/2024 1:00,87439.2
5/10/2024 2:00,81988.4
5/10/2024 3:00,76621.5
5/10/2024 4:00,72409.9
5/10/2024 5:00,69616.3
5/10/2024 6:00,67878.2
5/10/2024 7:00,66909.7
5/10/2024 8:00,67833.5
5/10/2024 9:00,70654.2
5/10/2024 10:00,75784.3
5/10/2024 11:00,80040.5
5/10/2024 12:00,82358.1
5/10/2024 13:00,83513.2
5/10/2024 14:00,84051.2
5/10/2024 15:00,84623.6
5/10/2024 16:00,84772.8
5/10/2024 17:00,84761.7
5/10/2024 18:00,84220.5
5/10/2024 19:00,83534.7
5/10/2024 20:00,83382.8
5/10/2024 21:00,83153.4
5/10/2024 22:00,82421.2
5/10/2024 23:00,82187.1
5/11/2024 0:00,82464
5/11/2024 1:00,81602.6
5/11/2024 2:00,77940.7
5/11/2024 3:00,73639.9
5/11/2024 4:00,70243.6
5/11/2024 5:00,67756.7
5/11/2024 6:00,66085
5/11/2024 7:00,65298.4
5/11/2024 8:00,65584.5
5/11/2024 9:00,66721.9
5/11/2024 10:00,68113.6
5/11/2024 11:00,69825.1
5/11/2024 12:00,71242.6
5/11/2024 13:00,71972.5
5/11/2024 14:00,72559.2
5/11/2024 15:00,72574.2
5/11/2024 16:00,72575.2
5/11/2024 17:00,72465.4
5/11/2024 18:00,72438.8
5/11/2024 19:00,72706.2
5/11/2024 20:00,73784.3
5/11/2024 21:00,75080.5
5/11/2024 22:00,75832.1
5/11/2024 23:00,76357.9
5/12/2024 0:00,77282.4
5/12/2024 1:00,76637.4
5/12/2024 2:00,74019.4
5/12/2024 3:00,70562.9
5/12/2024 4:00,67654.6
5/12/2024 5:00,65435.7
5/12/2024 6:00,64073.1
5/12/2024 7:00,63437.4
5/12/2024 8:00,63402.5
5/12/2024 9:00,64317.4
5/12/2024 10:00,65413.7
5/12/2024 11:00,67270.5
5/12/2024 12:00,69659.1
5/12/2024 13:00,71499.6
5/12/2024 14:00,72522.1
5/12/2024 15:00,72788
5/12/2024 16:00,72896.6
5/12/2024 17:00,72813.8
5/12/2024 18:00,72960.3
5/12/2024 19:00,73862.1
5/12/2024 20:00,75132.4
5/12/2024 21:00,77418.2
5/12/2024 22:00,79190.7
5/12/2024 23:00,80434.6
5/13/2024 0:00,81694.5
5/13/2024 1:00,81208.6
5/13/2024 2:00,77261.8
5/13/2024 3:00,72849.9
5/13/2024 4:00,69528.1
5/13/2024 5:00,67398.7
5/13/2024 6:00,66240.6
5/13/2024 7:00,65985.4
5/13/2024 8:00,67456.9
5/13/2024 9:00,70972.4
5/13/2024 10:00,76541.8
5/13/2024 11:00,80217.9
5/13/2024 12:00,81655.1
5/13/2024 13:00,82345.1
5/13/2024 14:00,83333.4
5/13/2024 15:00,84178.5
5/13/2024 16:00,84958.3
5/13/2024 17:00,85942.8
5/13/2024 18:00,87374.6
5/13/2024 19:00,88854.9
5/13/2024 20:00,90685.4
5/13/2024 21:00,91899.3
5/13/2024 22:00,92078.8
5/13/2024 23:00,91409.5
5/14/2024 0:00,91272.8
5/14/2024 1:00,89135.1
5/14/2024 2:00,83450.8
5/14/2024 3:00,77467.5
5/14/2024 4:00,72826.9
5/14/2024 5:00,69904.7
5/14/2024 6:00,68101.4
5/14/2024 7:00,67347.8
5/14/2024 8:00,68188.1
5/14/2024 9:00,71252.8
5/14/2024 10:00,76446.1
5/14/2024 11:00,80485
5/14/2024 12:00,82545.2
5/14/2024 13:00,83809.8
5/14/2024 14:00,84989.6
5/14/2024 15:00,86153.2
5/14/2024 16:00,87137
5/14/2024 17:00,87929.1
5/14/2024 18:00,88022.4
5/14/2024 19:00,88111.8
5/14/2024 20:00,88503.1
5/14/2024 21:00,89138.5
5/14/2024 22:00,88859.3
5/14/2024 23:00,88299.5
5/15/2024 0:00,88321.1
5/15/2024 1:00,86395
5/15/2024 2:00,81530.3
5/15/2024 3:00,76366.3
5/15/2024 4:00,72495.4
5/15/2024 5:00,69759.5
5/15/2024 6:00,68149
5/15/2024 7:00,67455.8
5/15/2024 8:00,68321.4
5/15/2024 9:00,71648.5
5/15/2024 10:00,77200.5
5/15/2024 11:00,81704.4
5/15/2024 12:00,83962.8
5/15/2024 13:00,85066.3
5/15/2024 14:00,85847.6
5/15/2024 15:00,86091.9
5/15/2024 16:00,86214.3
5/15/2024 17:00,86682
5/15/2024 18:00,87171.1
5/15/2024 19:00,87649.3
5/15/2024 20:00,88389.9
5/15/2024 21:00,89310.9
5/15/2024 22:00,89071
5/15/2024 23:00,88632.8
5/16/2024 0:00,88595.1
5/16/2024 1:00,86934
5/16/2024 2:00,81882.1
5/16/2024 3:00,76454.6
5/16/2024 4:00,72280.7
5/16/2024 5:00,69593.2
5/16/2024 6:00,68120.4
5/16/2024 7:00,67180.6
5/16/2024 8:00,67949
5/16/2024 9:00,71098.3
5/16/2024 10:00,76247.1
5/16/2024 11:00,80215.1
5/16/2024 12:00,82187.6
5/16/2024 13:00,83519.7
5/16/2024 14:00,85347
5/16/2024 15:00,86972
5/16/2024 16:00,88738.2
5/16/2024 17:00,90760.7
5/16/2024 18:00,91930.4
5/16/2024 19:00,92738.7
5/16/2024 20:00,94292.5
5/16/2024 21:00,95328.3
5/16/2024 22:00,95038.4
5/16/2024 23:00,94002.3
5/17/2024 0:00,93402.6
5/17/2024 1:00,91413.4
5/17/2024 2:00,85693
5/17/2024 3:00,79509.8
5/17/2024 4:00,74765.8
5/17/2024 5:00,71442
5/17/2024 6:00,69619.5
5/17/2024 7:00,68555.2
5/17/2024 8:00,69248.1
5/17/2024 9:00,71902.3
5/17/2024 10:00,76916.6
5/17/2024 11:00,81361.2
5/17/2024 12:00,83798.8
5/17/2024 13:00,85464.5
5/17/2024 14:00,86802.5
5/17/2024 15:00,87453.3
5/17/2024 16:00,87755.7
5/17/2024 17:00,88458.4
5/17/2024 18:00,88930.8
5/17/2024 19:00,89080.1
5/17/2024 20:00,89924.1
5/17/2024 21:00,90032.7
5/17/2024 22:00,89309.5
5/17/2024 23:00,88064.4
5/18/2024 0:00,87814.9
5/18/2024 1:00,86269.4
5/18/2024 2:00,82259
5/18/2024 3:00,77230.8
5/18/2024 4:00,72999.1
5/18/2024 5:00,69903.8
5/18/2024 6:00,67926.4
5/18/2024 7:00,66696.9
5/18/2024 8:00,66244.2
5/18/2024 9:00,67041.5
5/18/2024 10:00,68216.8
5/18/2024 11:00,70880.8
5/18/2024 12:00,74555.1
5/18/2024 13:00,77549.1
5/18/2024 14:00,80044.9
5/18/2024 15:00,82312.3
5/18/2024 16:00,84065.3
5/18/2024 17:00,85079.1
5/18/2024 18:00,86039.7
5/18/2024 19:00,87342.9
5/18/2024 20:00,88823.7
5/18/2024 21:00,89926.3
5/18/2024 22:00,90212.4
5/18/2024 23:00,89258.1
5/19/2024 0:00,88190.9
5/19/2024 1:00,86488.4
5/19/2024 2:00,82485.1
5/19/2024 3:00,77851.8
5/19/2024 4:00,73576.9
5/19/2024 5:00,70378.3
5/19/2024 6:00,67738
5/19/2024 7:00,66283
5/19/2024 8:00,65569.9
5/19/2024 9:00,65902.7
5/19/2024 10:00,66240.1
5/19/2024 11:00,68244
5/19/2024 12:00,72188.1
5/19/2024 13:00,75454.6
5/19/2024 14:00,78375.1
5/19/2024 15:00,81083.8
5/19/2024 16:00,83519.2
5/19/2024 17:00,85814.9
5/19/2024 18:00,88048.3
5/19/2024 19:00,90237.1
5/19/2024 20:00,93100.7
5/19/2024 21:00,96044.9
5/19/2024 22:00,97213.7
5/19/2024 23:00,96587.2
5/20/2024 0:00,94972.8
5/20/2024 1:00,92397.4
5/20/2024 2:00,86357
5/20/2024 3:00,80102.4
5/20/2024 4:00,74608.7
5/20/2024 5:00,71190.8
5/20/2024 6:00,68887.8
5/20/2024 7:00,67922.4
5/20/2024 8:00,68560.6
5/20/2024 9:00,71838.8
5/20/2024 10:00,76984.1
5/20/2024 11:00,81814.3
5/20/2024 12:00,85161
5/20/2024 13:00,87969.1
5/20/2024 14:00,90810.6
5/20/2024 15:00,93932.1
5/20/2024 16:00,96759
5/20/2024 17:00,99983.9
5/20/2024 18:00,102736.6
5/20/2024 19:00,105677
5/20/2024 20:00,108831.1
5/20/2024 21:00,110791.4
5/20/2024 22:00,110633.8
5/20/2024 23:00,108495.4
5/21/2024 0:00,105701.1
5/21/2024 1:00,101894
5/21/2024 2:00,94406.6
5/21/2024 3:00,86642.7
5/21/2024 4:00,80625.7
5/21/2024 5:00,76403.3
5/21/2024 6:00,73648.5
5/21/2024 7:00,72158.9
5/21/2024 8:00,72275.2
5/21/2024 9:00,74974
5/21/2024 10:00,79758.6
5/21/2024 11:00,84614.3
5/21/2024 12:00,88037.9
5/21/2024 13:00,90899.7
5/21/2024 14:00,95121.1
5/21/2024 15:00,99928.8
5/21/2024 16:00,104488.9
5/21/2024 17:00,108769
5/21/2024 18:00,112401.4
5/21/2024 19:00,115717.7
5/21/2024 20:00,119102.6
5/21/2024 21:00,121403.7
5/21/2024 22:00,121166.6
5/21/2024 23:00,118297.2
5/22/2024 0:00,114544.6
5/22/2024 1:00,110796
5/22/2024 2:00,102690.9
5/22/2024 3:00,94396.9
5/22/2024 4:00,87492.9
5/22/2024 5:00,82682.4
5/22/2024 6:00,79190.7
5/22/2024 7:00,76928.1
5/22/2024 8:00,76577.8
5/22/2024 9:00,78684.6
5/22/2024 10:00,83394.4
5/22/2024 11:00,88479.7
5/22/2024 12:00,92346.5
5/22/2024 13:00,94721.1
5/22/2024 14:00,98299.9
5/22/2024 15:00,102612
5/22/2024 16:00,106244.8
5/22/2024 17:00,110313.8
5/22/2024 18:00,113772.6
5/22/2024 19:00,117049.4
5/22/2024 20:00,119484.5
5/22/2024 21:00,120659.5
5/22/2024 22:00,119408.2
5/22/2024 23:00,116241.4
5/23/2024 0:00,112995.1
5/23/2024 1:00,108953.4
5/23/2024 2:00,101058.8
5/23/2024 3:00,92873.2
5/23/2024 4:00,86229.6
5/23/2024 5:00,81623.7
5/23/2024 6:00,78407.5
5/23/2024 7:00,76428
5/23/2024 8:00,76281.5
5/23/2024 9:00,78644.1
5/23/2024 10:00,83257.5
5/23/2024 11:00,88498.7
5/23/2024 12:00,92295.6
5/23/2024 13:00,95101.1
5/23/2024 14:00,96961.8
5/23/2024 15:00,99176.8
5/23/2024 16:00,101985.2
5/23/2024 17:00,105062.9
5/23/2024 18:00,107275.1
5/23/2024 19:00,110025.8
5/23/2024 20:00,112950.3
5/23/2024 21:00,114155.4
5/23/2024 22:00,112942.5
5/23/2024 23:00,110083
5/24/2024 0:00,107108.8
5/24/2024 1:00,103513.8
5/24/2024 2:00,96548.9
5/24/2024 3:00,89060.8
5/24/2024 4:00,83038.7
5/24/2024 5:00,78706.8
5/24/2024 6:00,75850.3
5/24/2024 7:00,74088.6
5/24/2024 8:00,73918
5/24/2024 9:00,76210.1
5/24/2024 10:00,80496.5
5/24/2024 11:00,85436.8
5/24/2024 12:00,89778.7
5/24/2024 13:00,93382.5
5/24/2024 14:00,97023.1
5/24/2024 15:00,100245.5
5/24/2024 16:00,103023
5/24/2024 17:00,105711.5
5/24/2024 18:00,108195.3
5/24/2024 19:00,110594.2
5/24/2024 20:00,113162.6
5/24/2024 21:00,113989.7
5/24/2024 22:00,112438.4
5/24/2024 23:00,108633.9
5/25/2024 0:00,104098.1
5/25/2024 1:00,100324.8
5/25/2024 2:00,93818.8
5/25/2024 3:00,86791.5
5/25/2024 4:00,80810.3
5/25/2024 5:00,76422.5
5/25/2024 6:00,73458.8
5/25/2024 7:00,71471.8
5/25/2024 8:00,70348.5
5/25/2024 9:00,70200.7
5/25/2024 10:00,70532.1
5/25/2024 11:00,73391.6
5/25/2024 12:00,78028.2
5/25/2024 13:00,83003.8
5/25/2024 14:00,87663.3
5/25/2024 15:00,92018.2
5/25/2024 16:00,95637.9
5/25/2024 17:00,98877.1
5/25/2024 18:00,101360.5
5/25/2024 19:00,103806.1
5/25/2024 20:00,106020.3
5/25/2024 21:00,107052.6
5/25/2024 22:00,105945.2
5/25/2024 23:00,102985.7
5/26/2024 0:00,99405.5
5/26/2024 1:00,95971.2
5/26/2024 2:00,90740.8
5/26/2024 3:00,84694
5/26/2024 4:00,79375.5
5/26/2024 5:00,75097.5
5/26/2024 6:00,72262.3
5/26/2024 7:00,70222.3
5/26/2024 8:00,69083.6
5/26/2024 9:00,68783.4
5/26/2024 10:00,68716.5
5/26/2024 11:00,71157.7
5/26/2024 12:00,75937.1
5/26/2024 13:00,81399.2
5/26/2024 14:00,86482.5
5/26/2024 15:00,91490.3
5/26/2024 16:00,95958.8
5/26/2024 17:00,99032.6
5/26/2024 18:00,101036.4
5/26/2024 19:00,102438.2
5/26/2024 20:00,103139.4
5/26/2024 21:00,103228.4
5/26/2024 22:00,101491.9
5/26/2024 23:00,98536.9
5/27/2024 0:00,96018.6
5/27/2024 1:00,93643.5
5/27/2024 2:00,88912.7
5/27/2024 3:00,83140
5/27/2024 4:00,78099
5/27/2024 5:00,74456.3
5/27/2024 6:00,71857.4
5/27/2024 7:00,70437.7
5/27/2024 8:00,70123.9
5/27/2024 9:00,70329.8
5/27/2024 10:00,70938.3
5/27/2024 11:00,72787.7
5/27/2024 12:00,76641.1
5/27/2024 13:00,80854.8
5/27/2024 14:00,85082.6
5/27/2024 15:00,88286.6
5/27/2024 16:00,90358.8
5/27/2024 17:00,91756.3
5/27/2024 18:00,92553.6
5/27/2024 19:00,93746.2
5/27/2024 20:00,96025.8
5/27/2024 21:00,97853.9
5/27/2024 22:00,97350.5
5/27/2024 23:00,96006.1
5/28/2024 0:00,93967.2
5/28/2024 1:00,91592.7
5/28/2024 2:00,86040.9
5/28/2024 3:00,79951
5/28/2024 4:00,75115
5/28/2024 5:00,71620.1
5/28/2024 6:00,69636.3
5/28/2024 7:00,68643.9
5/28/2024 8:00,69226.9
5/28/2024 9:00,72063.5
5/28/2024 10:00,76940.4
5/28/2024 11:00,82219.8
5/28/2024 12:00,85589.8
5/28/2024 13:00,88057.8
5/28/2024 14:00,90785.2
5/28/2024 15:00,93425.5
5/28/2024 16:00,96180.4
5/28/2024 17:00,98917.6
5/28/2024 18:00,100573.2
5/28/2024 19:00,102192.6
5/28/2024 20:00,103720.2
5/28/2024 21:00,104290.9
5/28/2024 22:00,103097.8
5/28/2024 23:00,100875.5
5/29/2024 0:00,97651.1
5/29/2024 1:00,94635.9
5/29/2024 2:00,88300.3
5/29/2024 3:00,81714.2
5/29/2024 4:00,76404.1
5/29/2024 5:00,72816.4
5/29/2024 6:00,70360
5/29/2024 7:00,69161
5/29/2024 8:00,69496.9
5/29/2024 9:00,72043.7
5/29/2024 10:00,76593.1
5/29/2024 11:00,81041
5/29/2024 12:00,83584.2
5/29/2024 13:00,85324.1
5/29/2024 14:00,87394.8
5/29/2024 15:00,89682.6
5/29/2024 16:00,91670.9
5/29/2024 17:00,93133.5
5/29/2024 18:00,93653.3
5/29/2024 19:00,94046.4
5/29/2024 20:00,94986.5
5/29/2024 21:00,95303.3
5/29/2024 22:00,94150.2
5/29/2024 23:00,92508.6
5/30/2024 0:00,90962.9
5/30/2024 1:00,88827.9
5/30/2024 2:00,83785
5/30/2024 3:00,78149.6
5/30/2024 4:00,73676.4
5/30/2024 5:00,70738.8
5/30/2024 6:00,68939
5/30/2024 7:00,68098.2
5/30/2024 8:00,68528.9
5/30/2024 9:00,71147.4
5/30/2024 10:00,75328.7
5/30/2024 11:00,79140.6
5/30/2024 12:00,81072.5
5/30/2024 13:00,82173
5/30/2024 14:00,83151.3
5/30/2024 15:00,83789.8
5/30/2024 16:00,84873.8
5/30/2024 17:00,86054.5
5/30/2024 18:00,87290.1
5/30/2024 19:00,88930.2
5/30/2024 20:00,91289.3
5/30/2024 21:00,92428.9
5/30/2024 22:00,92418.4
5/30/2024 23:00,91532.9
5/31/2024 0:00,89855.2
5/31/2024 1:00,88136.6
5/31/2024 2:00,82916.9
5/31/2024 3:00,77107.3
5/31/2024 4:00,72394.9
5/31/2024 5:00,69301
5/31/2024 6:00,67570.1
5/31/2024 7:00,66773.2
5/31/2024 8:00,67346.8
5/31/2024 9:00,69846.1
5/31/2024 10:00,73912.7
5/31/2024 11:00,77488.6
5/31/2024 12:00,79679.2
5/31/2024 13:00,80911.3
5/31/2024 14:00,82090.3
5/31/2024 15:00,83071.9
5/31/2024 16:00,83986
5/31/2024 17:00,85062.6
5/31/2024 18:00,86605.7
5/31/2024 19:00,88688.3
5/31/2024 20:00,91717.7
5/31/2024 21:00,93860.4
5/31/2024 22:00,94202.1
5/31/2024 23:00,92508.6
6/1/2024 0:00,89705.2
6/1/2024 1:00,87302.6
6/1/2024 2:00,82369.5
6/1/2024 3:00,76861.4
6/1/2024 4:00,72045.5
6/1/2024 5:00,68743
6/1/2024 6:00,66453.4
6/1/2024 7:00,65324.1
6/1/2024 8:00,64821.7
6/1/2024 9:00,65102.3
6/1/2024 10:00,66025.8
6/1/2024 11:00,68189.7
6/1/2024 12:00,70963.3
6/1/2024 13:00,73620.5
6/1/2024 14:00,75977.9
6/1/2024 15:00,78348.2
6/1/2024 16:00,80571
6/1/2024 17:00,82886.5
6/1/2024 18:00,85537.6
6/1/2024 19:00,88708.2
6/1/2024 20:00,91847.5
6/1/2024 21:00,93809.6
6/1/2024 22:00,93876.8
6/1/2024 23:00,91828
6/2/2024 0:00,89378.4
6/2/2024 1:00,87507.6
6/2/2024 2:00,83160.1
6/2/2024 3:00,77910.6
6/2/2024 4:00,73416.8
6/2/2024 5:00,69907.8
6/2/2024 6:00,67302.6
6/2/2024 7:00,66062
6/2/2024 8:00,65503.4
6/2/2024 9:00,65312
6/2/2024 10:00,65655.2
6/2/2024 11:00,67638
6/2/2024 12:00,70828
6/2/2024 13:00,73989.2
6/2/2024 14:00,76918.5
6/2/2024 15:00,79951.3
6/2/2024 16:00,83066.1
6/2/2024 17:00,85694.8
6/2/2024 18:00,88375.5
6/2/2024 19:00,90505.1
6/2/2024 20:00,92808.6
6/2/2024 21:00,95051.3
6/2/2024 22:00,95566.3
6/2/2024 23:00,95000
6/3/2024 0:00,94508.7
6/3/2024 1:00,92824
6/3/2024 2:00,88442.7
6/3/2024 3:00,82595.8
6/3/2024 4:00,77769.4
6/3/2024 5:00,74484.5
6/3/2024 6:00,72481.4
6/3/2024 7:00,71525.3
6/3/2024 8:00,72207.4
6/3/2024 9:00,75234.7
6/3/2024 10:00,79935.5
6/3/2024 11:00,85297
6/3/2024 12:00,89527.1
6/3/2024 13:00,93243.3
6/3/2024 14:00,97100.9
6/3/2024 15:00,100935.4
6/3/2024 16:00,104994.4
6/3/2024 17:00,109447.4
6/3/2024 18:00,113212.7
6/3/2024 19:00,116233.4
6/3/2024 20:00,119174.9
6/3/2024 21:00,120961.4
6/3/2024 22:00,120137
6/3/2024 23:00,118043.9
6/4/2024 0:00,114062.7
6/4/2024 1:00,109909.9
6/4/2024 2:00,102249
6/4/2024 3:00,94219.1
6/4/2024 4:00,87334.6
6/4/2024 5:00,82404.9
6/4/2024 6:00,78933.6
6/4/2024 7:00,76798.6
6/4/2024 8:00,76636.4
6/4/2024 9:00,78866.6
6/4/2024 10:00,83373.9
6/4/2024 11:00,89310.4
6/4/2024 12:00,94569.5
6/4/2024 13:00,99491
6/4/2024 14:00,105142.9
6/4/2024 15:00,110714
6/4/2024 16:00,115751.2
6/4/2024 17:00,120300.2
6/4/2024 18:00,123437.4
6/4/2024 19:00,125714.4
6/4/2024 20:00,127318.7
6/4/2024 21:00,127220.3
6/4/2024 22:00,124824.3
6/4/2024 23:00,120669.6
6/5/2024 0:00,116056
6/5/2024 1:00,111901.8
6/5/2024 2:00,104389.9
6/5/2024 3:00,96414.7
6/5/2024 4:00,89696.6
6/5/2024 5:00,84746.4
6/5/2024 6:00,81463.9
6/5/2024 7:00,79712.7
6/5/2024 8:00,79553
6/5/2024 9:00,82125.3
6/5/2024 10:00,86935.5
6/5/2024 11:00,92336.1
6/5/2024 12:00,96250.6
6/5/2024 13:00,99240.4
6/5/2024 14:00,102611.2
6/5/2024 15:00,105846.5
6/5/2024 16:00,109781.7
6/5/2024 17:00,113206
6/5/2024 18:00,115603.7
6/5/2024 19:00,117340.3
6/5/2024 20:00,118003.3
6/5/2024 21:00,118031.9
6/5/2024 22:00,116084.6
6/5/2024 23:00,113814.3
6/6/2024 0:00,111395.3
6/6/2024 1:00,107770.6
6/6/2024 2:00,101542.8
6/6/2024 3:00,94386.2
6/6/2024 4:00,88553.4
6/6/2024 5:00,84423.5
6/6/2024 6:00,81706.8
6/6/2024 7:00,80033.2
6/6/2024 8:00,80090.2
6/6/2024 9:00,82484.5
6/6/2024 10:00,87007.2
6/6/2024 11:00,92544.2
6/6/2024 12:00,96992.4
6/6/2024 13:00,100850.8
6/6/2024 14:00,104608.5
6/6/2024 15:00,108227.4
6/6/2024 16:00,111192.5
6/6/2024 17:00,114077
6/6/2024 18:00,116295.8
6/6/2024 19:00,117717.5
6/6/2024 20:00,118948.7
6/6/2024 21:00,119551.9
6/6/2024 22:00,118640.8
6/6/2024 23:00,115952.1
6/7/2024 0:00,111569.4
6/7/2024 1:00,107516.4
6/7/2024 2:00,100541.3
6/7/2024 3:00,92809
6/7/2024 4:00,86092.6
6/7/2024 5:00,81258.9
6/7/2024 6:00,78121.2
6/7/2024 7:00,76076.3
6/7/2024 8:00,75562.9
6/7/2024 9:00,77410.4
6/7/2024 10:00,81279.6
6/7/2024 11:00,86322.8
6/7/2024 12:00,90696.8
6/7/2024 13:00,94568.4
6/7/2024 14:00,97838.4
6/7/2024 15:00,100731.2
6/7/2024 16:00,103123.3
6/7/2024 17:00,104940.4
6/7/2024 18:00,106893.5
6/7/2024 19:00,108210.2
6/7/2024 20:00,109687.7
6/7/2024 21:00,110069.8
6/7/2024 22:00,108009.1
6/7/2024 23:00,103847.5
6/8/2024 0:00,99396.9
6/8/2024 1:00,95984.7
6/8/2024 2:00,90435.1
6/8/2024 3:00,84067.1
6/8/2024 4:00,78043.1
6/8/2024 5:00,73608.4
6/8/2024 6:00,70763
6/8/2024 7:00,69011.2
6/8/2024 8:00,68243.6
6/8/2024 9:00,67971.2
6/8/2024 10:00,68800.9
6/8/2024 11:00,71572.2
6/8/2024 12:00,75340.5
6/8/2024 13:00,78979.7
6/8/2024 14:00,81949.5
6/8/2024 15:00,84530.9
6/8/2024 16:00,86981.4
6/8/2024 17:00,89434.3
6/8/2024 18:00,91991.4
6/8/2024 19:00,94699.1
6/8/2024 20:00,97676.9
6/8/2024 21:00,99371.9
6/8/2024 22:00,99356
6/8/2024 23:00,97320.6
6/9/2024 0:00,94129.7
6/9/2024 1:00,91806.5
6/9/2024 2:00,87407.8
6/9/2024 3:00,82114.6
6/9/2024 4:00,76935.6
6/9/2024 5:00,73116
6/9/2024 6:00,70489.9
6/9/2024 7:00,68754.4
6/9/2024 8:00,68044.9
6/9/2024 9:00,68003.8
6/9/2024 10:00,68192.6
6/9/2024 11:00,70391.2
6/9/2024 12:00,74323.6
6/9/2024 13:00,78578
6/9/2024 14:00,81856.4
6/9/2024 15:00,84684.6
6/9/2024 16:00,87209.7
6/9/2024 17:00,89375
6/9/2024 18:00,91600.6
6/9/2024 19:00,93868.7
6/9/2024 20:00,96326.9
6/9/2024 21:00,98864.8
6/9/2024 22:00,99390.9
6/9/2024 23:00,97669.2
6/10/2024 0:00,94506
6/10/2024 1:00,91848.3
6/10/2024 2:00,86673.7
6/10/2024 3:00,80435.1
6/10/2024 4:00,75372.6
6/10/2024 5:00,71701.5
6/10/2024 6:00,69625.8
6/10/2024 7:00,68435
6/10/2024 8:00,68760.7
6/10/2024 9:00,71177.2
6/10/2024 10:00,75372.3
6/10/2024 11:00,80232.6
6/10/2024 12:00,83552.1
6/10/2024 13:00,85972.8
6/10/2024 14:00,88312.9
6/10/2024 15:00,90241.6
6/10/2024 16:00,92168.9
6/10/2024 17:00,94165.1
6/10/2024 18:00,95556.1
6/10/2024 19:00,96031.6
6/10/2024 20:00,96898.5
6/10/2024 21:00,97780.2
6/10/2024 22:00,97508.4
6/10/2024 23:00,95830.1
6/11/2024 0:00,93849.6
6/11/2024 1:00,91653.5
6/11/2024 2:00,86234.7
6/11/2024 3:00,80276.9
6/11/2024 4:00,75407.8
6/11/2024 5:00,72025.1
6/11/2024 6:00,69935.1
6/11/2024 7:00,68898.2
6/11/2024 8:00,69222
6/11/2024 9:00,71804.6
6/11/2024 10:00,75804.6
6/11/2024 11:00,79928
6/11/2024 12:00,82555.9
6/11/2024 13:00,84454
6/11/2024 14:00,86369.1
6/11/2024 15:00,88033.1
6/11/2024 16:00,89848.9
6/11/2024 17:00,92163.3
6/11/2024 18:00,93791.2
6/11/2024 19:00,95366
6/11/2024 20:00,97091.6
6/11/2024 21:00,98228.8
6/11/2024 22:00,97949.5
6/11/2024 23:00,96569.4
6/12/2024 0:00,94377.3
6/12/2024 1:00,92483
6/12/2024 2:00,87160.9
6/12/2024 3:00,81005.5
6/12/2024 4:00,76091.6
6/12/2024 5:00,72636.1
6/12/2024 6:00,70299.9
6/12/2024 7:00,69089.1
6/12/2024 8:00,69602.9
6/12/2024 9:00,72008.8
6/12/2024 10:00,76080.4
6/12/2024 11:00,80731.5
6/12/2024 12:00,83959.7
6/12/2024 13:00,87014.8
6/12/2024 14:00,90312
6/12/2024 15:00,93443.9
6/12/2024 16:00,96741.2
6/12/2024 17:00,100535.7
6/12/2024 18:00,104122
6/12/2024 19:00,107591.9
6/12/2024 20:00,111236.6
6/12/2024 21:00,113940.8
6/12/2024 22:00,114010.5
6/12/2024 23:00,112036.3
6/13/2024 0:00,108030.6
6/13/2024 1:00,104526.9
6/13/2024 2:00,97777.8
6/13/2024 3:00,90165.5
6/13/2024 4:00,83889.5
6/13/2024 5:00,79354.2
6/13/2024 6:00,76401.1
6/13/2024 7:00,74566.8
6/13/2024 8:00,74574.3
6/13/2024 9:00,76538.9
6/13/2024 10:00,80473.8
6/13/2024 11:00,85983
6/13/2024 12:00,90577.5
6/13/2024 13:00,94904.6
6/13/2024 14:00,100506.6
6/13/2024 15:00,106438.7
6/13/2024 16:00,112097.3
6/13/2024 17:00,117437.8
6/13/2024 18:00,121948.7
6/13/2024 19:00,125446.1
6/13/2024 20:00,128399.2
6/13/2024 21:00,129850
6/13/2024 22:00,128748.6
6/13/2024 23:00,125536.2
6/14/2024 0:00,120515.4
6/14/2024 1:00,115855.1
6/14/2024 2:00,108260.6
6/14/2024 3:00,99802.4
6/14/2024 4:00,92314.1
6/14/2024 5:00,86558.2
6/14/2024 6:00,82850.8
6/14/2024 7:00,80295.4
6/14/2024 8:00,79562
6/14/2024 9:00,81103.8
6/14/2024 10:00,84641.1
6/14/2024 11:00,90519.9
6/14/2024 12:00,96538.3
6/14/2024 13:00,101957.6
6/14/2024 14:00,107615.1
6/14/2024 15:00,113184
6/14/2024 16:00,118256.7
6/14/2024 17:00,121956.1
6/14/2024 18:00,124581
6/14/2024 19:00,125762
6/14/2024 20:00,126073.6
6/14/2024 21:00,124197.8
6/14/2024 22:00,120159
6/14/2024 23:00,115177.7
6/15/2024 0:00,109904.6
6/15/2024 1:00,104998
6/15/2024 2:00,98528.9
6/15/2024 3:00,91268.4
6/15/2024 4:00,84781.2
6/15/2024 5:00,79611.8
6/15/2024 6:00,76006.1
6/15/2024 7:00,73614.7
6/15/2024 8:00,72207.6
6/15/2024 9:00,71840.8
6/15/2024 10:00,72100.9
6/15/2024 11:00,75204.8
6/15/2024 12:00,79734.5
6/15/2024 13:00,84176.2
6/15/2024 14:00,88024.5
6/15/2024 15:00,91469.7
6/15/2024 16:00,95072.9
6/15/2024 17:00,97923.5
6/15/2024 18:00,100785.3
6/15/2024 19:00,104023.9
6/15/2024 20:00,107654.4
6/15/2024 21:00,109749.5
6/15/2024 22:00,109760.1
6/15/2024 23:00,107146.4
6/16/2024 0:00,101951.9
6/16/2024 1:00,97817.9
6/16/2024 2:00,92033.9
6/16/2024 3:00,85465.3
6/16/2024 4:00,79500.3
6/16/2024 5:00,75054.8
6/16/2024 6:00,71818.9
6/16/2024 7:00,69497.3
6/16/2024 8:00,68428.6
6/16/2024 9:00,67523.5
6/16/2024 10:00,67710.4
6/16/2024 11:00,70392.3
6/16/2024 12:00,74487.2
6/16/2024 13:00,79197.7
6/16/2024 14:00,84151.3
6/16/2024 15:00,89524
6/16/2024 16:00,95180.4
6/16/2024 17:00,100479.1
6/16/2024 18:00,105802.9
6/16/2024 19:00,110977.5
6/16/2024 20:00,115092.8
6/16/2024 21:00,118079.4
6/16/2024 22:00,117523.2
6/16/2024 23:00,114756.2
6/17/2024 0:00,110861.9
6/17/2024 1:00,107681.3
6/17/2024 2:00,101653.9
6/17/2024 3:00,94332.1
6/17/2024 4:00,87913.3
6/17/2024 5:00,83707.9
6/17/2024 6:00,80818.1
6/17/2024 7:00,79298.5
6/17/2024 8:00,79479.7
6/17/2024 9:00,81842.6
6/17/2024 10:00,86268.9
6/17/2024 11:00,92859.9
6/17/2024 12:00,99718.7
6/17/2024 13:00,106374.4
6/17/2024 14:00,113588.5
6/17/2024 15:00,120532.1
6/17/2024 16:00,127266.5
6/17/2024 17:00,132620.3
6/17/2024 18:00,136409.7
6/17/2024 19:00,138423.7
6/17/2024 20:00,139597.1
6/17/2024 21:00,140109.2
6/17/2024 22:00,139412
6/17/2024 23:00,137006.3
6/18/2024 0:00,132322.5
6/18/2024 1:00,127228.7
6/18/2024 2:00,119500.6
6/18/2024 3:00,110334.3
6/18/2024 4:00,102524.8
6/18/2024 5:00,96598.7
6/18/2024 6:00,92272.4
6/18/2024 7:00,89543.1
6/18/2024 8:00,88728.7
6/18/2024 9:00,90383.9
6/18/2024 10:00,94209.4
6/18/2024 11:00,100339
6/18/2024 12:00,106481.5
6/18/2024 13:00,112705.1
6/18/2024 14:00,119265.3
6/18/2024 15:00,125961.2
6/18/2024 16:00,132558.3
6/18/2024 17:00,137656.7
6/18/2024 18:00,141007.1
6/18/2024 19:00,143024.6
6/18/2024 20:00,143698
6/18/2024 21:00,144009.9
6/18/2024 22:00,142860.5
6/18/2024 23:00,139273.2
6/19/2024 0:00,133891
6/19/2024 1:00,128707.9
6/19/2024 2:00,120368
6/19/2024 3:00,110861.1
6/19/2024 4:00,102704.5
6/19/2024 5:00,96695.6
6/19/2024 6:00,92311.3
6/19/2024 7:00,89693.1
6/19/2024 8:00,88802.4
6/19/2024 9:00,89846.5
6/19/2024 10:00,93107
6/19/2024 11:00,98847.5
6/19/2024 12:00,105166.6
6/19/2024 13:00,111533.6
6/19/2024 14:00,118222.5
6/19/2024 15:00,124749.9
6/19/2024 16:00,130359.8
6/19/2024 17:00,135021.7
6/19/2024 18:00,138423.5
6/19/2024 19:00,140368.5
6/19/2024 20:00,142267.3
6/19/2024 21:00,143130.3
6/19/2024 22:00,142201.4
6/19/2024 23:00,138239.9
6/20/2024 0:00,132331.9
6/20/2024 1:00,127273.8
6/20/2024 2:00,118924
6/20/2024 3:00,109543.2
6/20/2024 4:00,101578.6
6/20/2024 5:00,95295.4
6/20/2024 6:00,90763.1
6/20/2024 7:00,87601.3
6/20/2024 8:00,86640.4
6/20/2024 9:00,88157.4
6/20/2024 10:00,92080
6/20/2024 11:00,98577
6/20/2024 12:00,105268
6/20/2024 13:00,111325.5
6/20/2024 14:00,118599.3
6/20/2024 15:00,125475.3
6/20/2024 16:00,131009
6/20/2024 17:00,135447.7
6/20/2024 18:00,138812.7
6/20/2024 19:00,141159.4
6/20/2024 20:00,142298.5
6/20/2024 21:00,142661.5
6/20/2024 22:00,141202.3
6/20/2024 23:00,138140.2
6/21/2024 0:00,132421.2
6/21/2024 1:00,127318.4
6/21/2024 2:00,119037.7
6/21/2024 3:00,109899
6/21/2024 4:00,102051.1
6/21/2024 5:00,95881.3
6/21/2024 6:00,91312.5
6/21/2024 7:00,88336.8
6/21/2024 8:00,87049
6/21/2024 9:00,88305.6
6/21/2024 10:00,91665.6
6/21/2024 11:00,97972.5
6/21/2024 12:00,105335.6
6/21/2024 13:00,112829.3
6/21/2024 14:00,121091.8
6/21/2024 15:00,129129.9
6/21/2024 16:00,135107.3
6/21/2024 17:00,139625.4
6/21/2024 18:00,142963.7
6/21/2024 19:00,145047.5
6/21/2024 20:00,147077.9
6/21/2024 21:00,147936.3
6/21/2024 22:00,147139.1
6/21/2024 23:00,143896.3
6/22/2024 0:00,137961.1
6/22/2024 1:00,132298.4
6/22/2024 2:00,124433.5
6/22/2024 3:00,115360.6
6/22/2024 4:00,107013.9
6/22/2024 5:00,100267
6/22/2024 6:00,95152.3
6/22/2024 7:00,91712.5
6/22/2024 8:00,89389.9
6/22/2024 9:00,88204.3
6/22/2024 10:00,88586.6
6/22/2024 11:00,93046.7
6/22/2024 12:00,101016.8
6/22/2024 13:00,110067.7
6/22/2024 14:00,119502.9
6/22/2024 15:00,127450.8
6/22/2024 16:00,133781.4
6/22/2024 17:00,138485.4
6/22/2024 18:00,140742
6/22/2024 19:00,142470.2
6/22/2024 20:00,143820
6/22/2024 21:00,144145.8
6/22/2024 22:00,142906
6/22/2024 23:00,139763.1
6/23/2024 0:00,134982.5
6/23/2024 1:00,130278.1
6/23/2024 2:00,123489.5
6/23/2024 3:00,115695.5
6/23/2024 4:00,107955.8
6/23/2024 5:00,102089.5
6/23/2024 6:00,97672.4
6/23/2024 7:00,94413.7
6/23/2024 8:00,92367.3
6/23/2024 9:00,91053.5
6/23/2024 10:00,90564.6
6/23/2024 11:00,93459.6
6/23/2024 12:00,98929.3
6/23/2024 13:00,105199.7
6/23/2024 14:00,111642
6/23/2024 15:00,117669.8
6/23/2024 16:00,122373.4
6/23/2024 17:00,125843.8
6/23/2024 18:00,128304.2
6/23/2024 19:00,130234.3
6/23/2024 20:00,131700.9
6/23/2024 21:00,132143.4
6/23/2024 22:00,130226.9
6/23/2024 23:00,127109.6
6/24/2024 0:00,123524.9
6/24/2024 1:00,119297
6/24/2024 2:00,112993.9
6/24/2024 3:00,105390.4
6/24/2024 4:00,99225.7
6/24/2024 5:00,94263.5
6/24/2024 6:00,90714.8
6/24/2024 7:00,88374.1
6/24/2024 8:00,88255.8
6/24/2024 9:00,89893.4
6/24/2024 10:00,93472.1
6/24/2024 11:00,98752
6/24/2024 12:00,103378.8
6/24/2024 13:00,107740.7
6/24/2024 14:00,111686.1
6/24/2024 15:00,115235.1
6/24/2024 16:00,118590.7
6/24/2024 17:00,121085.1
6/24/2024 18:00,123034.7
6/24/2024 19:00,125195.9
6/24/2024 20:00,126874.8
6/24/2024 21:00,127979.7
6/24/2024 22:00,127161.8
6/24/2024 23:00,124057.4
6/25/2024 0:00,118653.1
6/25/2024 1:00,113707.6
6/25/2024 2:00,106156.8
6/25/2024 3:00,97722.4
6/25/2024 4:00,90486.6
6/25/2024 5:00,85181.1
6/25/2024 6:00,81411.6
6/25/2024 7:00,79166.1
6/25/2024 8:00,78933.2
6/25/2024 9:00,81103.5
6/25/2024 10:00,85181.2
6/25/2024 11:00,90822.9
6/25/2024 12:00,95827.4
6/25/2024 13:00,100648.2
6/25/2024 14:00,105552.8
6/25/2024 15:00,110101.4
6/25/2024 16:00,114615.4
6/25/2024 17:00,118737
6/25/2024 18:00,122344.9
6/25/2024 19:00,125306.4
6/25/2024 20:00,128415.9
6/25/2024 21:00,131167.2
6/25/2024 22:00,130531.4
6/25/2024 23:00,127063.1
6/26/2024 0:00,122407.7
6/26/2024 1:00,118484.3
6/26/2024 2:00,111491.8
6/26/2024 3:00,103553
6/26/2024 4:00,96753.2
6/26/2024 5:00,91776.1
6/26/2024 6:00,88181.4
6/26/2024 7:00,86006.3
6/26/2024 8:00,85584
6/26/2024 9:00,87437.6
6/26/2024 10:00,91376.4
6/26/2024 11:00,97728.3
6/26/2024 12:00,103600.1
6/26/2024 13:00,109585.9
6/26/2024 14:00,115986.7
6/26/2024 15:00,121701.1
6/26/2024 16:00,126790.6
6/26/2024 17:00,131001
6/26/2024 18:00,134013.5
6/26/2024 19:00,135518.1
6/26/2024 20:00,136442.1
6/26/2024 21:00,136097.2
6/26/2024 22:00,133891.7
6/26/2024 23:00,129663.2
6/27/2024 0:00,124164.9
6/27/2024 1:00,118484.1
6/27/2024 2:00,110228.2
6/27/2024 3:00,101380.4
6/27/2024 4:00,94200.9
6/27/2024 5:00,88792.8
6/27/2024 6:00,84981.6
6/27/2024 7:00,82650.1
6/27/2024 8:00,82136.2
6/27/2024 9:00,83987
6/27/2024 10:00,87281
6/27/2024 11:00,91712.2
6/27/2024 12:00,95652.4
6/27/2024 13:00,99169.4
6/27/2024 14:00,102733.8
6/27/2024 15:00,106492
6/27/2024 16:00,110311.3
6/27/2024 17:00,113818.5
6/27/2024 18:00,116754.9
6/27/2024 19:00,119444
6/27/2024 20:00,122125.8
6/27/2024 21:00,123567
6/27/2024 22:00,122772.9
6/27/2024 23:00,119349.9
6/28/2024 0:00,113853.1
6/28/2024 1:00,108669.8
6/28/2024 2:00,101596.1
6/28/2024 3:00,94153.4
6/28/2024 4:00,87093.4
6/28/2024 5:00,81955.8
6/28/2024 6:00,78368.4
6/28/2024 7:00,76441.2
6/28/2024 8:00,76046.1
6/28/2024 9:00,77596.1
6/28/2024 10:00,80632.3
6/28/2024 11:00,85013.8
6/28/2024 12:00,89288.9
6/28/2024 13:00,92237.5
6/28/2024 14:00,96013.4
6/28/2024 15:00,99395.1
6/28/2024 16:00,103537
6/28/2024 17:00,107434.1
6/28/2024 18:00,111250
6/28/2024 19:00,114769.4
6/28/2024 20:00,117499.8
6/28/2024 21:00,118927.4
6/28/2024 22:00,117384
6/28/2024 23:00,113899.7
6/29/2024 0:00,109675.3
6/29/2024 1:00,106682.4
6/29/2024 2:00,101417.6
6/29/2024 3:00,95228.9
6/29/2024 4:00,89428.5
6/29/2024 5:00,85352.7
6/29/2024 6:00,82645.1
6/29/2024 7:00,80839.7
6/29/2024 8:00,80376.6
6/29/2024 9:00,81063.4
6/29/2024 10:00,82155.4
6/29/2024 11:00,85459.1
6/29/2024 12:00,90793.9
6/29/2024 13:00,97153.7
6/29/2024 14:00,102714.8
6/29/2024 15:00,108278.5
6/29/2024 16:00,113032.4
6/29/2024 17:00,117287.4
6/29/2024 18:00,120131.5
6/29/2024 19:00,122989.5
6/29/2024 20:00,125944
6/29/2024 21:00,127701
6/29/2024 22:00,127234.4
6/29/2024 23:00,124644
6/30/2024 0:00,120892.6
6/30/2024 1:00,117208.1
6/30/2024 2:00,111515.1
6/30/2024 3:00,105219.5
6/30/2024 4:00,98791.6
6/30/2024 5:00,93605.8
6/30/2024 6:00,89900.4
6/30/2024 7:00,87149.9
6/30/2024 8:00,85573.6
6/30/2024 9:00,84950
6/30/2024 10:00,84616.3
6/30/2024 11:00,86881.1
6/30/2024 12:00,91681.7
6/30/2024 13:00,97031.7
6/30/2024 14:00,102447.9
6/30/2024 15:00,107373.1
6/30/2024 16:00,110884.4
6/30/2024 17:00,114022.3
6/30/2024 18:00,116766.7
6/30/2024 19:00,119179
6/30/2024 20:00,120891
6/30/2024 21:00,120609.3
6/30/2024 22:00,118038.8
6/30/2024 23:00,114203.1
7/1/2024 0:00,109215.5
7/1/2024 1:00,104967.7
7/1/2024 2:00,98735.5
7/1/2024 3:00,91431.2
7/1/2024 4:00,84743.6
7/1/2024 5:00,79739.2
7/1/2024 6:00,76077.3
7/1/2024 7:00,73895.4
7/1/2024 8:00,73665.9
7/1/2024 9:00,75230.9
7/1/2024 10:00,78257
7/1/2024 11:00,82427.4
7/1/2024 12:00,85770
7/1/2024 13:00,87906.3
7/1/2024 14:00,89760.5
7/1/2024 15:00,92060.4
7/1/2024 16:00,94448
7/1/2024 17:00,97069.6
7/1/2024 18:00,99905.6
7/1/2024 19:00,102623
7/1/2024 20:00,105606.1
7/1/2024 21:00,108305.4
7/1/2024 22:00,108421.4
7/1/2024 23:00,106373
7/2/2024 0:00,101688.3
7/2/2024 1:00,98163.6
7/2/2024 2:00,92397.8
7/2/2024 3:00,85300.3
7/2/2024 4:00,79556.6
7/2/2024 5:00,75288.1
7/2/2024 6:00,72746.5
7/2/2024 7:00,71246.5
7/2/2024 8:00,71234.6
7/2/2024 9:00,73160.7
7/2/2024 10:00,76774.3
7/2/2024 11:00,81375.7
7/2/2024 12:00,85552.4
7/2/2024 13:00,89056.8
7/2/2024 14:00,93109.9
7/2/2024 15:00,97142
7/2/2024 16:00,100826.9
7/2/2024 17:00,105386.7
7/2/2024 18:00,109745.5
7/2/2024 19:00,113835.5
7/2/2024 20:00,118044.8
7/2/2024 21:00,120709.2
7/2/2024 22:00,120664
7/2/2024 23:00,118228.7
7/3/2024 0:00,113377
7/3/2024 1:00,109410.5
7/3/2024 2:00,102986.7
7/3/2024 3:00,95330.8
7/3/2024 4:00,88817.7
7/3/2024 5:00,83701.9
7/3/2024 6:00,80569.9
7/3/2024 7:00,78431.7
7/3/2024 8:00,78340.8
7/3/2024 9:00,80170.9
7/3/2024 10:00,84059.1
7/3/2024 11:00,89951.7
7/3/2024 12:00,95607.8
7/3/2024 13:00,101271.6
7/3/2024 14:00,106759.8
7/3/2024 15:00,112202.5
7/3/2024 16:00,117702.2
7/3/2024 17:00,122164.7
7/3/2024 18:00,126006.1
7/3/2024 19:00,128711.5
7/3/2024 20:00,130664.1
7/3/2024 21:00,131374.3
7/3/2024 22:00,129153.9
7/3/2024 23:00,124786.8
7/4/2024 0:00,119457
7/4/2024 1:00,114512.6
7/4/2024 2:00,107726.5
7/4/2024 3:00,100560.3
7/4/2024 4:00,94042.9
7/4/2024 5:00,88668.4
7/4/2024 6:00,84721.7
7/4/2024 7:00,81943.9
7/4/2024 8:00,80661.8
7/4/2024 9:00,80379.5
7/4/2024 10:00,80408.9
7/4/2024 11:00,83233.2
7/4/2024 12:00,88867.6
7/4/2024 13:00,95424.6
7/4/2024 14:00,102304.9
7/4/2024 15:00,108823.5
7/4/2024 16:00,114509
7/4/2024 17:00,118830.6
7/4/2024 18:00,121339.3
7/4/2024 19:00,122943.1
7/4/2024 20:00,123933.5
7/4/2024 21:00,123493.5
7/4/2024 22:00,120951.7
7/4/2024 23:00,117225.8
7/5/2024 0:00,113294.8
7/5/2024 1:00,109043.9
7/5/2024 2:00,104850.7
7/5/2024 3:00,99996.3
7/5/2024 4:00,94138.7
7/5/2024 5:00,89298.9
7/5/2024 6:00,85669.8
7/5/2024 7:00,83553.2
7/5/2024 8:00,82896
7/5/2024 9:00,84219.6
7/5/2024 10:00,86415.3
7/5/2024 11:00,90549.2
7/5/2024 12:00,96548.6
7/5/2024 13:00,103345.3
7/5/2024 14:00,110566
7/5/2024 15:00,116984.1
7/5/2024 16:00,122278.7
7/5/2024 17:00,127305.1
7/5/2024 18:00,130812.5
7/5/2024 19:00,133114
7/5/2024 20:00,134510
7/5/2024 21:00,134973.4
7/5/2024 22:00,133075.1
7/5/2024 23:00,129460.4
7/6/2024 0:00,124533.1
7/6/2024 1:00,120267.2
7/6/2024 2:00,114447
7/6/2024 3:00,107541.2
7/6/2024 4:00,100969.3
7/6/2024 5:00,95459.1
7/6/2024 6:00,91310.3
7/6/2024 7:00,88275.2
7/6/2024 8:00,86389.1
7/6/2024 9:00,85691.6
7/6/2024 10:00,85435.9
7/6/2024 11:00,89117.7
7/6/2024 12:00,95389.5
7/6/2024 13:00,102795.4
7/6/2024 14:00,109838.3
7/6/2024 15:00,115821.6
7/6/2024 16:00,120851
7/6/2024 17:00,123944.7
7/6/2024 18:00,126813.2
7/6/2024 19:00,129097
7/6/2024 20:00,131554.9
7/6/2024 21:00,132931.7
7/6/2024 22:00,132291.9
7/6/2024 23:00,129950.4
7/7/2024 0:00,124717
7/7/2024 1:00,119759.9
7/7/2024 2:00,113483.2
7/7/2024 3:00,106529.6
7/7/2024 4:00,99559.8
7/7/2024 5:00,93663.6
7/7/2024 6:00,89126.4
7/7/2024 7:00,85856.8
7/7/2024 8:00,83312.4
7/7/2024 9:00,82112.9
7/7/2024 10:00,81520.1
7/7/2024 11:00,84078.4
7/7/2024 12:00,90122
7/7/2024 13:00,97175.6
7/7/2024 14:00,104266.9
7/7/2024 15:00,110601.1
7/7/2024 16:00,116446.1
7/7/2024 17:00,121269.6
7/7/2024 18:00,125202.3
7/7/2024 19:00,128503.6
7/7/2024 20:00,131444.6
7/7/2024 21:00,133169.1
7/7/2024 22:00,132435.8
7/7/2024 23:00,129370.7
7/8/2024 0:00,124331
7/8/2024 1:00,119760.2
7/8/2024 2:00,112324.4
7/8/2024 3:00,104370.6
7/8/2024 4:00,97322.1
7/8/2024 5:00,92036.2
7/8/2024 6:00,88230.2
7/8/2024 7:00,85878.5
7/8/2024 8:00,85660.1
7/8/2024 9:00,87583.5
7/8/2024 10:00,91578.5
7/8/2024 11:00,98065.7
7/8/2024 12:00,105110.9
7/8/2024 13:00,112659.2
7/8/2024 14:00,120739.5
7/8/2024 15:00,128006.9
7/8/2024 16:00,134120.3
7/8/2024 17:00,139921.9
7/8/2024 18:00,143063.2
7/8/2024 19:00,144828.8
7/8/2024 20:00,146046.8
7/8/2024 21:00,146947
7/8/2024 22:00,146182.7
7/8/2024 23:00,143457
7/9/2024 0:00,138146.7
7/9/2024 1:00,132810.4
7/9/2024 2:00,124229.2
7/9/2024 3:00,115091.8
7/9/2024 4:00,107105.6
7/9/2024 5:00,101112.9
7/9/2024 6:00,96277
7/9/2024 7:00,93586.1
7/9/2024 8:00,92821
7/9/2024 9:00,94495.9
7/9/2024 10:00,98512.5
7/9/2024 11:00,104472.5
7/9/2024 12:00,110834
7/9/2024 13:00,117359.5
7/9/2024 14:00,125006.5
7/9/2024 15:00,131965
7/9/2024 16:00,137686.8
7/9/2024 17:00,141778.2
7/9/2024 18:00,144031
7/9/2024 19:00,144647.5
7/9/2024 20:00,144450.8
7/9/2024 21:00,144159
7/9/2024 22:00,143524.5
7/9/2024 23:00,141075.7
7/10/2024 0:00,136981.8
7/10/2024 1:00,133043
7/10/2024 2:00,125421
7/10/2024 3:00,117182.8
7/10/2024 4:00,110248.4
7/10/2024 5:00,104629.7
7/10/2024 6:00,100154.2
7/10/2024 7:00,97272.8
7/10/2024 8:00,96376.6
7/10/2024 9:00,98458.2
7/10/2024 10:00,102613.5
7/10/2024 11:00,108425.7
7/10/2024 12:00,113969.2
7/10/2024 13:00,119298.5
7/10/2024 14:00,124296.4
7/10/2024 15:00,128560.5
7/10/2024 16:00,132206.7
7/10/2024 17:00,135402.8
7/10/2024 18:00,137275.6
7/10/2024 19:00,138651.3
7/10/2024 20:00,139715.4
7/10/2024 21:00,139825.5
7/10/2024 22:00,138113
7/10/2024 23:00,132693.7
7/11/2024 0:00,127739.6
7/11/2024 1:00,123687.3
7/11/2024 2:00,116497.6
7/11/2024 3:00,108438
7/11/2024 4:00,101328.5
7/11/2024 5:00,95653.1
7/11/2024 6:00,91547.6
7/11/2024 7:00,88845
7/11/2024 8:00,87913.3
7/11/2024 9:00,89287.3
7/11/2024 10:00,92333.9
7/11/2024 11:00,97233.5
7/11/2024 12:00,102076.7
7/11/2024 13:00,105736.8
7/11/2024 14:00,110589.5
7/11/2024 15:00,114811.6
7/11/2024 16:00,118906.4
7/11/2024 17:00,123177.1
7/11/2024 18:00,126658.8
7/11/2024 19:00,129458.6
7/11/2024 20:00,132037.4
7/11/2024 21:00,133357.1
7/11/2024 22:00,131920.4
7/11/2024 23:00,128459.1
7/12/2024 0:00,123171.8
7/12/2024 1:00,118411.1
7/12/2024 2:00,111036.9
7/12/2024 3:00,102607.1
7/12/2024 4:00,95428.2
7/12/2024 5:00,90127.5
7/12/2024 6:00,86532.6
7/12/2024 7:00,84293.9
7/12/2024 8:00,84004.7
7/12/2024 9:00,85841.7
7/12/2024 10:00,89580.5
7/12/2024 11:00,94213.2
7/12/2024 12:00,99128.9
7/12/2024 13:00,104116.7
7/12/2024 14:00,109586.7
7/12/2024 15:00,114715.9
7/12/2024 16:00,118535.2
7/12/2024 17:00,121713.5
7/12/2024 18:00,123658.5
7/12/2024 19:00,125222.9
7/12/2024 20:00,126925
7/12/2024 21:00,127760.8
7/12/2024 22:00,126271.1
7/12/2024 23:00,123126
7/13/2024 0:00,119091.5
7/13/2024 1:00,115250.9
7/13/2024 2:00,109001.5
7/13/2024 3:00,102010.9
7/13/2024 4:00,95553.9
7/13/2024 5:00,90374.3
7/13/2024 6:00,86418.1
7/13/2024 7:00,84009.8
7/13/2024 8:00,82584.6
7/13/2024 9:00,82622.7
7/13/2024 10:00,83127.4
7/13/2024 11:00,86274
7/13/2024 12:00,92593
7/13/2024 13:00,99756.8
7/13/2024 14:00,107079.2
7/13/2024 15:00,113792.7
7/13/2024 16:00,119831.2
7/13/2024 17:00,124909.2
7/13/2024 18:00,129323.7
7/13/2024 19:00,133087.6
7/13/2024 20:00,136383.5
7/13/2024 21:00,137998.8
7/13/2024 22:00,136279.4
7/13/2024 23:00,132714.1
7/14/2024 0:00,127545.8
7/14/2024 1:00,122810
7/14/2024 2:00,115864.2
7/14/2024 3:00,108368
7/14/2024 4:00,100948.7
7/14/2024 5:00,94785.5
7/14/2024 6:00,90120.3
7/14/2024 7:00,86740
7/14/2024 8:00,84778.3
7/14/2024 9:00,83666.6
7/14/2024 10:00,83326.1
7/14/2024 11:00,87003.4
7/14/2024 12:00,94086.8
7/14/2024 13:00,102407.3
7/14/2024 14:00,110436.2
7/14/2024 15:00,117766.3
7/14/2024 16:00,123897.8
7/14/2024 17:00,128899.6
7/14/2024 18:00,132280.6
7/14/2024 19:00,133642
7/14/2024 20:00,133428.8
7/14/2024 21:00,134055.5
7/14/2024 22:00,134068.8
7/14/2024 23:00,131612.6
7/15/2024 0:00,127392.4
7/15/2024 1:00,123365.1
7/15/2024 2:00,116565.9
7/15/2024 3:00,108428.9
7/15/2024 4:00,101355.2
7/15/2024 5:00,96186.1
7/15/2024 6:00,92419.4
7/15/2024 7:00,90156.4
7/15/2024 8:00,89988.5
7/15/2024 9:00,92372.7
7/15/2024 10:00,96345.7
7/15/2024 11:00,101936.8
7/15/2024 12:00,108753.6
7/15/2024 13:00,115962.8
7/15/2024 14:00,123405
7/15/2024 15:00,130706.1
7/15/2024 16:00,137782.5
7/15/2024 17:00,143694.4
7/15/2024 18:00,147840.9
7/15/2024 19:00,150567.1
7/15/2024 20:00,152056.3
7/15/2024 21:00,152096
7/15/2024 22:00,150934
7/15/2024 23:00,148099.5
7/16/2024 0:00,142852
7/16/2024 1:00,137716.4
7/16/2024 2:00,128052.6
7/16/2024 3:00,117833.2
7/16/2024 4:00,110311
7/16/2024 5:00,104365.8
7/16/2024 6:00,99540.5
7/16/2024 7:00,96534.5
7/16/2024 8:00,95226.1
7/16/2024 9:00,96423.2
7/16/2024 10:00,99708.1
7/16/2024 11:00,105636.5
7/16/2024 12:00,112577.1
7/16/2024 13:00,119667.3
7/16/2024 14:00,127408
7/16/2024 15:00,134671.4
7/16/2024 16:00,140917.8
7/16/2024 17:00,145948.8
7/16/2024 18:00,149449.2
7/16/2024 19:00,151354.8
7/16/2024 20:00,152761.2
7/16/2024 21:00,153078.7
7/16/2024 22:00,151610.3
7/16/2024 23:00,147142.6
7/17/2024 0:00,141233.4
7/17/2024 1:00,134358.1
7/17/2024 2:00,125351.3
7/17/2024 3:00,116461.7
7/17/2024 4:00,108999.9
7/17/2024 5:00,102760.7
7/17/2024 6:00,98264.9
7/17/2024 7:00,95359.4
7/17/2024 8:00,94644.9
7/17/2024 9:00,96384.3
7/17/2024 10:00,99975.5
7/17/2024 11:00,104680.8
7/17/2024 12:00,109436.4
7/17/2024 13:00,114584.3
7/17/2024 14:00,120420.2
7/17/2024 15:00,126502
7/17/2024 16:00,132693.5
7/17/2024 17:00,137946.7
7/17/2024 18:00,141130.4
7/17/2024 19:00,142852.3
7/17/2024 20:00,142633.3
7/17/2024 21:00,140836.9
7/17/2024 22:00,137088.3
7/17/2024 23:00,132321.7
7/18/2024 0:00,126299.4
7/18/2024 1:00,119917.2
7/18/2024 2:00,112550.7
7/18/2024 3:00,104938.1
7/18/2024 4:00,97810.6
7/18/2024 5:00,92563.3
7/18/2024 6:00,88576.7
7/18/2024 7:00,86306.9
7/18/2024 8:00,85926.8
7/18/2024 9:00,87870.4
7/18/2024 10:00,91109
7/18/2024 11:00,95593.6
7/18/2024 12:00,99724.7
7/18/2024 13:00,102422.4
7/18/2024 14:00,105580.1
7/18/2024 15:00,109214.6
7/18/2024 16:00,112915.4
7/18/2024 17:00,116446.9
7/18/2024 18:00,118814.5
7/18/2024 19:00,120355.1
7/18/2024 20:00,121993.8
7/18/2024 21:00,122668.8
7/18/2024 22:00,121002.4
7/18/2024 23:00,117615.7
7/19/2024 0:00,113285.9
7/19/2024 1:00,109208.3
7/19/2024 2:00,102183.1
7/19/2024 3:00,94955.7
7/19/2024 4:00,88663.4
7/19/2024 5:00,83699.8
7/19/2024 6:00,80307.2
7/19/2024 7:00,78254.5
7/19/2024 8:00,77745.7
7/19/2024 9:00,79437
7/19/2024 10:00,82395.7
7/19/2024 11:00,86743
7/19/2024 12:00,91071
7/19/2024 13:00,95236.2
7/19/2024 14:00,99425.2
7/19/2024 15:00,103467.4
7/19/2024 16:00,107604.5
7/19/2024 17:00,111918.8
7/19/2024 18:00,115466.8
7/19/2024 19:00,118636.4
7/19/2024 20:00,121745.7
7/19/2024 21:00,123254.5
7/19/2024 22:00,122372.8
7/19/2024 23:00,118294.5
7/20/2024 0:00,112754.5
7/20/2024 1:00,108092.9
7/20/2024 2:00,101625.5
7/20/2024 3:00,94669.2
7/20/2024 4:00,88239.3
7/20/2024 5:00,83315
7/20/2024 6:00,79743.8
7/20/2024 7:00,77361
7/20/2024 8:00,76268.8
7/20/2024 9:00,76360.2
7/20/2024 10:00,76758.4
7/20/2024 11:00,79308.7
7/20/2024 12:00,84343.9
7/20/2024 13:00,89917.7
7/20/2024 14:00,95417
7/20/2024 15:00,100599.8
7/20/2024 16:00,104974.4
7/20/2024 17:00,108382.5
7/20/2024 18:00,110549.9
7/20/2024 19:00,111822.8
7/20/2024 20:00,112921.6
7/20/2024 21:00,113123.1
7/20/2024 22:00,111919.5
7/20/2024 23:00,109394.4
7/21/2024 0:00,106012.2
7/21/2024 1:00,103269.6
7/21/2024 2:00,98048.8
7/21/2024 3:00,92179.4
7/21/2024 4:00,86482.5
7/21/2024 5:00,81952.9
7/21/2024 6:00,78663.6
7/21/2024 7:00,76271.1
7/21/2024 8:00,74906.2
7/21/2024 9:00,74417.6
7/21/2024 10:00,74363.9
7/21/2024 11:00,76957.8
7/21/2024 12:00,82508
7/21/2024 13:00,88623.1
7/21/2024 14:00,94914.2
7/21/2024 15:00,101480.1
7/21/2024 16:00,107376.2
7/21/2024 17:00,112249.1
7/21/2024 18:00,115877.2
7/21/2024 19:00,119174.1
7/21/2024 20:00,122489
7/21/2024 21:00,124697.7
7/21/2024 22:00,123865.6
7/21/2024 23:00,121114.2
7/22/2024 0:00,116442.7
7/22/2024 1:00,112423.9
7/22/2024 2:00,105899.4
7/22/2024 3:00,98893.4
7/22/2024 4:00,92764.7
7/22/2024 5:00,87985.7
7/22/2024 6:00,84872.8
7/22/2024 7:00,83138.3
7/22/2024 8:00,83341.1
7/22/2024 9:00,86044.4
7/22/2024 10:00,90030.9
7/22/2024 11:00,94362.1
7/22/2024 12:00,99245.9
7/22/2024 13:00,103461
7/22/2024 14:00,107637.5
7/22/2024 15:00,111847.5
7/22/2024 16:00,115779.4
7/22/2024 17:00,119208.5
7/22/2024 18:00,120765.7
7/22/2024 19:00,121419.8
7/22/2024 20:00,122134.3
7/22/2024 21:00,122545.7
7/22/2024 22:00,120799
7/22/2024 23:00,117803
7/23/2024 0:00,114684.9
7/23/2024 1:00,111277.9
7/23/2024 2:00,104634.9
7/23/2024 3:00,97718.7
7/23/2024 4:00,91710.4
7/23/2024 5:00,87198.3
7/23/2024 6:00,83998
7/23/2024 7:00,82245.3
7/23/2024 8:00,82310
7/23/2024 9:00,85077.5
7/23/2024 10:00,89342.3
7/23/2024 11:00,94238.4
7/23/2024 12:00,98945.9
7/23/2024 13:00,103838.5
7/23/2024 14:00,109205.4
7/23/2024 15:00,114585
7/23/2024 16:00,119650.8
7/23/2024 17:00,124312.6
7/23/2024 18:00,127580
7/23/2024 19:00,129885.6
7/23/2024 20:00,132227.9
7/23/2024 21:00,133263.2
7/23/2024 22:00,131074.1
7/23/2024 23:00,126698.7
7/24/2024 0:00,122160.6
7/24/2024 1:00,117672.4
7/24/2024 2:00,110278.9
7/24/2024 3:00,102351.6
7/24/2024 4:00,95976.2
7/24/2024 5:00,91144.7
7/24/2024 6:00,87782.4
7/24/2024 7:00,85812.4
7/24/2024 8:00,85678.8
7/24/2024 9:00,88194.8
7/24/2024 10:00,92330.7
7/24/2024 11:00,97038.3
7/24/2024 12:00,101640.7
7/24/2024 13:00,105607.4
7/24/2024 14:00,110032.7
7/24/2024 15:00,114528.9
7/24/2024 16:00,118908.3
7/24/2024 17:00,122249
7/24/2024 18:00,124594.7
7/24/2024 19:00,126631.6
7/24/2024 20:00,127191.6
7/24/2024 21:00,126792.4
7/24/2024 22:00,124834.6
7/24/2024 23:00,121390.8
7/25/2024 0:00,117783.3
7/25/2024 1:00,114259.2
7/25/2024 2:00,107714.4
7/25/2024 3:00,100488
7/25/2024 4:00,94312.2
7/25/2024 5:00,89704.4
7/25/2024 6:00,86354.1
7/25/2024 7:00,84358.8
7/25/2024 8:00,84453.2
7/25/2024 9:00,86804.6
7/25/2024 10:00,90908.6
7/25/2024 11:00,95510.4
7/25/2024 12:00,99901.6
7/25/2024 13:00,103942.3
7/25/2024 14:00,108117.4
7/25/2024 15:00,111856.8
7/25/2024 16:00,115459.9
7/25/2024 17:00,119191.4
7/25/2024 18:00,121783.7
7/25/2024 19:00,123382.4
7/25/2024 20:00,124484.3
7/25/2024 21:00,124403.8
7/25/2024 22:00,122262.5
7/25/2024 23:00,118580.7
7/26/2024 0:00,114143
7/26/2024 1:00,110034
7/26/2024 2:00,103154.1
7/26/2024 3:00,95560.3
7/26/2024 4:00,88975.9
7/26/2024 5:00,84045
7/26/2024 6:00,80567.5
7/26/2024 7:00,78416.5
7/26/2024 8:00,77989.3
7/26/2024 9:00,79655.7
7/26/2024 10:00,82496
7/26/2024 11:00,86378
7/26/2024 12:00,90819.7
7/26/2024 13:00,94546.6
7/26/2024 14:00,98446.7
7/26/2024 15:00,102491.7
7/26/2024 16:00,106472.5
7/26/2024 17:00,110588.8
7/26/2024 18:00,114183.1
7/26/2024 19:00,117508.9
7/26/2024 20:00,120119.3
7/26/2024 21:00,120933.9
7/26/2024 22:00,118702.6
7/26/2024 23:00,114769.9
7/27/2024 0:00,109730.4
7/27/2024 1:00,105269.5
7/27/2024 2:00,98908.6
7/27/2024 3:00,91964.6
7/27/2024 4:00,85662.8
7/27/2024 5:00,80932.2
7/27/2024 6:00,77339.1
7/27/2024 7:00,74907.8
7/27/2024 8:00,73579.7
7/27/2024 9:00,73705.7
7/27/2024 10:00,73881
7/27/2024 11:00,76228.1
7/27/2024 12:00,80781.4
7/27/2024 13:00,86363.8
7/27/2024 14:00,92261.6
7/27/2024 15:00,98378.6
7/27/2024 16:00,103443.8
7/27/2024 17:00,107882.7
7/27/2024 18:00,111938.3
7/27/2024 19:00,115734.7
7/27/2024 20:00,119418.6
7/27/2024 21:00,121561.1
7/27/2024 22:00,120918.8
7/27/2024 23:00,116758.5
7/28/2024 0:00,111007.9
7/28/2024 1:00,106187.2
7/28/2024 2:00,99410
7/28/2024 3:00,92208.2
7/28/2024 4:00,85663.5
7/28/2024 5:00,80634.3
7/28/2024 6:00,77173.7
7/28/2024 7:00,74591.6
7/28/2024 8:00,73244.5
7/28/2024 9:00,72738.4
7/28/2024 10:00,72356.1
7/28/2024 11:00,74506.5
7/28/2024 12:00,79606.9
7/28/2024 13:00,85940.1
7/28/2024 14:00,93151.6
7/28/2024 15:00,100632.2
7/28/2024 16:00,107398.9
7/28/2024 17:00,112839.4
7/28/2024 18:00,117067.4
7/28/2024 19:00,120878
7/28/2024 20:00,123641.6
7/28/2024 21:00,125510.2
7/28/2024 22:00,125178.2
7/28/2024 23:00,122088.5
7/29/2024 0:00,117676.1
7/29/2024 1:00,113351.5
7/29/2024 2:00,106661.1
7/29/2024 3:00,99283.7
7/29/2024 4:00,93067.1
7/29/2024 5:00,88316
7/29/2024 6:00,85162.7
7/29/2024 7:00,83322.9
7/29/2024 8:00,83338.5
7/29/2024 9:00,85981.2
7/29/2024 10:00,90163.5
7/29/2024 11:00,94889.7
7/29/2024 12:00,99758.1
7/29/2024 13:00,104439.8
7/29/2024 14:00,109776.3
7/29/2024 15:00,115645
7/29/2024 16:00,121475
7/29/2024 17:00,126547.8
7/29/2024 18:00,130392
7/29/2024 19:00,133381.7
7/29/2024 20:00,135011.5
7/29/2024 21:00,135478.4
7/29/2024 22:00,133721.6
7/29/2024 23:00,129796.5
7/30/2024 0:00,125538.4
7/30/2024 1:00,121108.9
7/30/2024 2:00,113729.1
7/30/2024 3:00,105783.1
7/30/2024 4:00,99113.5
7/30/2024 5:00,93689.4
7/30/2024 6:00,89995.3
7/30/2024 7:00,87864.8
7/30/2024 8:00,87621.3
7/30/2024 9:00,90335.4
7/30/2024 10:00,94517.5
7/30/2024 11:00,99177.6
7/30/2024 12:00,103880.8
7/30/2024 13:00,107922.2
7/30/2024 14:00,112911.4
7/30/2024 15:00,118306.4
7/30/2024 16:00,123715.7
7/30/2024 17:00,128546
7/30/2024 18:00,132248.5
7/30/2024 19:00,135086.1
7/30/2024 20:00,137182.2
7/30/2024 21:00,137907.2
7/30/2024 22:00,135782.5
7/30/2024 23:00,131533.7
7/31/2024 0:00,127227.2
7/31/2024 1:00,122565.3
7/31/2024 2:00,114929.8
7/31/2024 3:00,107064.6
7/31/2024 4:00,100123.6
7/31/2024 5:00,94943.4
7/31/2024 6:00,91258.9
7/31/2024 7:00,88966.2
7/31/2024 8:00,88605.6
7/31/2024 9:00,90904.6
7/31/2024 10:00,94748.7
7/31/2024 11:00,99763.1
7/31/2024 12:00,105135.4
7/31/2024 13:00,110724.7
7/31/2024 14:00,116932.2
7/31/2024 15:00,123516.5
7/31/2024 16:00,130220.6
7/31/2024 17:00,135961.3
7/31/2024 18:00,140173.9
7/31/2024 19:00,143013.4
7/31/2024 20:00,144913.5
7/31/2024 21:00,145267.3
7/31/2024 22:00,143760.6
7/31/2024 23:00,140182.4
8/1/2024 0:00,135108.3
8/1/2024 1:00,129353.7
8/1/2024 2:00,120725
8/1/2024 3:00,111718.4
8/1/2024 4:00,104151.7
8/1/2024 5:00,98285.9
8/1/2024 6:00,93845.3
8/1/2024 7:00,90869.8
8/1/2024 8:00,90028.4
8/1/2024 9:00,91715.6
8/1/2024 10:00,95371.7
8/1/2024 11:00,100776
8/1/2024 12:00,107320.7
8/1/2024 13:00,114404.7
8/1/2024 14:00,122079.7
8/1/2024 15:00,129516.9
8/1/2024 16:00,136013.5
8/1/2024 17:00,140737.3
8/1/2024 18:00,143993
8/1/2024 19:00,146616.1
8/1/2024 20:00,148360.5
8/1/2024 21:00,149243.8
8/1/2024 22:00,148052.2
8/1/2024 23:00,144368.5
8/2/2024 0:00,139367.8
8/2/2024 1:00,133424
8/2/2024 2:00,124671
8/2/2024 3:00,115694.5
8/2/2024 4:00,107868.1
8/2/2024 5:00,102077.9
8/2/2024 6:00,97787.1
8/2/2024 7:00,94963.3
8/2/2024 8:00,94188.9
8/2/2024 9:00,95844.6
8/2/2024 10:00,99122.4
8/2/2024 11:00,103869.8
8/2/2024 12:00,109955.4
8/2/2024 13:00,116468.8
8/2/2024 14:00,122929.1
8/2/2024 15:00,128794.6
8/2/2024 16:00,133952.2
8/2/2024 17:00,138126.3
8/2/2024 18:00,141542.3
8/2/2024 19:00,142902.5
8/2/2024 20:00,143042.6
8/2/2024 21:00,141623.3
8/2/2024 22:00,136911.2
8/2/2024 23:00,131102.7
8/3/2024 0:00,125756.2
8/3/2024 1:00,120459.1
8/3/2024 2:00,113493.9
8/3/2024 3:00,106123.6
8/3/2024 4:00,99767.5
8/3/2024 5:00,94485.5
8/3/2024 6:00,90848
8/3/2024 7:00,88177.7
8/3/2024 8:00,86761.1
8/3/2024 9:00,86784.6
8/3/2024 10:00,87364.1
8/3/2024 11:00,89932.1
8/3/2024 12:00,95427
8/3/2024 13:00,101974.9
8/3/2024 14:00,109275.9
8/3/2024 15:00,116077.7
8/3/2024 16:00,122214.1
8/3/2024 17:00,126925
8/3/2024 18:00,130100.4
8/3/2024 19:00,131834.5
8/3/2024 20:00,132493.3
8/3/2024 21:00,131143.9
8/3/2024 22:00,126757.2
8/3/2024 23:00,121392.6
8/4/2024 0:00,116735.8
8/4/2024 1:00,112172.4
8/4/2024 2:00,106170
8/4/2024 3:00,99610
8/4/2024 4:00,93606.5
8/4/2024 5:00,88912.4
8/4/2024 6:00,85236.5
8/4/2024 7:00,82904
8/4/2024 8:00,81352.9
8/4/2024 9:00,80968.5
8/4/2024 10:00,80812.9
8/4/2024 11:00,82780.4
8/4/2024 12:00,88042.3
8/4/2024 13:00,94145.1
8/4/2024 14:00,100598.6
8/4/2024 15:00,107175.2
8/4/2024 16:00,113110.7
8/4/2024 17:00,118120.8
8/4/2024 18:00,122439
8/4/2024 19:00,125971.6
8/4/2024 20:00,128319.2
8/4/2024 21:00,129442.2
8/4/2024 22:00,129312.1
8/4/2024 23:00,126089.6
8/5/2024 0:00,121995.9
8/5/2024 1:00,117765.9
8/5/2024 2:00,110438.8
8/5/2024 3:00,103025.7
8/5/2024 4:00,96703.6
8/5/2024 5:00,91790.5
8/5/2024 6:00,88444.9
8/5/2024 7:00,86476.9
8/5/2024 8:00,86555.5
8/5/2024 9:00,89083.9
8/5/2024 10:00,93336.4
8/5/2024 11:00,98522.5
8/5/2024 12:00,104612.9
8/5/2024 13:00,110944.5
8/5/2024 14:00,118446.5
8/5/2024 15:00,125775.3
8/5/2024 16:00,132459.5
8/5/2024 17:00,138174.8
8/5/2024 18:00,142332.1
8/5/2024 19:00,144694.3
8/5/2024 20:00,146065.1
8/5/2024 21:00,146590.3
8/5/2024 22:00,145050
8/5/2024 23:00,140698
8/6/2024 0:00,135685
8/6/2024 1:00,129800.1
8/6/2024 2:00,121406.9
8/6/2024 3:00,113045.6
8/6/2024 4:00,105625.2
8/6/2024 5:00,100176.1
8/6/2024 6:00,95801.9
8/6/2024 7:00,93539.9
8/6/2024 8:00,93105
8/6/2024 9:00,95414.6
8/6/2024 10:00,99355
8/6/2024 11:00,104109.8
8/6/2024 12:00,110003.2
8/6/2024 13:00,115944.9
8/6/2024 14:00,122664.9
8/6/2024 15:00,128615.4
8/6/2024 16:00,134174.1
8/6/2024 17:00,138541.1
8/6/2024 18:00,140557.3
8/6/2024 19:00,139941.5
8/6/2024 20:00,137665.8
8/6/2024 21:00,134931.9
8/6/2024 22:00,130847.3
8/6/2024 23:00,126395.8
8/7/2024 0:00,122195.5
8/7/2024 1:00,116966.5
8/7/2024 2:00,109629.9
8/7/2024 3:00,102258.5
8/7/2024 4:00,95757.1
8/7/2024 5:00,91121.3
8/7/2024 6:00,87920.4
8/7/2024 7:00,86077.7
8/7/2024 8:00,85792
8/7/2024 9:00,88362
8/7/2024 10:00,92687
8/7/2024 11:00,96402.7
8/7/2024 12:00,100304.7
8/7/2024 13:00,103757.9
8/7/2024 14:00,107484.5
8/7/2024 15:00,111460.8
8/7/2024 16:00,115215.2
8/7/2024 17:00,117823
8/7/2024 18:00,119847.1
8/7/2024 19:00,120521.5
8/7/2024 20:00,120954.9
8/7/2024 21:00,120489.9
8/7/2024 22:00,118387.4
8/7/2024 23:00,115333.4
8/8/2024 0:00,112738.1
8/8/2024 1:00,109128.6
8/8/2024 2:00,103028.9
8/8/2024 3:00,96494.5
8/8/2024 4:00,91025.2
8/8/2024 5:00,86787.7
8/8/2024 6:00,83900
8/8/2024 7:00,82087
8/8/2024 8:00,82094
8/8/2024 9:00,84542.3
8/8/2024 10:00,89199.1
8/8/2024 11:00,93739.4
8/8/2024 12:00,97846.5
8/8/2024 13:00,101569.1
8/8/2024 14:00,105203.9
8/8/2024 15:00,108994.6
8/8/2024 16:00,112490.5
8/8/2024 17:00,115458.4
8/8/2024 18:00,117419.4
8/8/2024 19:00,118541
8/8/2024 20:00,119393.9
8/8/2024 21:00,119668.4
8/8/2024 22:00,118269.4
8/8/2024 23:00,115971.9
8/9/2024 0:00,114254.5
8/9/2024 1:00,111396.9
8/9/2024 2:00,105968.8
8/9/2024 3:00,100253.7
8/9/2024 4:00,95028.5
8/9/2024 5:00,91167.2
8/9/2024 6:00,88533.7
8/9/2024 7:00,87007.6
8/9/2024 8:00,87244.9
8/9/2024 9:00,89765.5
8/9/2024 10:00,93899.4
8/9/2024 11:00,98099.8
8/9/2024 12:00,102521.5
8/9/2024 13:00,106219.5
8/9/2024 14:00,110022.9
8/9/2024 15:00,113377.1
8/9/2024 16:00,116319.1
8/9/2024 17:00,118716
8/9/2024 18:00,119965.8
8/9/2024 19:00,120570.2
8/9/2024 20:00,121129.7
8/9/2024 21:00,121117
8/9/2024 22:00,118995.5
8/9/2024 23:00,115423.6
8/10/2024 0:00,111993.2
8/10/2024 1:00,108286.3
8/10/2024 2:00,102437.3
8/10/2024 3:00,96041.1
8/10/2024 4:00,90122.1
8/10/2024 5:00,85541.7
8/10/2024 6:00,82147.7
8/10/2024 7:00,79531.4
8/10/2024 8:00,77876.1
8/10/2024 9:00,77696.1
8/10/2024 10:00,78161
8/10/2024 11:00,80368
8/10/2024 12:00,85122.2
8/10/2024 13:00,90281.3
8/10/2024 14:00,95238.5
8/10/2024 15:00,99626.8
8/10/2024 16:00,103272.2
8/10/2024 17:00,106010.4
8/10/2024 18:00,108412.1
8/10/2024 19:00,110648.6
8/10/2024 20:00,113184.1
8/10/2024 21:00,114584.4
8/10/2024 22:00,113400.5
8/10/2024 23:00,109267.1
8/11/2024 0:00,105116.3
8/11/2024 1:00,100893.5
8/11/2024 2:00,95222.7
8/11/2024 3:00,89053.1
8/11/2024 4:00,83174.3
8/11/2024 5:00,78724.4
8/11/2024 6:00,75467.7
8/11/2024 7:00,73497.2
8/11/2024 8:00,72100.5
8/11/2024 9:00,71771.2
8/11/2024 10:00,71751.7
8/11/2024 11:00,72909.7
8/11/2024 12:00,76671.8
8/11/2024 13:00,81075.6
8/11/2024 14:00,85419.2
8/11/2024 15:00,89315.6
8/11/2024 16:00,92805.4
8/11/2024 17:00,95174.9
8/11/2024 18:00,98176.7
8/11/2024 19:00,101872.1
8/11/2024 20:00,105748.1
8/11/2024 21:00,108363.8
8/11/2024 22:00,108248.1
8/11/2024 23:00,105425.3
8/12/2024 0:00,101977.2
8/12/2024 1:00,98266
8/12/2024 2:00,92108
8/12/2024 3:00,85731.2
8/12/2024 4:00,80187.9
8/12/2024 5:00,76541.7
8/12/2024 6:00,74184.3
8/12/2024 7:00,72994.3
8/12/2024 8:00,73427.2
8/12/2024 9:00,76034.7
8/12/2024 10:00,80091
8/12/2024 11:00,84098.7
8/12/2024 12:00,88381
8/12/2024 13:00,92322.6
8/12/2024 14:00,96348.7
8/12/2024 15:00,100202.8
8/12/2024 16:00,104142.5
8/12/2024 17:00,108269.3
8/12/2024 18:00,111630.1
8/12/2024 19:00,113948.6
8/12/2024 20:00,115737.2
8/12/2024 21:00,117245.6
8/12/2024 22:00,117077.5
8/12/2024 23:00,113320.8
8/13/2024 0:00,108810.4
8/13/2024 1:00,104186.7
8/13/2024 2:00,96724.3
8/13/2024 3:00,89533.7
8/13/2024 4:00,83604.3
8/13/2024 5:00,79415.3
8/13/2024 6:00,76554.7
8/13/2024 7:00,74953.7
8/13/2024 8:00,74934.1
8/13/2024 9:00,77390.1
8/13/2024 10:00,81468.9
8/13/2024 11:00,85581.9
8/13/2024 12:00,89261
8/13/2024 13:00,93236.8
8/13/2024 14:00,97326.1
8/13/2024 15:00,101922.9
8/13/2024 16:00,106833
8/13/2024 17:00,111207.9
8/13/2024 18:00,114865
8/13/2024 19:00,117560.6
8/13/2024 20:00,120119.1
8/13/2024 21:00,121724.2
8/13/2024 22:00,120814.9
8/13/2024 23:00,116857.3
8/14/2024 0:00,112746
8/14/2024 1:00,107751.1
8/14/2024 2:00,99984.8
8/14/2024 3:00,92458.1
8/14/2024 4:00,86206.5
8/14/2024 5:00,81670.6
8/14/2024 6:00,78540.9
8/14/2024 7:00,76566.9
8/14/2024 8:00,76489.3
8/14/2024 9:00,78642.9
8/14/2024 10:00,82726
8/14/2024 11:00,86627.9
8/14/2024 12:00,90470.2
8/14/2024 13:00,95035.9
8/14/2024 14:00,99851.5
8/14/2024 15:00,105390.3
8/14/2024 16:00,110679.1
8/14/2024 17:00,116133.4
8/14/2024 18:00,120048.9
8/14/2024 19:00,123405.3
8/14/2024 20:00,126220.3
8/14/2024 21:00,127356
8/14/2024 22:00,125653.8
8/14/2024 23:00,121281.4
8/15/2024 0:00,116477.1
8/15/2024 1:00,110775.7
8/15/2024 2:00,102752.8
8/15/2024 3:00,94629.9
8/15/2024 4:00,88160.4
8/15/2024 5:00,83390.8
8/15/2024 6:00,80134.4
8/15/2024 7:00,78012.9
8/15/2024 8:00,77837.9
8/15/2024 9:00,80238.6
8/15/2024 10:00,84492.1
8/15/2024 11:00,88541.9
8/15/2024 12:00,92254.8
8/15/2024 13:00,96213.8
8/15/2024 14:00,101187.7
8/15/2024 15:00,106167.5
8/15/2024 16:00,110972.6
8/15/2024 17:00,115717.7
8/15/2024 18:00,119301.4
8/15/2024 19:00,121948
8/15/2024 20:00,123936.2
8/15/2024 21:00,124489.5
8/15/2024 22:00,122387.8
8/15/2024 23:00,118255.1
8/16/2024 0:00,114812.1
8/16/2024 1:00,109837.3
8/16/2024 2:00,102501.8
8/16/2024 3:00,95527.7
8/16/2024 4:00,89478.2
8/16/2024 5:00,84942
8/16/2024 6:00,81767
8/16/2024 7:00,79736.6
8/16/2024 8:00,79454.7
8/16/2024 9:00,81665.7
8/16/2024 10:00,85896.7
8/16/2024 11:00,89824.1
8/16/2024 12:00,93951.2
8/16/2024 13:00,98524.5
8/16/2024 14:00,103710.7
8/16/2024 15:00,108840.1
8/16/2024 16:00,114239
8/16/2024 17:00,119265.8
8/16/2024 18:00,123460.8
8/16/2024 19:00,126592.8
8/16/2024 20:00,128609.7
8/16/2024 21:00,128900.2
8/16/2024 22:00,126190.4
8/16/2024 23:00,121700.5
8/17/2024 0:00,117578.1
8/17/2024 1:00,112503.7
8/17/2024 2:00,105974
8/17/2024 3:00,99229.2
8/17/2024 4:00,93214.4
8/17/2024 5:00,88320.8
8/17/2024 6:00,84849
8/17/2024 7:00,82493.5
8/17/2024 8:00,81220.1
8/17/2024 9:00,81114.7
8/17/2024 10:00,82246.6
8/17/2024 11:00,84227.7
8/17/2024 12:00,88710.3
8/17/2024 13:00,93805.6
8/17/2024 14:00,99088.4
8/17/2024 15:00,104355.2
8/17/2024 16:00,108751.1
8/17/2024 17:00,111637.6
8/17/2024 18:00,113904.5
8/17/2024 19:00,115223.1
8/17/2024 20:00,115384
8/17/2024 21:00,114588.3
8/17/2024 22:00,112140.5
8/17/2024 23:00,108867.3
8/18/2024 0:00,106011.7
8/18/2024 1:00,102455.6
8/18/2024 2:00,97257
8/18/2024 3:00,91895.3
8/18/2024 4:00,86900.4
8/18/2024 5:00,82741.9
8/18/2024 6:00,79711.6
8/18/2024 7:00,77893.5
8/18/2024 8:00,76820.3
8/18/2024 9:00,76990.2
8/18/2024 10:00,77848.2
8/18/2024 11:00,79333.6
8/18/2024 12:00,83668
8/18/2024 13:00,88514.6
8/18/2024 14:00,92872.4
8/18/2024 15:00,97525.8
8/18/2024 16:00,102205.1
8/18/2024 17:00,106454.3
8/18/2024 18:00,110295.5
8/18/2024 19:00,113378.5
8/18/2024 20:00,116347.3
8/18/2024 21:00,117641.5
8/18/2024 22:00,115863.2
8/18/2024 23:00,112318.4
8/19/2024 0:00,109087.9
8/19/2024 1:00,104626.6
8/19/2024 2:00,98474.6
8/19/2024 3:00,92197.1
8/19/2024 4:00,86548.9
8/19/2024 5:00,82532.7
8/19/2024 6:00,79778.9
8/19/2024 7:00,78376.2
8/19/2024 8:00,78993.4
8/19/2024 9:00,81811.4
8/19/2024 10:00,86798.7
8/19/2024 11:00,90928.9
8/19/2024 12:00,94916.9
8/19/2024 13:00,98291.8
8/19/2024 14:00,102572.3
8/19/2024 15:00,105925.1
8/19/2024 16:00,109152.8
8/19/2024 17:00,112329.5
8/19/2024 18:00,114617
8/19/2024 19:00,115841.2
8/19/2024 20:00,116042.1
8/19/2024 21:00,115180.1
8/19/2024 22:00,112522
8/19/2024 23:00,108551.7
8/20/2024 0:00,105754.3
8/20/2024 1:00,101279
8/20/2024 2:00,94468
8/20/2024 3:00,87676.8
8/20/2024 4:00,82280.2
8/20/2024 5:00,78051.2
8/20/2024 6:00,75461.6
8/20/2024 7:00,73638.8
8/20/2024 8:00,73722.9
8/20/2024 9:00,76189.8
8/20/2024 10:00,80316
8/20/2024 11:00,83296.9
8/20/2024 12:00,85389.3
8/20/2024 13:00,86679.8
8/20/2024 14:00,88242.9
8/20/2024 15:00,89494.4
8/20/2024 16:00,91228.1
8/20/2024 17:00,92783.6
8/20/2024 18:00,93935.1
8/20/2024 19:00,94764.3
8/20/2024 20:00,96406.1
8/20/2024 21:00,97252.7
8/20/2024 22:00,96495.8
8/20/2024 23:00,94296.8
8/21/2024 0:00,93174.7
8/21/2024 1:00,90068.3
8/21/2024 2:00,84392.4
8/21/2024 3:00,78608.7
8/21/2024 4:00,74254
8/21/2024 5:00,71293.1
8/21/2024 6:00,69467.2
8/21/2024 7:00,68377.1
8/21/2024 8:00,68835
8/21/2024 9:00,71460.6
8/21/2024 10:00,76041
8/21/2024 11:00,79212.7
8/21/2024 12:00,81054.9
8/21/2024 13:00,82350.3
8/21/2024 14:00,83980
8/21/2024 15:00,85484.4
8/21/2024 16:00,87162.6
8/21/2024 17:00,89049.9
8/21/2024 18:00,90489.6
8/21/2024 19:00,92208.2
8/21/2024 20:00,94556.7
8/21/2024 21:00,96602.4
8/21/2024 22:00,96696.8
8/21/2024 23:00,94881.5
8/22/2024 0:00,93749.9
8/22/2024 1:00,90418
8/22/2024 2:00,84487.8
8/22/2024 3:00,78908.6
8/22/2024 4:00,74390.8
8/22/2024 5:00,71445.7
8/22/2024 6:00,69295.7
8/22/2024 7:00,68454.7
8/22/2024 8:00,69028.4
8/22/2024 9:00,71755.3
8/22/2024 10:00,76515.1
8/22/2024 11:00,79754.1
8/22/2024 12:00,82025.9
8/22/2024 13:00,83687.6
8/22/2024 14:00,85605.6
8/22/2024 15:00,87324.6
8/22/2024 16:00,89710.4
8/22/2024 17:00,92781.2
8/22/2024 18:00,95155.6
8/22/2024 19:00,97558.3
8/22/2024 20:00,100317.3
8/22/2024 21:00,102524.9
8/22/2024 22:00,102590
8/22/2024 23:00,99968.7
8/23/2024 0:00,97863.9
8/23/2024 1:00,93783.9
8/23/2024 2:00,87316.8
8/23/2024 3:00,81208.3
8/23/2024 4:00,76299.8
8/23/2024 5:00,72927.1
8/23/2024 6:00,70662.1
8/23/2024 7:00,69494.4
8/23/2024 8:00,69733.9
8/23/2024 9:00,72336
8/23/2024 10:00,76645.8
8/23/2024 11:00,79859.7
8/23/2024 12:00,82880.5
8/23/2024 13:00,85379
8/23/2024 14:00,88064.7
8/23/2024 15:00,90870.2
8/23/2024 16:00,93931.2
8/23/2024 17:00,97582.7
8/23/2024 18:00,101494.1
8/23/2024 19:00,105292.1
8/23/2024 20:00,109115
8/23/2024 21:00,111497.3
8/23/2024 22:00,109968.3
8/23/2024 23:00,105322
8/24/2024 0:00,101515.4
8/24/2024 1:00,96706.1
8/24/2024 2:00,90628.8
8/24/2024 3:00,84241.4
8/24/2024 4:00,78782
8/24/2024 5:00,74665.8
8/24/2024 6:00,71691.3
8/24/2024 7:00,70013.6
8/24/2024 8:00,69117.6
8/24/2024 9:00,69733.9
8/24/2024 10:00,70602.4
8/24/2024 11:00,72370.2
8/24/2024 12:00,76010.3
8/24/2024 13:00,80336
8/24/2024 14:00,84988.9
8/24/2024 15:00,89836.5
8/24/2024 16:00,95460.1
8/24/2024 17:00,100896.8
8/24/2024 18:00,105663.5
8/24/2024 19:00,110275.6
8/24/2024 20:00,114271.9
8/24/2024 21:00,116291.5
8/24/2024 22:00,115192
8/24/2024 23:00,110813.9
8/25/2024 0:00,106733.9
8/25/2024 1:00,102047.3
8/25/2024 2:00,95862.7
8/25/2024 3:00,89461.1
8/25/2024 4:00,83782.3
8/25/2024 5:00,79204.8
8/25/2024 6:00,75884.9
8/25/2024 7:00,73809.4
8/25/2024 8:00,72326.5
8/25/2024 9:00,72044.5
8/25/2024 10:00,72540
8/25/2024 11:00,73587.1
8/25/2024 12:00,78032.9
8/25/2024 13:00,83795.5
8/25/2024 14:00,90401.5
8/25/2024 15:00,97497.3
8/25/2024 16:00,104614.4
8/25/2024 17:00,110801.4
8/25/2024 18:00,115918.1
8/25/2024 19:00,120612.9
8/25/2024 20:00,124730.8
8/25/2024 21:00,127067.6
8/25/2024 22:00,126335.5
8/25/2024 23:00,122683.2
8/26/2024 0:00,118975.4
8/26/2024 1:00,112838.1
8/26/2024 2:00,104925.4
8/26/2024 3:00,97166.5
8/26/2024 4:00,90701.2
8/26/2024 5:00,85974.2
8/26/2024 6:00,82886.6
8/26/2024 7:00,81069.3
8/26/2024 8:00,81242.4
8/26/2024 9:00,84056.7
8/26/2024 10:00,89552.4
8/26/2024 11:00,93505.8
8/26/2024 12:00,97799.1
8/26/2024 13:00,103031.1
8/26/2024 14:00,109611.9
8/26/2024 15:00,117272.8
8/26/2024 16:00,124494
8/26/2024 17:00,131182.1
8/26/2024 18:00,134288.3
8/26/2024 19:00,137747.7
8/26/2024 20:00,140236.9
8/26/2024 21:00,141094.4
8/26/2024 22:00,139324.8
8/26/2024 23:00,135244
8/27/2024 0:00,130579.6
8/27/2024 1:00,123601.4
8/27/2024 2:00,114374.8
8/27/2024 3:00,105596.5
8/27/2024 4:00,98313
8/27/2024 5:00,92969.2
8/27/2024 6:00,89207.1
8/27/2024 7:00,86586.7
8/27/2024 8:00,86091
8/27/2024 9:00,88434
8/27/2024 10:00,93383.2
8/27/2024 11:00,97458.8
8/27/2024 12:00,101867.5
8/27/2024 13:00,107307.3
8/27/2024 14:00,114350.2
8/27/2024 15:00,121682.6
8/27/2024 16:00,129269.4
8/27/2024 17:00,135666.4
8/27/2024 18:00,140081.9
8/27/2024 19:00,143077.6
8/27/2024 20:00,145565.1
8/27/2024 21:00,146530.1
8/27/2024 22:00,145040.1
8/27/2024 23:00,140196.5
8/28/2024 0:00,134512.7
8/28/2024 1:00,126507.7
8/28/2024 2:00,117053.5
8/28/2024 3:00,108164.6
8/28/2024 4:00,100979.3
8/28/2024 5:00,95777.9
8/28/2024 6:00,91809.1
8/28/2024 7:00,89315.7
8/28/2024 8:00,88788.5
8/28/2024 9:00,91273.9
8/28/2024 10:00,96826.7
8/28/2024 11:00,100707.3
8/28/2024 12:00,105067.1
8/28/2024 13:00,110882.6
8/28/2024 14:00,117946
8/28/2024 15:00,125270.6
8/28/2024 16:00,132482.8
8/28/2024 17:00,138628.2
8/28/2024 18:00,143183.1
8/28/2024 19:00,146115.2
8/28/2024 20:00,147985.3
8/28/2024 21:00,148297.9
8/28/2024 22:00,146722.3
8/28/2024 23:00,142806.1
8/29/2024 0:00,138126.4
8/29/2024 1:00,130550.9
8/29/2024 2:00,120759.2
8/29/2024 3:00,111556.7
8/29/2024 4:00,104332.4
8/29/2024 5:00,98768.3
8/29/2024 6:00,94846.8
8/29/2024 7:00,92219.5
8/29/2024 8:00,91510.7
8/29/2024 9:00,94119.9
8/29/2024 10:00,99164.2
8/29/2024 11:00,103018.6
8/29/2024 12:00,106903.7
8/29/2024 13:00,111184.6
8/29/2024 14:00,116523.5
8/29/2024 15:00,122130
8/29/2024 16:00,127741.5
8/29/2024 17:00,133294.5
8/29/2024 18:00,136929.9
8/29/2024 19:00,139250.7
8/29/2024 20:00,139669.1
8/29/2024 21:00,137792.8
8/29/2024 22:00,134324.6
8/29/2024 23:00,129634.3
8/30/2024 0:00,125463.6
8/30/2024 1:00,118924.2
8/30/2024 2:00,110901.6
8/30/2024 3:00,102941.6
8/30/2024 4:00,96384.4
8/30/2024 5:00,91461.7
8/30/2024 6:00,88070
8/30/2024 7:00,85691.7
8/30/2024 8:00,85321.8
8/30/2024 9:00,87265.6
8/30/2024 10:00,91603.6
8/30/2024 11:00,95227.4
8/30/2024 12:00,98874.1
8/30/2024 13:00,102919.2
8/30/2024 14:00,107677.3
8/30/2024 15:00,112490.7
8/30/2024 16:00,117315.3
8/30/2024 17:00,120930.5
8/30/2024 18:00,122693.3
8/30/2024 19:00,122572.3
8/30/2024 20:00,122040.3
8/30/2024 21:00,121643.9
8/30/2024 22:00,118862.3
8/30/2024 23:00,115597.8
8/31/2024 0:00,112855
8/31/2024 1:00,108632.9
8/31/2024 2:00,102711.1
8/31/2024 3:00,96614.9
8/31/2024 4:00,90692.1
8/31/2024 5:00,86148.5
8/31/2024 6:00,82740.3
8/31/2024 7:00,80522.4
8/31/2024 8:00,79153.7
8/31/2024 9:00,79177.7
8/31/2024 10:00,80045.5
8/31/2024 11:00,81659.3
8/31/2024 12:00,85930
8/31/2024 13:00,91011.9
8/31/2024 14:00,96045.6
8/31/2024 15:00,100625.5
8/31/2024 16:00,104679
8/31/2024 17:00,108027
8/31/2024 18:00,110406
8/31/2024 19:00,112298.5
8/31/2024 20:00,113784.2
8/31/2024 21:00,114047.7
8/31/2024 22:00,112040.9
8/31/2024 23:00,109170.6
9/1/2024 0:00,106073
9/1/2024 1:00,101732.7
9/1/2024 2:00,96419.2
9/1/2024 3:00,90750.6
9/1/2024 4:00,85975.9
9/1/2024 5:00,81983.5
9/1/2024 6:00,79137.8
9/1/2024 7:00,77182
9/1/2024 8:00,76155.8
9/1/2024 9:00,76070.9
9/1/2024 10:00,76744.3
9/1/2024 11:00,78169.8
9/1/2024 12:00,82337.1
9/1/2024 13:00,87665.8
9/1/2024 14:00,93012.8
9/1/2024 15:00,97664.3
9/1/2024 16:00,101696.7
9/1/2024 17:00,105144.2
9/1/2024 18:00,108149.6
9/1/2024 19:00,111402.5
9/1/2024 20:00,113947
9/1/2024 21:00,114818.1
9/1/2024 22:00,112883.6
9/1/2024 23:00,108691
9/2/2024 0:00,105095.2
9/2/2024 1:00,100515.8
9/2/2024 2:00,94887.6
9/2/2024 3:00,89084.6
9/2/2024 4:00,83956.1
9/2/2024 5:00,79536.2
9/2/2024 6:00,76200.5
9/2/2024 7:00,73959.4
9/2/2024 8:00,72966.9
9/2/2024 9:00,72738.1
9/2/2024 10:00,73240.4
9/2/2024 11:00,73619.2
9/2/2024 12:00,76235.6
9/2/2024 13:00,79672.7
9/2/2024 14:00,82756.9
9/2/2024 15:00,85712.3
9/2/2024 16:00,88436.1
9/2/2024 17:00,90713
9/2/2024 18:00,93001.6
9/2/2024 19:00,95497.9
9/2/2024 20:00,98247.4
9/2/2024 21:00,100137.9
9/2/2024 22:00,99141.2
9/2/2024 23:00,95843.7
9/3/2024 0:00,93425.1
9/3/2024 1:00,88657.1
9/3/2024 2:00,82452.4
9/3/2024 3:00,76511.2
9/3/2024 4:00,72065
9/3/2024 5:00,69006.8
9/3/2024 6:00,67060.9
9/3/2024 7:00,66235.2
9/3/2024 8:00,67124.5
9/3/2024 9:00,70298.8
9/3/2024 10:00,76124.5
9/3/2024 11:00,79692.2
9/3/2024 12:00,81646.1
9/3/2024 13:00,83026.6
9/3/2024 14:00,84553.6
9/3/2024 15:00,86022.2
9/3/2024 16:00,87794.9
9/3/2024 17:00,90125.7
9/3/2024 18:00,92202.3
9/3/2024 19:00,94774.4
9/3/2024 20:00,97805.7
9/3/2024 21:00,99940.7
9/3/2024 22:00,99730.9
9/3/2024 23:00,97562.7
9/4/2024 0:00,95654.9
9/4/2024 1:00,90861.9
9/4/2024 2:00,84471.3
9/4/2024 3:00,78800.7
9/4/2024 4:00,74325.8
9/4/2024 5:00,71338.7
9/4/2024 6:00,69454.2
9/4/2024 7:00,68460.7
9/4/2024 8:00,68854.4
9/4/2024 9:00,71911.6
9/4/2024 10:00,77463.7
9/4/2024 11:00,80837.6
9/4/2024 12:00,82304.3
9/4/2024 13:00,83644.6
9/4/2024 14:00,85504.3
9/4/2024 15:00,87428.6
9/4/2024 16:00,89733.5
9/4/2024 17:00,93049.8
9/4/2024 18:00,96019.5
9/4/2024 19:00,99596.6
9/4/2024 20:00,103107.3
9/4/2024 21:00,105678.3
9/4/2024 22:00,105237.7
9/4/2024 23:00,102752.2
9/5/2024 0:00,100506.8
9/5/2024 1:00,95275.7
9/5/2024 2:00,88465.9
9/5/2024 3:00,82119.2
9/5/2024 4:00,77139.9
9/5/2024 5:00,73683.2
9/5/2024 6:00,71396.6
9/5/2024 7:00,70253
9/5/2024 8:00,70762.2
9/5/2024 9:00,73659.4
9/5/2024 10:00,79461.5
9/5/2024 11:00,82837.1
9/5/2024 12:00,84871
9/5/2024 13:00,87019
9/5/2024 14:00,89833.3
9/5/2024 15:00,92995.9
9/5/2024 16:00,96664.5
9/5/2024 17:00,100711.8
9/5/2024 18:00,104429.2
9/5/2024 19:00,108316.9
9/5/2024 20:00,111888.7
9/5/2024 21:00,113487.5
9/5/2024 22:00,112240
9/5/2024 23:00,109055.9
9/6/2024 0:00,106455.1
9/6/2024 1:00,100857.7
9/6/2024 2:00,93648
9/6/2024 3:00,86918.6
9/6/2024 4:00,81534.3
9/6/2024 5:00,77489.7
9/6/2024 6:00,74822.6
9/6/2024 7:00,73396.7
9/6/2024 8:00,73552.6
9/6/2024 9:00,76314.4
9/6/2024 10:00,81750.7
9/6/2024 11:00,85226.5
9/6/2024 12:00,87776.3
9/6/2024 13:00,89993.5
9/6/2024 14:00,92533.3
9/6/2024 15:00,95268.6
9/6/2024 16:00,98800.6
9/6/2024 17:00,101916
9/6/2024 18:00,103999.8
9/6/2024 19:00,105419.1
9/6/2024 20:00,105976.7
9/6/2024 21:00,105853.3
9/6/2024 22:00,103265.6
9/6/2024 23:00,99893.1
9/7/2024 0:00,97131.8
9/7/2024 1:00,93238.6
9/7/2024 2:00,88238.4
9/7/2024 3:00,82833.4
9/7/2024 4:00,78003
9/7/2024 5:00,74182.4
9/7/2024 6:00,71697.7
9/7/2024 7:00,70101.8
9/7/2024 8:00,69666.9
9/7/2024 9:00,70102.3
9/7/2024 10:00,71804.1
9/7/2024 11:00,73663
9/7/2024 12:00,76826.8
9/7/2024 13:00,79716.2
9/7/2024 14:00,82018.2
9/7/2024 15:00,83525.2
9/7/2024 16:00,83963.6
9/7/2024 17:00,84077
9/7/2024 18:00,84355.1
9/7/2024 19:00,84169
9/7/2024 20:00,83916.8
9/7/2024 21:00,84256.1
9/7/2024 22:00,84014.9
9/7/2024 23:00,83249.9
9/8/2024 0:00,82598.3
9/8/2024 1:00,80029.4
9/8/2024 2:00,76219.1
9/8/2024 3:00,72166
9/8/2024 4:00,68628.3
9/8/2024 5:00,65945.1
9/8/2024 6:00,64253.6
9/8/2024 7:00,63140.4
9/8/2024 8:00,62651
9/8/2024 9:00,63119.1
9/8/2024 10:00,64276.7
9/8/2024 11:00,65509.2
9/8/2024 12:00,67446.8
9/8/2024 13:00,68919.7
9/8/2024 14:00,69708.2
9/8/2024 15:00,70720.5
9/8/2024 16:00,71940.8
9/8/2024 17:00,72993.9
9/8/2024 18:00,74562.3
9/8/2024 19:00,76670.1
9/8/2024 20:00,79779.7
9/8/2024 21:00,82551.4
9/8/2024 22:00,83693.4
9/8/2024 23:00,83775.6
9/9/2024 0:00,84129.7
9/9/2024 1:00,80553
9/9/2024 2:00,76003.6
9/9/2024 3:00,71545.3
9/9/2024 4:00,68272.1
9/9/2024 5:00,66072
9/9/2024 6:00,64946.9
9/9/2024 7:00,64651.6
9/9/2024 8:00,65858.5
9/9/2024 9:00,69243.6
9/9/2024 10:00,75515.2
9/9/2024 11:00,79069.4
9/9/2024 12:00,80452.3
9/9/2024 13:00,81130.6
9/9/2024 14:00,82355
9/9/2024 15:00,83320.5
9/9/2024 16:00,84750.8
9/9/2024 17:00,86696.8
9/9/2024 18:00,88501.5
9/9/2024 19:00,90944.9
9/9/2024 20:00,94070.8
9/9/2024 21:00,96693.7
9/9/2024 22:00,96883.3
9/9/2024 23:00,95599.3
9/10/2024 0:00,94305.5
9/10/2024 1:00,89536.5
9/10/2024 2:00,83541.1
9/10/2024 3:00,77787.3
9/10/2024 4:00,73516.2
9/10/2024 5:00,70535.5
9/10/2024 6:00,68771.1
9/10/2024 7:00,67996.2
9/10/2024 8:00,68652.1
9/10/2024 9:00,71832.8
9/10/2024 10:00,77538.4
9/10/2024 11:00,81065.1
9/10/2024 12:00,82689.1
9/10/2024 13:00,84017.3
9/10/2024 14:00,85933.4
9/10/2024 15:00,88130.4
9/10/2024 16:00,90787
9/10/2024 17:00,94194.7
9/10/2024 18:00,97767.5
9/10/2024 19:00,101436.1
9/10/2024 20:00,105223
9/10/2024 21:00,107890.7
9/10/2024 22:00,107551.4
9/10/2024 23:00,104781.2
9/11/2024 0:00,102002.2
9/11/2024 1:00,95563.5
9/11/2024 2:00,88793.5
9/11/2024 3:00,82799
9/11/2024 4:00,77367
9/11/2024 5:00,73804
9/11/2024 6:00,71325.1
9/11/2024 7:00,69853.5
9/11/2024 8:00,70283.9
9/11/2024 9:00,73043.5
9/11/2024 10:00,78553.4
9/11/2024 11:00,82017.3
9/11/2024 12:00,83804.7
9/11/2024 13:00,85785.1
9/11/2024 14:00,88451.1
9/11/2024 15:00,91662.9
9/11/2024 16:00,95866
9/11/2024 17:00,100418.4
9/11/2024 18:00,104585.1
9/11/2024 19:00,108959
9/11/2024 20:00,112664.3
9/11/2024 21:00,114730.4
9/11/2024 22:00,112786.9
9/11/2024 23:00,109096.9
9/12/2024 0:00,105859.2
9/12/2024 1:00,99512.4
9/12/2024 2:00,92089.1
9/12/2024 3:00,85098.5
9/12/2024 4:00,79635.5
9/12/2024 5:00,75618.5
9/12/2024 6:00,73002
9/12/2024 7:00,71640.9
9/12/2024 8:00,71569
9/12/2024 9:00,74560
9/12/2024 10:00,80270.3
9/12/2024 11:00,84042.7
9/12/2024 12:00,86447.9
9/12/2024 13:00,88836.7
9/12/2024 14:00,91917.1
9/12/2024 15:00,95137.6
9/12/2024 16:00,99306.5
9/12/2024 17:00,103671.2
9/12/2024 18:00,107725.4
9/12/2024 19:00,111370.9
9/12/2024 20:00,114508.8
9/12/2024 21:00,115233.9
9/12/2024 22:00,112684.7
9/12/2024 23:00,109092.6
9/13/2024 0:00,106005.4
9/13/2024 1:00,100282.3
9/13/2024 2:00,93199.9
9/13/2024 3:00,86344.4
9/13/2024 4:00,80844.7
9/13/2024 5:00,76972.1
9/13/2024 6:00,74592.6
9/13/2024 7:00,73267.8
9/13/2024 8:00,73328
9/13/2024 9:00,75932.7
9/13/2024 10:00,81468.2
9/13/2024 11:00,85154.9
9/13/2024 12:00,87852.7
9/13/2024 13:00,90408.2
9/13/2024 14:00,93297.8
9/13/2024 15:00,96617.9
9/13/2024 16:00,100359.7
9/13/2024 17:00,104378.6
9/13/2024 18:00,107993.5
9/13/2024 19:00,111192
9/13/2024 20:00,113974.3
9/13/2024 21:00,114539.4
9/13/2024 22:00,111546.8
9/13/2024 23:00,107169.1
9/14/2024 0:00,103563.6
9/14/2024 1:00,98104
9/14/2024 2:00,92343.5
9/14/2024 3:00,86523.2
9/14/2024 4:00,81127
9/14/2024 5:00,77017.3
9/14/2024 6:00,73953.7
9/14/2024 7:00,71967.8
9/14/2024 8:00,71087.1
9/14/2024 9:00,71305.5
9/14/2024 10:00,72938.3
9/14/2024 11:00,74731.9
9/14/2024 12:00,78381
9/14/2024 13:00,82383
9/14/2024 14:00,86892.9
9/14/2024 15:00,91938.7
9/14/2024 16:00,97169.7
9/14/2024 17:00,102053
9/14/2024 18:00,106299.7
9/14/2024 19:00,110084.6
9/14/2024 20:00,112877.5
9/14/2024 21:00,113676.4
9/14/2024 22:00,111015.3
9/14/2024 23:00,106785.1
9/15/2024 0:00,102874.1
9/15/2024 1:00,97306.8
9/15/2024 2:00,91388.9
9/15/2024 3:00,85518
9/15/2024 4:00,80403.3
9/15/2024 5:00,76301.9
9/15/2024 6:00,73316.2
9/15/2024 7:00,71200.4
9/15/2024 8:00,69939.5
9/15/2024 9:00,69673.6
9/15/2024 10:00,70535.9
9/15/2024 11:00,71764.1
9/15/2024 12:00,75286.2
9/15/2024 13:00,79663.8
9/15/2024 14:00,84276.3
9/15/2024 15:00,88947.6
9/15/2024 16:00,94419.6
9/15/2024 17:00,99285.9
9/15/2024 18:00,103557.3
9/15/2024 19:00,107244.6
9/15/2024 20:00,110182.2
9/15/2024 21:00,111378
9/15/2024 22:00,109393.3
9/15/2024 23:00,105871.1
9/16/2024 0:00,102826
9/16/2024 1:00,96450.2
9/16/2024 2:00,89707
9/16/2024 3:00,83073.8
9/16/2024 4:00,77961.2
9/16/2024 5:00,74125.2
9/16/2024 6:00,71777.7
9/16/2024 7:00,70628.7
9/16/2024 8:00,71203
9/16/2024 9:00,74341.8
9/16/2024 10:00,80090.6
9/16/2024 11:00,83766.6
9/16/2024 12:00,85998.4
9/16/2024 13:00,88368.3
9/16/2024 14:00,91543.6
9/16/2024 15:00,94871.7
9/16/2024 16:00,98494.5
9/16/2024 17:00,101960.4
9/16/2024 18:00,104717.2
9/16/2024 19:00,107194.3
9/16/2024 20:00,108803.8
9/16/2024 21:00,109371.3
9/16/2024 22:00,107570.4
9/16/2024 23:00,105646
9/17/2024 0:00,102976.9
9/17/2024 1:00,97276.2
9/17/2024 2:00,90481.1
9/17/2024 3:00,84046
9/17/2024 4:00,79263.3
9/17/2024 5:00,75668.3
9/17/2024 6:00,73546.9
9/17/2024 7:00,72450
9/17/2024 8:00,72822.1
9/17/2024 9:00,75984.2
9/17/2024 10:00,82149.3
9/17/2024 11:00,86484.9
9/17/2024 12:00,88613
9/17/2024 13:00,90609.4
9/17/2024 14:00,93000.3
9/17/2024 15:00,95240.6
9/17/2024 16:00,98063.2
9/17/2024 17:00,101102.9
9/17/2024 18:00,103393
9/17/2024 19:00,105056.7
9/17/2024 20:00,106534.4
9/17/2024 21:00,107100.3
9/17/2024 22:00,106303.1
9/17/2024 23:00,105381.7
9/18/2024 0:00,103225.6
9/18/2024 1:00,98305.7
9/18/2024 2:00,92013.6
9/18/2024 3:00,86102.4
9/18/2024 4:00,81239.6
9/18/2024 5:00,77642.8
9/18/2024 6:00,75339.7
9/18/2024 7:00,74209.3
9/18/2024 8:00,74554
9/18/2024 9:00,77699
9/18/2024 10:00,84001.1
9/18/2024 11:00,88058.2
9/18/2024 12:00,90362.1
9/18/2024 13:00,92559.6
9/18/2024 14:00,95146.9
9/18/2024 15:00,97944.6
9/18/2024 16:00,100735.6
9/18/2024 17:00,102897.5
9/18/2024 18:00,105173.9
9/18/2024 19:00,107874.5
9/18/2024 20:00,109770.4
9/18/2024 21:00,110682.6
9/18/2024 22:00,109438.3
9/18/2024 23:00,107782.6
9/19/2024 0:00,105312.9
9/19/2024 1:00,100180.8
9/19/2024 2:00,93603.6
9/19/2024 3:00,87115.5
9/19/2024 4:00,81918.9
9/19/2024 5:00,78168.1
9/19/2024 6:00,75567.5
9/19/2024 7:00,74199.5
9/19/2024 8:00,74286.1
9/19/2024 9:00,77349.5
9/19/2024 10:00,83544.5
9/19/2024 11:00,87588.3
9/19/2024 12:00,89857.4
9/19/2024 13:00,92458.3
9/19/2024 14:00,95694.7
9/19/2024 15:00,99846.2
9/19/2024 16:00,104753.4
9/19/2024 17:00,109478.3
9/19/2024 18:00,113448.2
9/19/2024 19:00,116602.1
9/19/2024 20:00,119187.2
9/19/2024 21:00,119948.3
9/19/2024 22:00,117271.9
9/19/2024 23:00,113871.5
9/20/2024 0:00,110046
9/20/2024 1:00,103727.6
9/20/2024 2:00,96176.1
9/20/2024 3:00,88876.9
9/20/2024 4:00,82877
9/20/2024 5:00,78659.5
9/20/2024 6:00,75782.6
9/20/2024 7:00,73960.6
9/20/2024 8:00,74206.6
9/20/2024 9:00,76633.1
9/20/2024 10:00,82115.5
9/20/2024 11:00,85811.5
9/20/2024 12:00,88741.9
9/20/2024 13:00,91634.6
9/20/2024 14:00,95443.4
9/20/2024 15:00,100161.3
9/20/2024 16:00,105599.9
9/20/2024 17:00,110695
9/20/2024 18:00,114913.2
9/20/2024 19:00,118028.8
9/20/2024 20:00,120157.9
9/20/2024 21:00,119966.7
9/20/2024 22:00,116084.4
9/20/2024 23:00,111446.1
9/21/2024 0:00,106838
9/21/2024 1:00,100953.3
9/21/2024 2:00,94798.1
9/21/2024 3:00,88331.5
9/21/2024 4:00,82615.5
9/21/2024 5:00,78308.9
9/21/2024 6:00,75316.5
9/21/2024 7:00,73254.2
9/21/2024 8:00,72320.3
9/21/2024 9:00,72700.5
9/21/2024 10:00,74277.6
9/21/2024 11:00,76125.8
9/21/2024 12:00,79468.8
9/21/2024 13:00,83486.7
9/21/2024 14:00,87990.4
9/21/2024 15:00,92738.4
9/21/2024 16:00,97643.3
9/21/2024 17:00,102050
9/21/2024 18:00,106245.9
9/21/2024 19:00,109910.9
9/21/2024 20:00,112219.5
9/21/2024 21:00,112483
9/21/2024 22:00,109836.9
9/21/2024 23:00,106008.9
9/22/2024 0:00,102135.1
9/22/2024 1:00,96726.3
9/22/2024 2:00,91165.9
9/22/2024 3:00,85375.7
9/22/2024 4:00,80261
9/22/2024 5:00,76219
9/22/2024 6:00,73375.2
9/22/2024 7:00,71256.7
9/22/2024 8:00,70094.5
9/22/2024 9:00,69958.2
9/22/2024 10:00,70962.8
9/22/2024 11:00,72453.1
9/22/2024 12:00,75533
9/22/2024 13:00,79253.2
9/22/2024 14:00,82601
9/22/2024 15:00,86243.2
9/22/2024 16:00,90062.5
9/22/2024 17:00,93531.9
9/22/2024 18:00,96054.8
9/22/2024 19:00,98016.6
9/22/2024 20:00,99458.9
9/22/2024 21:00,100159.7
9/22/2024 22:00,99260.8
9/22/2024 23:00,98772.2
9/23/2024 0:00,96996.4
9/23/2024 1:00,92383.8
9/23/2024 2:00,86897.5
9/23/2024 3:00,81629
9/23/2024 4:00,77360
9/23/2024 5:00,74267.5
9/23/2024 6:00,72364.5
9/23/2024 7:00,71502.9
9/23/2024 8:00,72184.9
9/23/2024 9:00,75666.3
9/23/2024 10:00,81773.8
9/23/2024 11:00,85983.1
9/23/2024 12:00,87839.4
9/23/2024 13:00,89395.6
9/23/2024 14:00,90998.8
9/23/2024 15:00,92488.2
9/23/2024 16:00,93995.5
9/23/2024 17:00,95230.4
9/23/2024 18:00,95855.2
9/23/2024 19:00,96160
9/23/2024 20:00,96587.6
9/23/2024 21:00,96888.5
9/23/2024 22:00,96355.2
9/23/2024 23:00,96369.3
9/24/2024 0:00,94711.4
9/24/2024 1:00,90464.7
9/24/2024 2:00,85038.6
9/24/2024 3:00,80056.4
9/24/2024 4:00,75857.3
9/24/2024 5:00,73100.1
9/24/2024 6:00,71376.2
9/24/2024 7:00,70653.1
9/24/2024 8:00,71485.5
9/24/2024 9:00,74767.3
9/24/2024 10:00,80992.9
9/24/2024 11:00,85370.9
9/24/2024 12:00,87520.9
9/24/2024 13:00,88866.6
9/24/2024 14:00,90170
9/24/2024 15:00,91375.5
9/24/2024 16:00,92225.2
9/24/2024 17:00,93112.4
9/24/2024 18:00,93004.2
9/24/2024 19:00,92814
9/24/2024 20:00,93626
9/24/2024 21:00,94202.6
9/24/2024 22:00,94319.1
9/24/2024 23:00,94830.8
9/25/2024 0:00,93385.3
9/25/2024 1:00,89607.9
9/25/2024 2:00,84444.3
9/25/2024 3:00,79473.8
9/25/2024 4:00,75552.7
9/25/2024 5:00,72813.7
9/25/2024 6:00,71062.8
9/25/2024 7:00,70412.5
9/25/2024 8:00,71058
9/25/2024 9:00,74470.1
9/25/2024 10:00,80721.9
9/25/2024 11:00,85325.7
9/25/2024 12:00,87518
9/25/2024 13:00,89106.8
9/25/2024 14:00,90368.8
9/25/2024 15:00,91630.4
9/25/2024 16:00,92862.3
9/25/2024 17:00,94525.7
9/25/2024 18:00,95212
9/25/2024 19:00,95991
9/25/2024 20:00,96929.4
9/25/2024 21:00,97611.1
9/25/2024 22:00,97438.5
9/25/2024 23:00,97367.7
9/26/2024 0:00,95993.6
9/26/2024 1:00,92309.8
9/26/2024 2:00,87165.2
9/26/2024 3:00,81897.4
9/26/2024 4:00,77686.1
9/26/2024 5:00,74724.2
9/26/2024 6:00,72861.2
9/26/2024 7:00,72026.2
9/26/2024 8:00,72916
9/26/2024 9:00,76134.1
9/26/2024 10:00,82571.8
9/26/2024 11:00,87415.8
9/26/2024 12:00,89624.3
9/26/2024 13:00,91763.1
9/26/2024 14:00,93748.2
9/26/2024 15:00,95573
9/26/2024 16:00,97327.3
9/26/2024 17:00,98955.7
9/26/2024 18:00,99900
9/26/2024 19:00,100477.2
9/26/2024 20:00,101282.8
9/26/2024 21:00,101840.7
9/26/2024 22:00,101624.3
9/26/2024 23:00,101826.3
9/27/2024 0:00,100251.1
9/27/2024 1:00,96444.1
9/27/2024 2:00,91050.3
9/27/2024 3:00,85624.6
9/27/2024 4:00,81145.2
9/27/2024 5:00,78085
9/27/2024 6:00,76286.3
9/27/2024 7:00,75187.4
9/27/2024 8:00,75692.5
9/27/2024 9:00,78690
9/27/2024 10:00,84555
9/27/2024 11:00,89266.6
9/27/2024 12:00,91885.2
9/27/2024 13:00,93850.6
9/27/2024 14:00,95147.6
9/27/2024 15:00,95658.5
9/27/2024 16:00,96122.5
9/27/2024 17:00,96299.3
9/27/2024 18:00,95785.4
9/27/2024 19:00,95120.2
9/27/2024 20:00,95051.1
9/27/2024 21:00,95025.2
9/27/2024 22:00,94589.5
9/27/2024 23:00,94661.3
9/28/2024 0:00,93169.6
9/28/2024 1:00,90452.9
9/28/2024 2:00,86467.5
9/28/2024 3:00,82092.5
9/28/2024 4:00,78286.1
9/28/2024 5:00,75075.4
9/28/2024 6:00,72792.9
9/28/2024 7:00,71396.6
9/28/2024 8:00,70863.8
9/28/2024 9:00,71592.1
9/28/2024 10:00,73312.2
9/28/2024 11:00,75734.6
9/28/2024 12:00,79111.6
9/28/2024 13:00,82560.2
9/28/2024 14:00,85318.4
9/28/2024 15:00,87837.1
9/28/2024 16:00,89837
9/28/2024 17:00,91202.2
9/28/2024 18:00,91872.6
9/28/2024 19:00,92497.8
9/28/2024 20:00,93150.4
9/28/2024 21:00,93403.9
9/28/2024 22:00,92553.1
9/28/2024 23:00,92347.8
9/29/2024 0:00,90311.7
9/29/2024 1:00,87332.6
9/29/2024 2:00,83767.5
9/29/2024 3:00,79629.9
9/29/2024 4:00,75876.3
9/29/2024 5:00,72532.4
9/29/2024 6:00,70501.8
9/29/2024 7:00,69096.2
9/29/2024 8:00,68455
9/29/2024 9:00,68782.8
9/29/2024 10:00,70009.3
9/29/2024 11:00,71920.4
9/29/2024 12:00,74828.1
9/29/2024 13:00,78049.8
9/29/2024 14:00,80686.1
9/29/2024 15:00,82958.6
9/29/2024 16:00,85067.3
9/29/2024 17:00,86463.3
9/29/2024 18:00,86904
9/29/2024 19:00,87674.8
9/29/2024 20:00,88821.7
9/29/2024 21:00,90082.9
9/29/2024 22:00,90773.4
9/29/2024 23:00,91558.6
9/30/2024 0:00,90382.4
9/30/2024 1:00,86912.2
9/30/2024 2:00,82794.7
9/30/2024 3:00,78261
9/30/2024 4:00,74742.7
9/30/2024 5:00,72090
9/30/2024 6:00,70566.1
9/30/2024 7:00,69870
9/30/2024 8:00,70922.5
9/30/2024 9:00,74104.8
9/30/2024 10:00,80410.3
9/30/2024 11:00,85134.9
9/30/2024 12:00,87274.5
9/30/2024 13:00,88826.2
9/30/2024 14:00,90483.4
9/30/2024 15:00,91815.8
9/30/2024 16:00,92899.6
9/30/2024 17:00,94345.6
9/30/2024 18:00,95046.8
9/30/2024 19:00,95541.6
9/30/2024 20:00,96854.6
9/30/2024 21:00,97420.2
9/30/2024 22:00,97545.2
9/30/2024 23:00,97670.5
10/1/2024 0:00,95606.6
10/1/2024 1:00,91474.1
10/1/2024 2:00,86265.1
10/1/2024 3:00,80772.7
10/1/2024 4:00,76556.6
10/1/2024 5:00,73673
10/1/2024 6:00,71729.8
10/1/2024 7:00,70816.8
10/1/2024 8:00,71346.4
10/1/2024 9:00,74631.2
10/1/2024 10:00,80868.5
10/1/2024 11:00,85596.9
10/1/2024 12:00,87322.2
10/1/2024 13:00,88259.6
10/1/2024 14:00,89203.4
10/1/2024 15:00,89930
10/1/2024 16:00,90664.9
10/1/2024 17:00,91364.4
10/1/2024 18:00,91539.2
10/1/2024 19:00,91865
10/1/2024 20:00,92931.9
10/1/2024 21:00,93541.5
10/1/2024 22:00,93750.3
10/1/2024 23:00,94239.7
10/2/2024 0:00,92672
10/2/2024 1:00,88445.6
10/2/2024 2:00,83283.3
10/2/2024 3:00,77973.7
10/2/2024 4:00,73803.7
10/2/2024 5:00,71037.6
10/2/2024 6:00,69145
10/2/2024 7:00,68303.1
10/2/2024 8:00,68899.8
10/2/2024 9:00,72155.8
10/2/2024 10:00,78096.7
10/2/2024 11:00,82156.1
10/2/2024 12:00,83740.5
10/2/2024 13:00,84299.1
10/2/2024 14:00,85259.9
10/2/2024 15:00,85942.9
10/2/2024 16:00,86523.2
10/2/2024 17:00,87212.2
10/2/2024 18:00,88191.4
10/2/2024 19:00,89283.4
10/2/2024 20:00,90519.6
10/2/2024 21:00,91258.4
10/2/2024 22:00,91620.2
10/2/2024 23:00,91786.2
10/3/2024 0:00,90296.7
10/3/2024 1:00,86615.2
10/3/2024 2:00,81496.9
10/3/2024 3:00,76602.1
10/3/2024 4:00,72752.6
10/3/2024 5:00,70102.8
10/3/2024 6:00,68419.7
10/3/2024 7:00,67650.2
10/3/2024 8:00,68242.6
10/3/2024 9:00,71385.3
10/3/2024 10:00,77225.3
10/3/2024 11:00,81258.6
10/3/2024 12:00,82958.9
10/3/2024 13:00,83748.7
10/3/2024 14:00,84632
10/3/2024 15:00,85978
10/3/2024 16:00,87684.6
10/3/2024 17:00,89498.9
10/3/2024 18:00,91261.6
10/3/2024 19:00,93276.3
10/3/2024 20:00,95412.9
10/3/2024 21:00,96648.6
10/3/2024 22:00,95837.7
10/3/2024 23:00,95392.1
10/4/2024 0:00,93178.4
10/4/2024 1:00,88798.9
10/4/2024 2:00,83364
10/4/2024 3:00,77827.4
10/4/2024 4:00,73554.2
10/4/2024 5:00,70720.2
10/4/2024 6:00,69018.4
10/4/2024 7:00,68133.9
10/4/2024 8:00,68720.8
10/4/2024 9:00,71750.8
10/4/2024 10:00,77399.1
10/4/2024 11:00,81513.1
10/4/2024 12:00,83187.9
10/4/2024 13:00,84582.8
10/4/2024 14:00,86095.7
10/4/2024 15:00,87979.4
10/4/2024 16:00,89979.8
10/4/2024 17:00,92144.6
10/4/2024 18:00,93332.8
10/4/2024 19:00,94701.7
10/4/2024 20:00,95438.2
10/4/2024 21:00,95468.7
10/4/2024 22:00,94049.7
10/4/2024 23:00,92918.5
10/5/2024 0:00,90552.1
10/5/2024 1:00,86831.8
10/5/2024 2:00,82247
10/5/2024 3:00,77396.5
10/5/2024 4:00,73138.9
10/5/2024 5:00,70098.8
10/5/2024 6:00,68081.4
10/5/2024 7:00,66965.8
10/5/2024 8:00,66612.4
10/5/2024 9:00,67284.4
10/5/2024 10:00,69102.7
10/5/2024 11:00,71024.8
10/5/2024 12:00,73385.1
10/5/2024 13:00,75492.3
10/5/2024 14:00,76951.3
10/5/2024 15:00,78525.6
10/5/2024 16:00,80562.6
10/5/2024 17:00,82957.7
10/5/2024 18:00,85362
10/5/2024 19:00,87800.8
10/5/2024 20:00,90262
10/5/2024 21:00,91351.3
10/5/2024 22:00,89819
10/5/2024 23:00,88589
10/6/2024 0:00,86371.7
10/6/2024 1:00,82810.2
10/6/2024 2:00,78751.5
10/6/2024 3:00,74485.5
10/6/2024 4:00,70754.9
10/6/2024 5:00,68009
10/6/2024 6:00,66003.8
10/6/2024 7:00,64900.9
10/6/2024 8:00,64236.7
10/6/2024 9:00,64346.5
10/6/2024 10:00,65348.4
10/6/2024 11:00,66906.8
10/6/2024 12:00,69052.8
10/6/2024 13:00,70971.1
10/6/2024 14:00,72896.1
10/6/2024 15:00,75045.6
10/6/2024 16:00,78126.8
10/6/2024 17:00,81279.5
10/6/2024 18:00,84091.4
10/6/2024 19:00,87304.9
10/6/2024 20:00,90534.3
10/6/2024 21:00,92673.5
10/6/2024 22:00,92079.4
10/6/2024 23:00,91689.7
10/7/2024 0:00,89074.5
10/7/2024 1:00,84505.2
10/7/2024 2:00,79453
10/7/2024 3:00,74752.5
10/7/2024 4:00,70896.7
10/7/2024 5:00,68336.5
10/7/2024 6:00,66706.3
10/7/2024 7:00,66071.9
10/7/2024 8:00,66860.3
10/7/2024 9:00,70347
10/7/2024 10:00,76691.5
10/7/2024 11:00,80942.5
10/7/2024 12:00,82621.2
10/7/2024 13:00,83424.5
10/7/2024 14:00,84471.1
10/7/2024 15:00,85384.5
10/7/2024 16:00,86681.7
10/7/2024 17:00,87713.1
10/7/2024 18:00,88445
10/7/2024 19:00,89175.4
10/7/2024 20:00,90112.7
10/7/2024 21:00,90562.4
10/7/2024 22:00,90241.7
10/7/2024 23:00,90493.6
10/8/2024 0:00,88307.8
10/8/2024 1:00,83898.7
10/8/2024 2:00,79016
10/8/2024 3:00,74107
10/8/2024 4:00,70202
10/8/2024 5:00,67682.1
10/8/2024 6:00,66195.3
10/8/2024 7:00,65656.8
10/8/2024 8:00,66734.1
10/8/2024 9:00,69996.3
10/8/2024 10:00,76387.2
10/8/2024 11:00,80563.6
10/8/2024 12:00,80959.8
10/8/2024 13:00,80234.2
10/8/2024 14:00,80191.5
10/8/2024 15:00,80205.5
10/8/2024 16:00,80760.6
10/8/2024 17:00,81815.6
10/8/2024 18:00,82624.7
10/8/2024 19:00,83581.3
10/8/2024 20:00,85245
10/8/2024 21:00,86729.2
10/8/2024 22:00,87387.7
10/8/2024 23:00,88067
10/9/2024 0:00,86337.3
10/9/2024 1:00,82278.2
10/9/2024 2:00,77515
10/9/2024 3:00,72971.9
10/9/2024 4:00,69689.2
10/9/2024 5:00,67464
10/9/2024 6:00,66219
10/9/2024 7:00,65707.1
10/9/2024 8:00,66567
10/9/2024 9:00,70152
10/9/2024 10:00,76634.6
10/9/2024 11:00,80940.3
10/9/2024 12:00,81510.4
10/9/2024 13:00,80808.4
10/9/2024 14:00,80486.8
10/9/2024 15:00,80434.3
10/9/2024 16:00,80665.9
10/9/2024 17:00,81559
10/9/2024 18:00,82241.2
10/9/2024 19:00,83124.7
10/9/2024 20:00,84842.6
10/9/2024 21:00,86258.4
10/9/2024 22:00,86622.5
10/9/2024 23:00,87493.6
10/10/2024 0:00,85886.9
10/10/2024 1:00,82434.6
10/10/2024 2:00,77846.2
10/10/2024 3:00,73276.1
10/10/2024 4:00,69732
10/10/2024 5:00,67530.7
10/10/2024 6:00,66326.6
10/10/2024 7:00,66126.7
10/10/2024 8:00,67152.1
10/10/2024 9:00,70736.2
10/10/2024 10:00,77563.6
10/10/2024 11:00,82165
10/10/2024 12:00,82765.4
10/10/2024 13:00,81519
10/10/2024 14:00,80768
10/10/2024 15:00,80155.4
10/10/2024 16:00,79982.1
10/10/2024 17:00,80188.8
10/10/2024 18:00,80596.7
10/10/2024 19:00,81264
10/10/2024 20:00,82689.7
10/10/2024 21:00,84538.7
10/10/2024 22:00,85769.9
10/10/2024 23:00,87026.2
10/11/2024 0:00,85594
10/11/2024 1:00,82519.4
10/11/2024 2:00,78164
10/11/2024 3:00,74115.4
10/11/2024 4:00,70851.2
10/11/2024 5:00,68890
10/11/2024 6:00,67778.6
10/11/2024 7:00,67418.3
10/11/2024 8:00,68592.1
10/11/2024 9:00,72211.9
10/11/2024 10:00,78494.9
10/11/2024 11:00,83194
10/11/2024 12:00,83859.2
10/11/2024 13:00,82364.2
10/11/2024 14:00,81303.3
10/11/2024 15:00,80516.4
10/11/2024 16:00,80176.4
10/11/2024 17:00,80571.6
10/11/2024 18:00,81082.7
10/11/2024 19:00,81990.8
10/11/2024 20:00,83730.3
10/11/2024 21:00,84954.4
10/11/2024 22:00,85036.1
10/11/2024 23:00,85162
10/12/2024 0:00,83452.9
10/12/2024 1:00,80847.5
10/12/2024 2:00,77177.7
10/12/2024 3:00,73315.1
10/12/2024 4:00,70060
10/12/2024 5:00,67746.3
10/12/2024 6:00,65984.6
10/12/2024 7:00,65310.9
10/12/2024 8:00,65327.1
10/12/2024 9:00,66478.4
10/12/2024 10:00,68704.6
10/12/2024 11:00,71237.6
10/12/2024 12:00,73202.1
10/12/2024 13:00,73625.9
10/12/2024 14:00,73771
10/12/2024 15:00,74047.1
10/12/2024 16:00,74153.9
10/12/2024 17:00,75075.9
10/12/2024 18:00,76034.5
10/12/2024 19:00,77620.1
10/12/2024 20:00,79570.8
10/12/2024 21:00,81099.7
10/12/2024 22:00,81459.1
10/12/2024 23:00,82124.3
10/13/2024 0:00,80164.8
10/13/2024 1:00,77433.4
10/13/2024 2:00,74057.4
10/13/2024 3:00,70437.3
10/13/2024 4:00,67262.7
10/13/2024 5:00,65236.5
10/13/2024 6:00,63508.3
10/13/2024 7:00,62703.4
10/13/2024 8:00,62399
10/13/2024 9:00,63105
10/13/2024 10:00,64948.8
10/13/2024 11:00,67109.8
10/13/2024 12:00,69196.5
10/13/2024 13:00,70915.9
10/13/2024 14:00,71845.3
10/13/2024 15:00,73177.2
10/13/2024 16:00,75017.5
10/13/2024 17:00,76699.4
10/13/2024 18:00,78673.7
10/13/2024 19:00,80377.6
10/13/2024 20:00,82352.1
10/13/2024 21:00,83918.6
10/13/2024 22:00,84549.1
10/13/2024 23:00,85714.3
10/14/2024 0:00,83997.3
10/14/2024 1:00,80606.6
10/14/2024 2:00,76565.5
10/14/2024 3:00,72519
10/14/2024 4:00,69105.1
10/14/2024 5:00,66687.7
10/14/2024 6:00,65193.4
10/14/2024 7:00,64715.9
10/14/2024 8:00,65632.7
10/14/2024 9:00,68914.8
10/14/2024 10:00,74646.5
10/14/2024 11:00,79199.8
10/14/2024 12:00,81125.8
10/14/2024 13:00,81924.2
10/14/2024 14:00,81959.5
10/14/2024 15:00,81752.5
10/14/2024 16:00,81865.7
10/14/2024 17:00,82079.5
10/14/2024 18:00,82339.5
10/14/2024 19:00,82753.5
10/14/2024 20:00,83308.2
10/14/2024 21:00,84856
10/14/2024 22:00,86502.9
10/14/2024 23:00,87710.4
10/15/2024 0:00,86202.4
10/15/2024 1:00,82915.4
10/15/2024 2:00,78588.5
10/15/2024 3:00,74455.5
10/15/2024 4:00,71372
10/15/2024 5:00,69499.1
10/15/2024 6:00,68582.1
10/15/2024 7:00,68465.3
10/15/2024 8:00,69739.6
10/15/2024 9:00,73728.9
10/15/2024 10:00,80582.5
10/15/2024 11:00,85530.4
10/15/2024 12:00,86220.4
10/15/2024 13:00,85162.8
10/15/2024 14:00,83865.3
10/15/2024 15:00,83233.4
10/15/2024 16:00,83186.8
10/15/2024 17:00,83280.5
10/15/2024 18:00,82848.4
10/15/2024 19:00,82922.3
10/15/2024 20:00,83776.7
10/15/2024 21:00,85659.4
10/15/2024 22:00,88380.6
10/15/2024 23:00,90358.7
10/16/2024 0:00,89072.3
10/16/2024 1:00,86045.2
10/16/2024 2:00,81775.3
10/16/2024 3:00,77502.8
10/16/2024 4:00,74588.1
10/16/2024 5:00,72841.1
10/16/2024 6:00,71976.9
10/16/2024 7:00,72010.8
10/16/2024 8:00,73370.4
10/16/2024 9:00,77487
10/16/2024 10:00,84538.8
10/16/2024 11:00,89354.8
10/16/2024 12:00,89600.4
10/16/2024 13:00,87303.7
10/16/2024 14:00,85416.9
10/16/2024 15:00,84413.9
10/16/2024 16:00,83707.9
10/16/2024 17:00,82924.7
10/16/2024 18:00,82228
10/16/2024 19:00,81890.9
10/16/2024 20:00,83113.8
10/16/2024 21:00,85329.2
10/16/2024 22:00,87996.9
10/16/2024 23:00,90202.6
10/17/2024 0:00,89227.1
10/17/2024 1:00,86714.3
10/17/2024 2:00,82577.8
10/17/2024 3:00,78610.7
10/17/2024 4:00,75873.2
10/17/2024 5:00,74287.4
10/17/2024 6:00,73615.9
10/17/2024 7:00,73791.1
10/17/2024 8:00,75407.3
10/17/2024 9:00,79778.2
10/17/2024 10:00,86897.7
10/17/2024 11:00,91694.7
10/17/2024 12:00,92024.1
10/17/2024 13:00,88954.1
10/17/2024 14:00,86006.5
10/17/2024 15:00,83797.2
10/17/2024 16:00,82490.2
10/17/2024 17:00,81883
10/17/2024 18:00,81070
10/17/2024 19:00,80978.3
10/17/2024 20:00,82196.3
10/17/2024 21:00,84123.8
10/17/2024 22:00,86491.8
10/17/2024 23:00,88794.7
10/18/2024 0:00,87795.2
10/18/2024 1:00,85639.1
10/18/2024 2:00,81777.6
10/18/2024 3:00,77954.6
10/18/2024 4:00,75193.4
10/18/2024 5:00,73852.8
10/18/2024 6:00,73106.1
10/18/2024 7:00,73322.4
10/18/2024 8:00,74849.7
10/18/2024 9:00,78652.4
10/18/2024 10:00,85562.6
10/18/2024 11:00,89992.8
10/18/2024 12:00,90064.4
10/18/2024 13:00,87401.1
10/18/2024 14:00,84642.5
10/18/2024 15:00,82413.7
10/18/2024 16:00,81123.5
10/18/2024 17:00,80609.9
10/18/2024 18:00,80369.6
10/18/2024 19:00,80530.3
10/18/2024 20:00,81698
10/18/2024 21:00,82968.7
10/18/2024 22:00,83959.4
10/18/2024 23:00,84760.5
10/19/2024 0:00,83357.7
10/19/2024 1:00,81206.9
10/19/2024 2:00,78039.9
10/19/2024 3:00,74463.1
10/19/2024 4:00,71901.1
10/19/2024 5:00,70353.6
10/19/2024 6:00,69567.2
10/19/2024 7:00,69220.3
10/19/2024 8:00,69900.7
10/19/2024 9:00,71826.3
10/19/2024 10:00,74743.5
10/19/2024 11:00,78214
10/19/2024 12:00,79541.8
10/19/2024 13:00,78231.1
10/19/2024 14:00,76215
10/19/2024 15:00,74575.9
10/19/2024 16:00,73528.8
10/19/2024 17:00,72775.1
10/19/2024 18:00,72916.9
10/19/2024 19:00,74052.8
10/19/2024 20:00,75783.3
10/19/2024 21:00,77612.5
10/19/2024 22:00,79075.3
10/19/2024 23:00,79741.8
10/20/2024 0:00,78250.2
10/20/2024 1:00,76275.7
10/20/2024 2:00,73810.8
10/20/2024 3:00,70800.3
10/20/2024 4:00,68584.6
10/20/2024 5:00,67075.4
10/20/2024 6:00,66388.5
10/20/2024 7:00,66015.4
10/20/2024 8:00,66601.6
10/20/2024 9:00,67968.1
10/20/2024 10:00,70527.4
10/20/2024 11:00,73258.2
10/20/2024 12:00,74852.9
10/20/2024 13:00,74123.9
10/20/2024 14:00,72780.2
10/20/2024 15:00,72256.2
10/20/2024 16:00,72091.3
10/20/2024 17:00,72580.5
10/20/2024 18:00,73465.7
10/20/2024 19:00,74868.7
10/20/2024 20:00,77522.6
10/20/2024 21:00,80053
10/20/2024 22:00,81682.2
10/20/2024 23:00,83010.9
10/21/2024 0:00,81383.1
10/21/2024 1:00,78243.5
10/21/2024 2:00,74746.3
10/21/2024 3:00,70993.9
10/21/2024 4:00,68633.8
10/21/2024 5:00,67113.2
10/21/2024 6:00,66513.8
10/21/2024 7:00,66692.8
10/21/2024 8:00,68634.6
10/21/2024 9:00,72751.9
10/21/2024 10:00,80060.4
10/21/2024 11:00,85298.1
10/21/2024 12:00,85957.2
10/21/2024 13:00,84278.3
10/21/2024 14:00,83342.8
10/21/2024 15:00,83135.8
10/21/2024 16:00,83488.6
10/21/2024 17:00,84257
10/21/2024 18:00,85153.7
10/21/2024 19:00,86376.1
10/21/2024 20:00,88310.1
10/21/2024 21:00,90213.3
10/21/2024 22:00,90754.8
10/21/2024 23:00,91071.3
10/22/2024 0:00,88505.7
10/22/2024 1:00,84349.5
10/22/2024 2:00,79274.4
10/22/2024 3:00,74705.4
10/22/2024 4:00,71302.7
10/22/2024 5:00,69001.1
10/22/2024 6:00,67811.6
10/22/2024 7:00,67407.6
10/22/2024 8:00,68621.6
10/22/2024 9:00,72296.6
10/22/2024 10:00,79256.5
10/22/2024 11:00,83995.3
10/22/2024 12:00,85063.6
10/22/2024 13:00,84045.6
10/22/2024 14:00,83514.2
10/22/2024 15:00,83951.9
10/22/2024 16:00,84889.1
10/22/2024 17:00,86254.5
10/22/2024 18:00,87161.1
10/22/2024 19:00,88597.9
10/22/2024 20:00,90417.7
10/22/2024 21:00,91660.6
10/22/2024 22:00,91839.8
10/22/2024 23:00,91905.3
10/23/2024 0:00,89319.9
10/23/2024 1:00,84982.3
10/23/2024 2:00,80037.2
10/23/2024 3:00,75080.9
10/23/2024 4:00,71521.7
10/23/2024 5:00,69098.5
10/23/2024 6:00,67748.9
10/23/2024 7:00,67228.1
10/23/2024 8:00,68166.2
10/23/2024 9:00,71774.5
10/23/2024 10:00,78252.7
10/23/2024 11:00,82865.5
10/23/2024 12:00,83634.8
10/23/2024 13:00,82946.5
10/23/2024 14:00,82714.6
10/23/2024 15:00,82823.2
10/23/2024 16:00,83253.9
10/23/2024 17:00,84506.5
10/23/2024 18:00,86037.2
10/23/2024 19:00,87027
10/23/2024 20:00,88846.6
10/23/2024 21:00,89741.5
10/23/2024 22:00,90322.7
10/23/2024 23:00,90464.4
10/24/2024 0:00,87866
10/24/2024 1:00,83976.8
10/24/2024 2:00,79196.4
10/24/2024 3:00,74491.4
10/24/2024 4:00,70755.8
