t,SUM_LOAD
1/1/2024 5:00,91657.48656
1/1/2024 6:00,90127.60898
1/1/2024 7:00,88757.18374
1/1/2024 8:00,87921.55588
1/1/2024 9:00,88553.48836
1/1/2024 10:00,90258.89658
1/1/2024 11:00,92269.68155
1/1/2024 12:00,93899.79899
1/1/2024 13:00,95188.50214
1/1/2024 14:00,96465.00795
1/1/2024 15:00,97730.20352
1/1/2024 16:00,98631.91872
1/1/2024 17:00,99590.85047
1/1/2024 18:00,100454.8648
1/1/2024 19:00,100810.2506
1/1/2024 20:00,101917.8789
1/1/2024 21:00,104791.3476
1/1/2024 22:00,109070.2811
1/1/2024 23:00,109479.2243
1/2/2024 0:00,108397.5431
1/2/2024 1:00,106416.2534
1/2/2024 2:00,104197.1159
1/2/2024 3:00,100226.7748
1/2/2024 4:00,96354.34492
1/2/2024 5:00,93692.5553
1/2/2024 6:00,92271.34482
1/2/2024 7:00,91544.49495
1/2/2024 8:00,92049.57522
1/2/2024 9:00,94397.56086
1/2/2024 10:00,99542.50469
1/2/2024 11:00,107300.2271
1/2/2024 12:00,113226.2434
1/2/2024 13:00,114370.6855
1/2/2024 14:00,113323.1568
1/2/2024 15:00,111867.1284
1/2/2024 16:00,109510.8264
1/2/2024 17:00,107942.9154
1/2/2024 18:00,107062.7118
1/2/2024 19:00,106598.7698
1/2/2024 20:00,107314.6421
1/2/2024 21:00,110991.6929
1/2/2024 22:00,117355.926
1/2/2024 23:00,119355.6225
1/3/2024 0:00,118744.4255
1/3/2024 1:00,117301.2598
1/3/2024 2:00,114465.7137
1/3/2024 3:00,110155.3998
1/3/2024 4:00,105969.1659
1/3/2024 5:00,102970.9518
1/3/2024 6:00,101491.5268
1/3/2024 7:00,100907.053
1/3/2024 8:00,101408.8068
1/3/2024 9:00,103450.5286
1/3/2024 10:00,108546.2396
1/3/2024 11:00,116426.9332
1/3/2024 12:00,121477.6249
1/3/2024 13:00,120878.2926
1/3/2024 14:00,116391.6718
1/3/2024 15:00,112062.7292
1/3/2024 16:00,109215.762
1/3/2024 17:00,107396.9186
1/3/2024 18:00,106515.828
1/3/2024 19:00,106155.3415
1/3/2024 20:00,107702.5171
1/3/2024 21:00,111355.7277
1/3/2024 22:00,116715.899
1/3/2024 23:00,117588.3406
1/4/2024 0:00,116470.0674
1/4/2024 1:00,114878.427
1/4/2024 2:00,111532.8108
1/4/2024 3:00,106434.5494
1/4/2024 4:00,101377.3155
1/4/2024 5:00,97743.95324
1/4/2024 6:00,95975.00802
1/4/2024 7:00,94989.35304
1/4/2024 8:00,95091.0344
1/4/2024 9:00,96886.03754
1/4/2024 10:00,101883.2828
1/4/2024 11:00,109556.9545
1/4/2024 12:00,114842.0567
1/4/2024 13:00,115896.4603
1/4/2024 14:00,115608.0489
1/4/2024 15:00,114870.4433
1/4/2024 16:00,113281.2423
1/4/2024 17:00,112295.4764
1/4/2024 18:00,112059.1809
1/4/2024 19:00,111167.6671
1/4/2024 20:00,111052.1252
1/4/2024 21:00,113982.1451
1/4/2024 22:00,120181.3816
1/4/2024 23:00,122490.3358
1/5/2024 0:00,122215.6742
1/5/2024 1:00,120991.9495
1/5/2024 2:00,118342.1355
1/5/2024 3:00,114055.6617
1/5/2024 4:00,109946.8255
1/5/2024 5:00,107301.6686
1/5/2024 6:00,106164.9885
1/5/2024 7:00,105989.2361
1/5/2024 8:00,106797.4754
1/5/2024 9:00,109228.0702
1/5/2024 10:00,114729.7304
1/5/2024 11:00,122831.4175
1/5/2024 12:00,128433.7611
1/5/2024 13:00,127672.8696
1/5/2024 14:00,122655.4433
1/5/2024 15:00,117502.6266
1/5/2024 16:00,113390.3529
1/5/2024 17:00,110245.66
1/5/2024 18:00,107866.6266
1/5/2024 19:00,106824.8639
1/5/2024 20:00,107763.282
1/5/2024 21:00,111911.2606
1/5/2024 22:00,118124.2468
1/5/2024 23:00,119668.2068
1/6/2024 0:00,119133.5203
1/6/2024 1:00,117927.2045
1/6/2024 2:00,115563.4733
1/6/2024 3:00,111799.7105
1/6/2024 4:00,107593.85
1/6/2024 5:00,104517.1295
1/6/2024 6:00,102530.5174
1/6/2024 7:00,101058.189
1/6/2024 8:00,100493.6745
1/6/2024 9:00,100673.0861
1/6/2024 10:00,101883.2828
1/6/2024 11:00,104442.504
1/6/2024 12:00,107165.2803
1/6/2024 13:00,109408.9233
1/6/2024 14:00,111531.3693
1/6/2024 15:00,112962.3376
1/6/2024 16:00,113402.1067
1/6/2024 17:00,113411.6428
1/6/2024 18:00,113086.4177
1/6/2024 19:00,112418.3368
1/6/2024 20:00,112093.777
1/6/2024 21:00,113257.1803
1/6/2024 22:00,115680.1241
1/6/2024 23:00,115096.6482
1/7/2024 0:00,113113.8062
1/7/2024 1:00,110751.6274
1/7/2024 2:00,107738.7765
1/7/2024 3:00,104151.7641
1/7/2024 4:00,100382.9006
1/7/2024 5:00,97316.04879
1/7/2024 6:00,95371.35117
1/7/2024 7:00,94044.83631
1/7/2024 8:00,93529.99818
1/7/2024 9:00,93871.85602
1/7/2024 10:00,95214.11652
1/7/2024 11:00,97351.19928
1/7/2024 12:00,99997.46503
1/7/2024 13:00,102255.1904
1/7/2024 14:00,103596.0094
1/7/2024 15:00,103147.7022
1/7/2024 16:00,102490.0444
1/7/2024 17:00,102298.5464
1/7/2024 18:00,102428.9469
1/7/2024 19:00,102930.4789
1/7/2024 20:00,104156.1995
1/7/2024 21:00,107388.9349
1/7/2024 22:00,111865.0216
1/7/2024 23:00,112748.9953
1/8/2024 0:00,111917.0266
1/8/2024 1:00,110311.6365
1/8/2024 2:00,106937.3011
1/8/2024 3:00,102820.1485
1/8/2024 4:00,98959.91595
1/8/2024 5:00,95937.86161
1/8/2024 6:00,94714.46962
1/8/2024 7:00,94158.82588
1/8/2024 8:00,94688.74434
1/8/2024 9:00,97426.93359
1/8/2024 10:00,103060.6576
1/8/2024 11:00,111880.4346
1/8/2024 12:00,117801.0176
1/8/2024 13:00,117863.3349
1/8/2024 14:00,114664.9737
1/8/2024 15:00,111436.2301
1/8/2024 16:00,108835.3162
1/8/2024 17:00,107293.4631
1/8/2024 18:00,106248.1521
1/8/2024 19:00,105619.657
1/8/2024 20:00,106657.9823
1/8/2024 21:00,110216.6082
1/8/2024 22:00,116252.4005
1/8/2024 23:00,118212.5111
1/9/2024 0:00,117633.0272
1/9/2024 1:00,116325.2518
1/9/2024 2:00,113388.5788
1/9/2024 3:00,108538.8103
1/9/2024 4:00,103980.447
1/9/2024 5:00,100589.0354
1/9/2024 6:00,98566.82934
1/9/2024 7:00,97936.7819
1/9/2024 8:00,97817.24809
1/9/2024 9:00,99310.86635
1/9/2024 10:00,103759.121
1/9/2024 11:00,110979.2738
1/9/2024 12:00,116385.2405
1/9/2024 13:00,117710.3139
1/9/2024 14:00,118013.0294
1/9/2024 15:00,118408.1119
1/9/2024 16:00,117973.3326
1/9/2024 17:00,117455.7224
1/9/2024 18:00,116513.0907
1/9/2024 19:00,114807.4607
1/9/2024 20:00,113796.1913
1/9/2024 21:00,114430.0088
1/9/2024 22:00,116144.0661
1/9/2024 23:00,114856.9153
1/10/2024 0:00,111878.6605
1/10/2024 1:00,108376.5858
1/10/2024 2:00,104113.5088
1/10/2024 3:00,98931.75121
1/10/2024 4:00,94049.60436
1/10/2024 5:00,91180.46016
1/10/2024 6:00,89154.81663
1/10/2024 7:00,88304.4411
1/10/2024 8:00,89016.54328
1/10/2024 9:00,91243.22095
1/10/2024 10:00,96099.75342
1/10/2024 11:00,103829.8655
1/10/2024 12:00,110020.3421
1/10/2024 13:00,111542.4577
1/10/2024 14:00,110319.7311
1/10/2024 15:00,109717.9592
1/10/2024 16:00,109750.3376
1/10/2024 17:00,110866.8367
1/10/2024 18:00,111470.7153
1/10/2024 19:00,110793.2092
1/10/2024 20:00,111147.4861
1/10/2024 21:00,113652.8173
1/10/2024 22:00,117543.3214
1/10/2024 23:00,118041.305
1/11/2024 0:00,116925.4712
1/11/2024 1:00,115074.1386
1/11/2024 2:00,111863.2475
1/11/2024 3:00,107048.2968
1/11/2024 4:00,102213.9413
1/11/2024 5:00,98944.17031
1/11/2024 6:00,97340.66522
1/11/2024 7:00,96814.62773
1/11/2024 8:00,97222.46202
1/11/2024 9:00,99397.91091
1/11/2024 10:00,104683.4567
1/11/2024 11:00,113121.1246
1/11/2024 12:00,118555.1452
1/11/2024 13:00,118147.7544
1/11/2024 14:00,114083.0503
1/11/2024 15:00,110815.6079
1/11/2024 16:00,107930.718
1/11/2024 17:00,105273.6965
1/11/2024 18:00,103393.4229
1/11/2024 19:00,102488.3812
1/11/2024 20:00,102704.6065
1/11/2024 21:00,105774.3413
1/11/2024 22:00,111617.4159
1/11/2024 23:00,113910.8462
1/12/2024 0:00,113705.3767
1/12/2024 1:00,112787.8049
1/12/2024 2:00,110107.9411
1/12/2024 3:00,105910.6188
1/12/2024 4:00,102083.319
1/12/2024 5:00,99541.95027
1/12/2024 6:00,98226.413
1/12/2024 7:00,98055.09599
1/12/2024 8:00,98805.89697
1/12/2024 9:00,101329.9677
1/12/2024 10:00,106328.4327
1/12/2024 11:00,114432.7809
1/12/2024 12:00,119890.0873
1/12/2024 13:00,118989.5918
1/12/2024 14:00,114613.5232
1/12/2024 15:00,111092.0437
1/12/2024 16:00,108842.9673
1/12/2024 17:00,107779.8038
1/12/2024 18:00,107713.8274
1/12/2024 19:00,108108.4664
1/12/2024 20:00,108788.9664
1/12/2024 21:00,111128.9683
1/12/2024 22:00,113908.5176
1/12/2024 23:00,113018.8889
1/13/2024 0:00,110309.3079
1/13/2024 1:00,107354.6715
1/13/2024 2:00,103474.147
1/13/2024 3:00,99150.63781
1/13/2024 4:00,94933.13444
1/13/2024 5:00,91406.11072
1/13/2024 6:00,88992.70305
1/13/2024 7:00,87483.67181
1/13/2024 8:00,87173.97056
1/13/2024 9:00,88165.39156
1/13/2024 10:00,90190.14801
1/13/2024 11:00,93646.20545
1/13/2024 12:00,97833.65904
1/13/2024 13:00,100646.9173
1/13/2024 14:00,102506.7881
1/13/2024 15:00,104239.2522
1/13/2024 16:00,104855.7717
1/13/2024 17:00,104876.618
1/13/2024 18:00,103579.155
1/13/2024 19:00,103310.0375
1/13/2024 20:00,104556.2718
1/13/2024 21:00,108119.0004
1/13/2024 22:00,113243.985
1/13/2024 23:00,115601.3959
1/14/2024 0:00,115086.8904
1/14/2024 1:00,114106.6687
1/14/2024 2:00,112173.614
1/14/2024 3:00,109501.7339
1/14/2024 4:00,106438.5413
1/14/2024 5:00,104129.4762
1/14/2024 6:00,102430.832
1/14/2024 7:00,102017.5643
1/14/2024 8:00,102329.4833
1/14/2024 9:00,103530.3656
1/14/2024 10:00,105474.2871
1/14/2024 11:00,108713.343
1/14/2024 12:00,112314.4377
1/14/2024 13:00,113754.9422
1/14/2024 14:00,112710.5182
1/14/2024 15:00,110884.3565
1/14/2024 16:00,110687.8686
1/14/2024 17:00,111906.7143
1/14/2024 18:00,111046.8027
1/14/2024 19:00,109943.2772
1/14/2024 20:00,110846.7665
1/14/2024 21:00,115789.7891
1/14/2024 22:00,122530.0326
1/14/2024 23:00,125588.568
1/15/2024 0:00,125215.3298
1/15/2024 1:00,124577.2986
1/15/2024 2:00,122399.4103
1/15/2024 3:00,118999.2388
1/15/2024 4:00,115601.7285
1/15/2024 5:00,112928.1851
1/15/2024 6:00,111528.9298
1/15/2024 7:00,110808.6221
1/15/2024 8:00,111382.7836
1/15/2024 9:00,113259.2871
1/15/2024 10:00,117275.091
1/15/2024 11:00,122623.1758
1/15/2024 12:00,127299.2987
1/15/2024 13:00,129781.6767
1/15/2024 14:00,131187.0307
1/15/2024 15:00,131520.0177
1/15/2024 16:00,131075.4806
1/15/2024 17:00,130220.337
1/15/2024 18:00,129869.6084
1/15/2024 19:00,129282.0298
1/15/2024 20:00,129689.3097
1/15/2024 21:00,131744.1159
1/15/2024 22:00,135567.3129
1/15/2024 23:00,136708.2066
1/16/2024 0:00,135094.9437
1/16/2024 1:00,133252.4819
1/16/2024 2:00,129459.9999
1/16/2024 3:00,124475.7282
1/16/2024 4:00,119832.4272
1/16/2024 5:00,116471.398
1/16/2024 6:00,114502.5275
1/16/2024 7:00,113584.4013
1/16/2024 8:00,113609.6831
1/16/2024 9:00,115678.3499
1/16/2024 10:00,119914.1493
1/16/2024 11:00,126033.6596
1/16/2024 12:00,130869.4566
1/16/2024 13:00,133862.1265
1/16/2024 14:00,135000.359
1/16/2024 15:00,135542.5856
1/16/2024 16:00,135405.3102
1/16/2024 17:00,134634.7718
1/16/2024 18:00,134063.2715
1/16/2024 19:00,132743.8533
1/16/2024 20:00,132271.5949
1/16/2024 21:00,134405.9055
1/16/2024 22:00,139706.9752
1/16/2024 23:00,142458.138
1/17/2024 0:00,141972.9061
1/17/2024 1:00,140675.6648
1/17/2024 2:00,138026.8487
1/17/2024 3:00,133558.6348
1/17/2024 4:00,130143.0503
1/17/2024 5:00,128060.3011
1/17/2024 6:00,127201.6092
1/17/2024 7:00,127415.0624
1/17/2024 8:00,128337.8458
1/17/2024 9:00,130801.3734
1/17/2024 10:00,135554.3394
1/17/2024 11:00,142361.3355
1/17/2024 12:00,147969.8887
1/17/2024 13:00,148484.2833
1/17/2024 14:00,144453.5099
1/17/2024 15:00,140799.5231
1/17/2024 16:00,137992.5853
1/17/2024 17:00,135067.4443
1/17/2024 18:00,132712.0293
1/17/2024 19:00,130629.1693
1/17/2024 20:00,130121.3169
1/17/2024 21:00,132970.28
1/17/2024 22:00,138909.6026
1/17/2024 23:00,141627.8326
1/18/2024 0:00,140749.625
1/18/2024 1:00,139018.3806
1/18/2024 2:00,135730.2027
1/18/2024 3:00,130563.4146
1/18/2024 4:00,126103.7388
1/18/2024 5:00,122903.6035
1/18/2024 6:00,121293.5562
1/18/2024 7:00,120968.2202
1/18/2024 8:00,121140.2025
1/18/2024 9:00,122838.0706
1/18/2024 10:00,127423.7115
1/18/2024 11:00,134766.0594
1/18/2024 12:00,139354.0289
1/18/2024 13:00,138526.3847
1/18/2024 14:00,135770.0104
1/18/2024 15:00,132480.8345
1/18/2024 16:00,129730.448
1/18/2024 17:00,127550.8963
1/18/2024 18:00,126014.6983
1/18/2024 19:00,124367.8373
1/18/2024 20:00,124132.3179
1/18/2024 21:00,125743.6959
1/18/2024 22:00,129449.4659
1/18/2024 23:00,130325.4558
1/19/2024 0:00,128906.1304
1/19/2024 1:00,126966.7552
1/19/2024 2:00,123420.9919
1/19/2024 3:00,118724.0227
1/19/2024 4:00,114480.2396
1/19/2024 5:00,111376.0197
1/19/2024 6:00,109575.3614
1/19/2024 7:00,108655.4611
1/19/2024 8:00,108786.7487
1/19/2024 9:00,110755.9519
1/19/2024 10:00,114886.5215
1/19/2024 11:00,120770.069
1/19/2024 12:00,126008.9323
1/19/2024 13:00,128550.301
1/19/2024 14:00,129817.049
1/19/2024 15:00,130377.5716
1/19/2024 16:00,129675.1164
1/19/2024 17:00,128877.7438
1/19/2024 18:00,128060.412
1/19/2024 19:00,127451.2109
1/19/2024 20:00,127170.007
1/19/2024 21:00,128995.1708
1/19/2024 22:00,133339.4155
1/19/2024 23:00,134654.1766
1/20/2024 0:00,133006.5394
1/20/2024 1:00,131055.854
1/20/2024 2:00,128264.6618
1/20/2024 3:00,124684.5242
1/20/2024 4:00,121250.9764
1/20/2024 5:00,118907.4262
1/20/2024 6:00,117533.6744
1/20/2024 7:00,117245.4848
1/20/2024 8:00,117866.3288
1/20/2024 9:00,119185.6361
1/20/2024 10:00,121467.4235
1/20/2024 11:00,125289.6226
1/20/2024 12:00,129234.5711
1/20/2024 13:00,131267.8657
1/20/2024 14:00,131739.6805
1/20/2024 15:00,131663.17
1/20/2024 16:00,130322.4619
1/20/2024 17:00,128618.4952
1/20/2024 18:00,126915.97
1/20/2024 19:00,126082.2271
1/20/2024 20:00,126530.5344
1/20/2024 21:00,129559.5745
1/20/2024 22:00,134955.5615
1/20/2024 23:00,138050.7998
1/21/2024 0:00,137680.8881
1/21/2024 1:00,136697.0073
1/21/2024 2:00,134587.2022
1/21/2024 3:00,131200.226
1/21/2024 4:00,127941.987
1/21/2024 5:00,125191.6004
1/21/2024 6:00,123589.8695
1/21/2024 7:00,122593.6805
1/21/2024 8:00,122453.7438
1/21/2024 9:00,122782.5173
1/21/2024 10:00,124295.2077
1/21/2024 11:00,126949.6789
1/21/2024 12:00,129585.2998
1/21/2024 13:00,130453.306
1/21/2024 14:00,128615.6122
1/21/2024 15:00,125889.9529
1/21/2024 16:00,123248.2334
1/21/2024 17:00,120714.6266
1/21/2024 18:00,118217.7227
1/21/2024 19:00,116333.5682
1/21/2024 20:00,116538.3724
1/21/2024 21:00,120214.4253
1/21/2024 22:00,127012.8833
1/21/2024 23:00,131404.6975
1/22/2024 0:00,131750.5472
1/22/2024 1:00,131093.7766
1/22/2024 2:00,128668.3933
1/22/2024 3:00,125300.4893
1/22/2024 4:00,121828.2427
1/22/2024 5:00,119869.0192
1/22/2024 6:00,119160.0217
1/22/2024 7:00,119674.3054
1/22/2024 8:00,120876.6293
1/22/2024 9:00,123907.6653
1/22/2024 10:00,129513.2246
1/22/2024 11:00,137765.3823
1/22/2024 12:00,143213.4852
1/22/2024 13:00,141978.2285
1/22/2024 14:00,136030.4788
1/22/2024 15:00,130685.8314
1/22/2024 16:00,126594.2932
1/22/2024 17:00,122955.6084
1/22/2024 18:00,120182.3796
1/22/2024 19:00,118390.3703
1/22/2024 20:00,118346.46
1/22/2024 21:00,120576.4642
1/22/2024 22:00,125248.9279
1/22/2024 23:00,127776.9904
1/23/2024 0:00,126988.0451
1/23/2024 1:00,124885.6693
1/23/2024 2:00,121359.4217
1/23/2024 3:00,116462.6381
1/23/2024 4:00,111534.6958
1/23/2024 5:00,108065.4431
1/23/2024 6:00,106234.0697
1/23/2024 7:00,105538.9329
1/23/2024 8:00,105717.3466
1/23/2024 9:00,107813.6237
1/23/2024 10:00,112703.3107
1/23/2024 11:00,120168.0755
1/23/2024 12:00,125185.5018
1/23/2024 13:00,124922.5939
1/23/2024 14:00,122437.9982
1/23/2024 15:00,120021.7075
1/23/2024 16:00,117477.7884
1/23/2024 17:00,115259.6489
1/23/2024 18:00,113677.6555
1/23/2024 19:00,112636.8907
1/23/2024 20:00,112855.7773
1/23/2024 21:00,114442.0953
1/23/2024 22:00,118546.0526
1/23/2024 23:00,119747.1568
1/24/2024 0:00,118487.5054
1/24/2024 1:00,116141.1831
1/24/2024 2:00,112198.5631
1/24/2024 3:00,106865.1151
1/24/2024 4:00,101567.4829
1/24/2024 5:00,98098.11929
1/24/2024 6:00,95738.71251
1/24/2024 7:00,94632.63663
1/24/2024 8:00,94323.04627
1/24/2024 9:00,95701.23345
1/24/2024 10:00,100260.1511
1/24/2024 11:00,107719.039
1/24/2024 12:00,112680.4685
1/24/2024 13:00,113131.326
1/24/2024 14:00,112243.3606
1/24/2024 15:00,111229.3191
1/24/2024 16:00,110024.4448
1/24/2024 17:00,108766.235
1/24/2024 18:00,107780.4691
1/24/2024 19:00,106703.6668
1/24/2024 20:00,106481.0102
1/24/2024 21:00,107813.9563
1/24/2024 22:00,111373.5802
1/24/2024 23:00,112041.4393
1/25/2024 0:00,110351.0006
1/25/2024 1:00,108117.6698
1/25/2024 2:00,104224.6154
1/25/2024 3:00,99102.51381
1/25/2024 4:00,93741.12284
1/25/2024 5:00,90022.71196
1/25/2024 6:00,87478.46022
1/25/2024 7:00,86158.59845
1/25/2024 8:00,85850.89313
1/25/2024 9:00,87187.94205
1/25/2024 10:00,91352.77513
1/25/2024 11:00,98506.39712
1/25/2024 12:00,103685.4935
1/25/2024 13:00,104688.7791
1/25/2024 14:00,104782.3659
1/25/2024 15:00,104451.9292
1/25/2024 16:00,103571.1712
1/25/2024 17:00,102747.1863
1/25/2024 18:00,102317.5077
1/25/2024 19:00,101446.3967
1/25/2024 20:00,100988.4425
1/25/2024 21:00,102207.3991
1/25/2024 22:00,105174.011
1/25/2024 23:00,105980.1435
1/26/2024 0:00,104398.8154
1/26/2024 1:00,102272.2667
1/26/2024 2:00,98952.81933
1/26/2024 3:00,94344.44704
1/26/2024 4:00,89488.69076
1/26/2024 5:00,85888.37219
1/26/2024 6:00,83360.5314
1/26/2024 7:00,81862.03422
1/26/2024 8:00,81614.20669
1/26/2024 9:00,82836.26807
1/26/2024 10:00,86859.16861
1/26/2024 11:00,93759.86237
1/26/2024 12:00,99530.7509
1/26/2024 13:00,100916.1456
1/26/2024 14:00,101456.4872
1/26/2024 15:00,101428.8769
1/26/2024 16:00,101039.1168
1/26/2024 17:00,100427.0327
1/26/2024 18:00,99846.99435
1/26/2024 19:00,99192.9958
1/26/2024 20:00,99125.68873
1/26/2024 21:00,100059.7823
1/26/2024 22:00,102474.8532
1/26/2024 23:00,102934.8034
1/27/2024 0:00,101053.3101
1/27/2024 1:00,98771.41179
1/27/2024 2:00,96115.9426
1/27/2024 3:00,92214.90445
1/27/2024 4:00,88203.7577
1/27/2024 5:00,84909.25941
1/27/2024 6:00,82534.7723
1/27/2024 7:00,81259.81887
1/27/2024 8:00,81081.40523
1/27/2024 9:00,81612.43253
1/27/2024 10:00,83599.15549
1/27/2024 11:00,86635.51397
1/27/2024 12:00,90302.91785
1/27/2024 13:00,93132.36529
1/27/2024 14:00,94538.16278
1/27/2024 15:00,94595.15757
1/27/2024 16:00,94677.87763
1/27/2024 17:00,94237.33232
1/27/2024 18:00,93723.38127
1/27/2024 19:00,93246.46575
1/27/2024 20:00,93762.74538
1/27/2024 21:00,95606.98137
1/27/2024 22:00,98933.08183
1/27/2024 23:00,100116.3335
1/28/2024 0:00,98994.95555
1/28/2024 1:00,97463.41469
1/28/2024 2:00,95579.0384
1/28/2024 3:00,92641.47828
1/28/2024 4:00,89350.08476
1/28/2024 5:00,86750.27974
1/28/2024 6:00,84769.2119
1/28/2024 7:00,83561.56555
1/28/2024 8:00,83163.48912
1/28/2024 9:00,83864.05928
1/28/2024 10:00,85180.15097
1/28/2024 11:00,87742.58782
1/28/2024 12:00,91281.80886
1/28/2024 13:00,94707.81653
1/28/2024 14:00,97623.0888
1/28/2024 15:00,99703.17677
1/28/2024 16:00,100545.3468
1/28/2024 17:00,101314.0003
1/28/2024 18:00,101309.2322
1/28/2024 19:00,101335.8446
1/28/2024 20:00,102133.8825
1/28/2024 21:00,104184.1424
1/28/2024 22:00,107398.8037
1/28/2024 23:00,109387.7443
1/29/2024 0:00,108785.9725
1/29/2024 1:00,107052.6213
1/29/2024 2:00,103937.3129
1/29/2024 3:00,100193.3985
1/29/2024 4:00,95979.33253
1/29/2024 5:00,92973.35649
1/29/2024 6:00,91376.61537
1/29/2024 7:00,90816.20359
1/29/2024 8:00,91296.66743
1/29/2024 9:00,93796.34347
1/29/2024 10:00,99258.52872
1/29/2024 11:00,107660.1591
1/29/2024 12:00,113591.9415
1/29/2024 13:00,114738.823
1/29/2024 14:00,114231.6359
1/29/2024 15:00,113652.4846
1/29/2024 16:00,113314.8404
1/29/2024 17:00,112310.335
1/29/2024 18:00,111863.2475
1/29/2024 19:00,110524.7571
1/29/2024 20:00,109935.6261
1/29/2024 21:00,112047.4271
1/29/2024 22:00,116631.5156
1/29/2024 23:00,118948.7862
1/30/2024 0:00,118085.3263
1/30/2024 1:00,116174.3376
1/30/2024 2:00,112666.9405
1/30/2024 3:00,107543.6192
1/30/2024 4:00,102941.3456
1/30/2024 5:00,99798.09416
1/30/2024 6:00,97891.09737
1/30/2024 7:00,97231.88723
1/30/2024 8:00,97634.28817
1/30/2024 9:00,99666.91744
1/30/2024 10:00,105017.3308
1/30/2024 11:00,113467.6396
1/30/2024 12:00,118874.2716
1/30/2024 13:00,119010.9926
1/30/2024 14:00,117414.5841
1/30/2024 15:00,115752.7536
1/30/2024 16:00,114055.7726
1/30/2024 17:00,112776.9382
1/30/2024 18:00,112388.287
1/30/2024 19:00,111648.7963
1/30/2024 20:00,111863.3584
1/30/2024 21:00,113848.6398
1/30/2024 22:00,117520.3682
1/30/2024 23:00,119302.9522
1/31/2024 0:00,117990.9633
1/31/2024 1:00,115857.2071
1/31/2024 2:00,112169.4004
1/31/2024 3:00,106967.5727
1/31/2024 4:00,101850.4609
1/31/2024 5:00,98441.52951
1/31/2024 6:00,96393.70903
1/31/2024 7:00,95479.46385
1/31/2024 8:00,95489.55437
1/31/2024 9:00,97148.16921
1/31/2024 10:00,102069.0149
1/31/2024 11:00,109920.1022
1/31/2024 12:00,115011.8214
1/31/2024 13:00,116059.1283
1/31/2024 14:00,115227.2705
1/31/2024 15:00,113825.4649
1/31/2024 16:00,112551.7312
1/31/2024 17:00,111667.314
1/31/2024 18:00,111175.3182
1/31/2024 19:00,110241.3355
1/31/2024 20:00,110028.5476
1/31/2024 21:00,111594.4627
1/31/2024 22:00,114907.7005
1/31/2024 23:00,116769.1237
2/1/2024 0:00,116175.4465
2/1/2024 1:00,114789.83
2/1/2024 2:00,111831.5344
2/1/2024 3:00,107354.0062
2/1/2024 4:00,103189.284
2/1/2024 5:00,100157.9153
2/1/2024 6:00,98737.70281
2/1/2024 7:00,98484.88547
2/1/2024 8:00,98985.19769
2/1/2024 9:00,101583.6721
2/1/2024 10:00,106887.9574
2/1/2024 11:00,115306.7749
2/1/2024 12:00,120466.1338
2/1/2024 13:00,118259.1936
2/1/2024 14:00,113352.2086
2/1/2024 15:00,109003.3067
2/1/2024 16:00,105334.1287
2/1/2024 17:00,102385.2583
2/1/2024 18:00,101120.3954
2/1/2024 19:00,99751.079
2/1/2024 20:00,99536.96045
2/1/2024 21:00,101805.6635
2/1/2024 22:00,106488.1068
2/1/2024 23:00,109699.5524
2/2/2024 0:00,108934.669
2/2/2024 1:00,107759.7337
2/2/2024 2:00,104790.904
2/2/2024 3:00,100091.0518
2/2/2024 4:00,95459.17193
2/2/2024 5:00,92204.70305
2/2/2024 6:00,90190.14801
2/2/2024 7:00,89313.93632
2/2/2024 8:00,89577.84214
2/2/2024 9:00,90980.42398
2/2/2024 10:00,95545.66208
2/2/2024 11:00,103203.1446
2/2/2024 12:00,108815.2461
2/2/2024 13:00,109629.9167
2/2/2024 14:00,108936.8867
2/2/2024 15:00,108393.773
2/2/2024 16:00,107107.7311
2/2/2024 17:00,106015.6267
2/2/2024 18:00,105156.0477
2/2/2024 19:00,103830.0873
2/2/2024 20:00,103251.1577
2/2/2024 21:00,104589.8699
2/2/2024 22:00,107920.7384
2/2/2024 23:00,109995.6148
2/3/2024 0:00,109160.4305
2/3/2024 1:00,107950.2338
2/3/2024 2:00,105703.5968
2/3/2024 3:00,102498.3608
2/3/2024 4:00,98777.954
2/3/2024 5:00,96148.43185
2/3/2024 6:00,94509.77628
2/3/2024 7:00,93804.65983
2/3/2024 8:00,94064.5738
2/3/2024 9:00,94989.90746
2/3/2024 10:00,97555.89262
2/3/2024 11:00,101308.456
2/3/2024 12:00,105056.6949
2/3/2024 13:00,105913.6126
2/3/2024 14:00,103493.3301
2/3/2024 15:00,100499.2187
2/3/2024 16:00,97488.36377
2/3/2024 17:00,94593.82695
2/3/2024 18:00,92258.70395
2/3/2024 19:00,90533.55823
2/3/2024 20:00,91156.61992
2/3/2024 21:00,94152.61633
2/3/2024 22:00,99088.43144
2/3/2024 23:00,103858.8064
2/4/2024 0:00,104488.8539
2/4/2024 1:00,104326.962
2/4/2024 2:00,103423.0292
2/4/2024 3:00,101455.8219
2/4/2024 4:00,99015.24747
2/4/2024 5:00,97251.95738
2/4/2024 6:00,96238.58119
2/4/2024 7:00,96049.85526
2/4/2024 8:00,96263.3085
2/4/2024 9:00,97357.40882
2/4/2024 10:00,99546.16389
2/4/2024 11:00,102792.5382
2/4/2024 12:00,105750.5011
2/4/2024 13:00,104930.1754
2/4/2024 14:00,100835.5323
2/4/2024 15:00,96605.499
2/4/2024 16:00,93463.35642
2/4/2024 17:00,90958.80144
2/4/2024 18:00,89209.81549
2/4/2024 19:00,88365.98216
2/4/2024 20:00,89269.5824
2/4/2024 21:00,92871.89689
2/4/2024 22:00,98902.03409
2/4/2024 23:00,104391.6079
2/5/2024 0:00,105751.2773
2/5/2024 1:00,105314.3912
2/5/2024 2:00,103322.2349
2/5/2024 3:00,100581.1626
2/5/2024 4:00,97728.65113
2/5/2024 5:00,95919.34385
2/5/2024 6:00,95292.73385
2/5/2024 7:00,95658.09926
2/5/2024 8:00,96958.11266
2/5/2024 9:00,100257.4899
2/5/2024 10:00,106421.2433
2/5/2024 11:00,115395.7045
2/5/2024 12:00,120794.3528
2/5/2024 13:00,118132.6741
2/5/2024 14:00,112484.3132
2/5/2024 15:00,108010.7769
2/5/2024 16:00,104546.1813
2/5/2024 17:00,102032.9773
2/5/2024 18:00,100112.8961
2/5/2024 19:00,98943.06146
2/5/2024 20:00,99142.87587
2/5/2024 21:00,102267.4987
2/5/2024 22:00,107879.8219
2/5/2024 23:00,112482.9826
2/6/2024 0:00,112881.5026
2/6/2024 1:00,111916.1395
2/6/2024 2:00,109342.9469
2/6/2024 3:00,105083.529
2/6/2024 4:00,101412.6877
2/6/2024 5:00,99028.77541
2/6/2024 6:00,97958.07179
2/6/2024 7:00,97704.03471
2/6/2024 8:00,98535.11628
2/6/2024 9:00,101338.3949
2/6/2024 10:00,107098.7494
2/6/2024 11:00,116011.8914
2/6/2024 12:00,120847.9102
2/6/2024 13:00,118562.3527
2/6/2024 14:00,113923.5979
2/6/2024 15:00,109783.0486
2/6/2024 16:00,106453.9543
2/6/2024 17:00,103777.5279
2/6/2024 18:00,101652.9751
2/6/2024 19:00,100382.2353
2/6/2024 20:00,100598.6824
2/6/2024 21:00,103592.2394
2/6/2024 22:00,109352.1503
2/6/2024 23:00,114616.4062
2/7/2024 0:00,115541.6289
2/7/2024 1:00,114841.1697
2/7/2024 2:00,112353.3583
2/7/2024 3:00,108262.3745
2/7/2024 4:00,104552.8344
2/7/2024 5:00,102351.4384
2/7/2024 6:00,101339.5038
2/7/2024 7:00,101218.7502
2/7/2024 8:00,102044.6202
2/7/2024 9:00,104558.2677
2/7/2024 10:00,110395.9089
2/7/2024 11:00,119018.8654
2/7/2024 12:00,123919.7518
2/7/2024 13:00,120711.411
2/7/2024 14:00,114184.8425
2/7/2024 15:00,108644.927
2/7/2024 16:00,104516.9077
2/7/2024 17:00,101231.0584
2/7/2024 18:00,99577.98783
2/7/2024 19:00,98297.60104
2/7/2024 20:00,98296.15954
2/7/2024 21:00,100953.7355
2/7/2024 22:00,105682.7505
2/7/2024 23:00,110256.6376
2/8/2024 0:00,111044.2523
2/8/2024 1:00,110548.5973
2/8/2024 2:00,108256.9411
2/8/2024 3:00,104370.6507
2/8/2024 4:00,100491.7895
2/8/2024 5:00,97966.94257
2/8/2024 6:00,97042.49599
2/8/2024 7:00,96960.33036
2/8/2024 8:00,97996.32704
2/8/2024 9:00,100582.3823
2/8/2024 10:00,105828.4531
2/8/2024 11:00,113989.4635
2/8/2024 12:00,118518.9967
2/8/2024 13:00,116026.3064
2/8/2024 14:00,110250.9825
2/8/2024 15:00,105223.0221
2/8/2024 16:00,101582.8959
2/8/2024 17:00,99334.15215
2/8/2024 18:00,98179.95227
2/8/2024 19:00,97097.05131
2/8/2024 20:00,97214.70009
2/8/2024 21:00,99360.87539
2/8/2024 22:00,103579.0441
2/8/2024 23:00,107111.3903
2/9/2024 0:00,106966.5747
2/9/2024 1:00,105727.7697
2/9/2024 2:00,102661.9159
2/9/2024 3:00,98035.80203
2/9/2024 4:00,93413.45826
2/9/2024 5:00,90136.81242
2/9/2024 6:00,88022.01751
2/9/2024 7:00,86903.079
2/9/2024 8:00,86935.34647
2/9/2024 9:00,88597.39874
2/9/2024 10:00,93087.90048
2/9/2024 11:00,100673.197
2/9/2024 12:00,105663.4565
2/9/2024 13:00,106089.5868
2/9/2024 14:00,103830.7526
2/9/2024 15:00,100505.9827
2/9/2024 16:00,97281.34185
2/9/2024 17:00,94976.26863
2/9/2024 18:00,93903.45819
2/9/2024 19:00,93240.03443
2/9/2024 20:00,93402.59155
2/9/2024 21:00,94860.61578
2/9/2024 22:00,97657.90663
2/9/2024 23:00,100100.1444
2/10/2024 0:00,99236.12999
2/10/2024 1:00,97568.20083
2/10/2024 2:00,95208.35052
2/10/2024 3:00,91720.24736
2/10/2024 4:00,87676.61136
2/10/2024 5:00,84320.68289
2/10/2024 6:00,82353.47565
2/10/2024 7:00,81279.33459
2/10/2024 8:00,80759.50665
2/10/2024 9:00,81416.94263
2/10/2024 10:00,83244.43502
2/10/2024 11:00,86492.58347
2/10/2024 12:00,89663.77786
2/10/2024 13:00,91846.98869
2/10/2024 14:00,92886.53369
2/10/2024 15:00,93137.46599
2/10/2024 16:00,92386.55412
2/10/2024 17:00,91397.12905
2/10/2024 18:00,89420.94015
2/10/2024 19:00,88241.79119
2/10/2024 20:00,88331.49699
2/10/2024 21:00,89699.261
2/10/2024 22:00,92493.77973
2/10/2024 23:00,95271.66574
2/11/2024 0:00,94809.94143
2/11/2024 1:00,93409.79906
2/11/2024 2:00,91008.25606
2/11/2024 3:00,88089.98989
2/11/2024 4:00,84767.21598
2/11/2024 5:00,82260.55419
2/11/2024 6:00,80447.14417
2/11/2024 7:00,79520.59078
2/11/2024 8:00,79260.56592
2/11/2024 9:00,79755.00125
2/11/2024 10:00,81190.84852
2/11/2024 11:00,83631.09032
2/11/2024 12:00,86605.68596
2/11/2024 13:00,89832.10099
2/11/2024 14:00,92371.80645
2/11/2024 15:00,93467.1265
2/11/2024 16:00,93961.34005
2/11/2024 17:00,93763.07803
2/11/2024 18:00,92942.08697
2/11/2024 19:00,92175.873
2/11/2024 20:00,92190.17714
2/11/2024 21:00,94329.92113
2/11/2024 22:00,98031.36664
2/11/2024 23:00,99757.39944
2/12/2024 0:00,97743.06616
2/12/2024 1:00,96314.98082
2/12/2024 2:00,94988.68773
2/12/2024 3:00,92140.61164
2/12/2024 4:00,90826.18322
2/12/2024 5:00,87866.44614
2/12/2024 6:00,85978.18888
2/12/2024 7:00,85381.40688
2/12/2024 8:00,85573.9029
2/12/2024 9:00,87886.4054
2/12/2024 10:00,93098.87808
2/12/2024 11:00,101379.9767
2/12/2024 12:00,106957.593
2/12/2024 13:00,107859.4191
2/12/2024 14:00,106633.1441
2/12/2024 15:00,105033.2982
2/12/2024 16:00,103303.1627
2/12/2024 17:00,102437.4851
2/12/2024 18:00,101749.1122
2/12/2024 19:00,101061.2938
2/12/2024 20:00,101263.4368
2/12/2024 21:00,103120.3136
2/12/2024 22:00,106500.1932
2/12/2024 23:00,109189.0388
2/13/2024 0:00,108768.2309
2/13/2024 1:00,106950.6073
2/13/2024 2:00,103612.753
2/13/2024 3:00,99002.38483
2/13/2024 4:00,94855.73685
2/13/2024 5:00,91762.93801
2/13/2024 6:00,90470.79744
2/13/2024 7:00,90223.63522
2/13/2024 8:00,90753.11014
2/13/2024 9:00,92876.9976
2/13/2024 10:00,98120.40713
2/13/2024 11:00,105864.2689
2/13/2024 12:00,111402.632
2/13/2024 13:00,113029.8665
2/13/2024 14:00,112389.1741
2/13/2024 15:00,111083.6164
2/13/2024 16:00,108743.0601
2/13/2024 17:00,107011.3722
2/13/2024 18:00,105031.1914
2/13/2024 19:00,103293.7375
2/13/2024 20:00,102604.6993
2/13/2024 21:00,104505.9301
2/13/2024 22:00,108876.011
2/13/2024 23:00,113257.4021
2/14/2024 0:00,113602.8082
2/14/2024 1:00,112190.025
2/14/2024 2:00,109089.5751
2/14/2024 3:00,104639.7681
2/14/2024 4:00,100307.6098
2/14/2024 5:00,97312.72225
2/14/2024 6:00,95676.61703
2/14/2024 7:00,95162.00067
2/14/2024 8:00,95507.73948
2/14/2024 9:00,97571.19472
2/14/2024 10:00,103331.8818
2/14/2024 11:00,112132.5867
2/14/2024 12:00,117016.7294
2/14/2024 13:00,115194.2269
2/14/2024 14:00,111221.8898
2/14/2024 15:00,108014.7687
2/14/2024 16:00,105306.5184
2/14/2024 17:00,103118.096
2/14/2024 18:00,101611.9477
2/14/2024 19:00,99973.6248
2/14/2024 20:00,99758.17563
2/14/2024 21:00,101908.0101
2/14/2024 22:00,107150.4217
2/14/2024 23:00,112153.3221
2/15/2024 0:00,112942.9328
2/15/2024 1:00,112483.0935
2/15/2024 2:00,110511.8944
2/15/2024 3:00,106627.9325
2/15/2024 4:00,103236.7427
2/15/2024 5:00,100931.7804
2/15/2024 6:00,100132.7445
2/15/2024 7:00,100024.2991
2/15/2024 8:00,100910.2687
2/15/2024 9:00,103445.5388
2/15/2024 10:00,109438.6404
2/15/2024 11:00,117852.0246
2/15/2024 12:00,122166.4413
2/15/2024 13:00,119028.845
2/15/2024 14:00,113969.5043
2/15/2024 15:00,110525.0897
2/15/2024 16:00,107693.6463
2/15/2024 17:00,105359.9648
2/15/2024 18:00,103849.8247
2/15/2024 19:00,102446.7994
2/15/2024 20:00,101898.8067
2/15/2024 21:00,103713.88
2/15/2024 22:00,107733.6758
2/15/2024 23:00,111582.0436
2/16/2024 0:00,111777.2009
2/16/2024 1:00,110066.3593
2/16/2024 2:00,106801.5781
2/16/2024 3:00,102527.3017
2/16/2024 4:00,98607.41317
2/16/2024 5:00,95802.80393
2/16/2024 6:00,94090.63173
2/16/2024 7:00,93410.02083
2/16/2024 8:00,94155.38845
2/16/2024 9:00,96313.09578
2/16/2024 10:00,101478.2206
2/16/2024 11:00,109316.4454
2/16/2024 12:00,113860.3936
2/16/2024 13:00,113400.7761
2/16/2024 14:00,111262.6954
2/16/2024 15:00,109063.1845
2/16/2024 16:00,106840.3878
2/16/2024 17:00,104744.6651
2/16/2024 18:00,103640.0307
2/16/2024 19:00,102815.0478
2/16/2024 20:00,103345.5207
2/16/2024 21:00,106050.888
2/16/2024 22:00,109860.8898
2/16/2024 23:00,112735.4673
2/17/2024 0:00,112477.6602
2/17/2024 1:00,111079.7355
2/17/2024 2:00,108918.369
2/17/2024 3:00,105469.9626
2/17/2024 4:00,101549.076
2/17/2024 5:00,98706.76596
2/17/2024 6:00,97490.58147
2/17/2024 7:00,96922.18598
2/17/2024 8:00,97191.30339
2/17/2024 9:00,97895.08922
2/17/2024 10:00,100005.0052
2/17/2024 11:00,103428.3516
2/17/2024 12:00,106762.5467
2/17/2024 13:00,109409.4777
2/17/2024 14:00,110661.6998
2/17/2024 15:00,110231.7994
2/17/2024 16:00,109633.7977
2/17/2024 17:00,108813.8046
2/17/2024 18:00,107240.9037
2/17/2024 19:00,105337.1226
2/17/2024 20:00,104986.0613
2/17/2024 21:00,106942.7345
2/17/2024 22:00,111494.8882
2/17/2024 23:00,116685.2948
2/18/2024 0:00,117521.5879
2/18/2024 1:00,116891.7623
2/18/2024 2:00,115392.378
2/18/2024 3:00,112877.3999
2/18/2024 4:00,110193.9877
2/18/2024 5:00,108133.9699
2/18/2024 6:00,107094.8684
2/18/2024 7:00,106641.2387
2/18/2024 8:00,106907.1405
2/18/2024 9:00,107987.3802
2/18/2024 10:00,109784.2684
2/18/2024 11:00,112577.7891
2/18/2024 12:00,115044.1997
2/18/2024 13:00,114834.6275
2/18/2024 14:00,111537.2462
2/18/2024 15:00,108102.1459
2/18/2024 16:00,104780.2591
2/18/2024 17:00,101833.6064
2/18/2024 18:00,99271.94578
2/18/2024 19:00,97270.36426
2/18/2024 20:00,97050.4797
2/18/2024 21:00,99340.47259
2/18/2024 22:00,104289.0394
2/18/2024 23:00,109526.3503
2/19/2024 0:00,110828.9141
2/19/2024 1:00,109945.4949
2/19/2024 2:00,107989.7088
2/19/2024 3:00,104753.6468
2/19/2024 4:00,101593.3191
2/19/2024 5:00,99822.93235
2/19/2024 6:00,99108.83424
2/19/2024 7:00,99389.15101
2/19/2024 8:00,100646.4738
2/19/2024 9:00,103463.613
2/19/2024 10:00,108367.3824
2/19/2024 11:00,115288.2572
2/19/2024 12:00,119296.9645
2/19/2024 13:00,116860.9363
2/19/2024 14:00,112141.3466
2/19/2024 15:00,108049.8083
2/19/2024 16:00,104800.551
2/19/2024 17:00,102224.3645
2/19/2024 18:00,100266.6933
2/19/2024 19:00,98826.29977
2/19/2024 20:00,98395.06878
2/19/2024 21:00,100697.5917
2/19/2024 22:00,105585.5045
2/19/2024 23:00,111454.7479
2/20/2024 0:00,112962.005
2/20/2024 1:00,112700.9821
2/20/2024 2:00,110568.2239
2/20/2024 3:00,106889.288
2/20/2024 4:00,103776.419
2/20/2024 5:00,101808.2138
2/20/2024 6:00,101043.774
2/20/2024 7:00,101434.1994
2/20/2024 8:00,102667.4601
2/20/2024 9:00,105527.8444
2/20/2024 10:00,111460.6248
2/20/2024 11:00,120478.2202
2/20/2024 12:00,124523.4086
2/20/2024 13:00,119764.8983
2/20/2024 14:00,112570.1381
2/20/2024 15:00,107192.1144
2/20/2024 16:00,103263.0224
2/20/2024 17:00,100577.7252
2/20/2024 18:00,98464.48267
2/20/2024 19:00,96972.86034
2/20/2024 20:00,96738.89341
2/20/2024 21:00,99642.07924
2/20/2024 22:00,104516.2424
2/20/2024 23:00,110085.6532
2/21/2024 0:00,111631.3874
2/21/2024 1:00,111125.0874
2/21/2024 2:00,108909.2764
2/21/2024 3:00,104775.7128
2/21/2024 4:00,101081.1422
2/21/2024 5:00,98823.74942
2/21/2024 6:00,98145.57798
2/21/2024 7:00,98500.07669
2/21/2024 8:00,99682.77396
2/21/2024 9:00,102377.1637
2/21/2024 10:00,108485.4747
2/21/2024 11:00,117357.922
2/21/2024 12:00,121258.2948
2/21/2024 13:00,117357.1458
2/21/2024 14:00,111503.4263
2/21/2024 15:00,106672.6191
2/21/2024 16:00,102550.4767
2/21/2024 17:00,99878.0421
2/21/2024 18:00,97863.37617
2/21/2024 19:00,96186.90888
2/21/2024 20:00,95997.96118
2/21/2024 21:00,98513.27198
2/21/2024 22:00,102937.7973
2/21/2024 23:00,107835.2462
2/22/2024 0:00,108499.8897
2/22/2024 1:00,107613.8093
2/22/2024 2:00,104995.1538
2/22/2024 3:00,100605.3355
2/22/2024 4:00,96767.27992
2/22/2024 5:00,94250.08407
2/22/2024 6:00,93155.87287
2/22/2024 7:00,92919.57736
2/22/2024 8:00,93238.92558
2/22/2024 9:00,95648.23052
2/22/2024 10:00,100909.936
2/22/2024 11:00,108967.6018
2/22/2024 12:00,113123.3423
2/22/2024 13:00,110596.7213
2/22/2024 14:00,107065.0404
2/22/2024 15:00,104486.9688
2/22/2024 16:00,103000.2254
2/22/2024 17:00,102375.1678
2/22/2024 18:00,101495.4078
2/22/2024 19:00,101193.2467
2/22/2024 20:00,101536.3243
2/22/2024 21:00,103316.4689
2/22/2024 22:00,105804.9455
2/22/2024 23:00,108184.5334
2/23/2024 0:00,107623.0127
2/23/2024 1:00,105690.2907
2/23/2024 2:00,102061.8073
2/23/2024 3:00,97428.92952
2/23/2024 4:00,92715.7711
2/23/2024 5:00,89347.86707
2/23/2024 6:00,87255.13824
2/23/2024 7:00,86342.00191
2/23/2024 8:00,86283.23296
2/23/2024 9:00,88025.34406
2/23/2024 10:00,92549.55478
2/23/2024 11:00,100097.3722
2/23/2024 12:00,104663.6083
2/23/2024 13:00,105397.333
2/23/2024 14:00,104223.1739
2/23/2024 15:00,102969.843
2/23/2024 16:00,101634.9009
2/23/2024 17:00,100442.8893
2/23/2024 18:00,99436.27705
2/23/2024 19:00,98035.02584
2/23/2024 20:00,97746.94713
2/23/2024 21:00,99248.99263
2/23/2024 22:00,101174.1745
2/23/2024 23:00,103726.5209
2/24/2024 0:00,103779.8564
2/24/2024 1:00,102675.1112
2/24/2024 2:00,100417.7184
2/24/2024 3:00,97380.58375
2/24/2024 4:00,93893.70033
2/24/2024 5:00,91085.43188
2/24/2024 6:00,89569.52578
2/24/2024 7:00,88540.51484
2/24/2024 8:00,88336.81946
2/24/2024 9:00,89042.15767
2/24/2024 10:00,91361.20238
2/24/2024 11:00,94967.84138
2/24/2024 12:00,98268.771
2/24/2024 13:00,100508.644
2/24/2024 14:00,101211.0992
2/24/2024 15:00,100932.4457
2/24/2024 16:00,99310.20104
2/24/2024 17:00,96466.22769
2/24/2024 18:00,94556.23701
2/24/2024 19:00,93770.83997
2/24/2024 20:00,94330.03201
2/24/2024 21:00,97112.24253
2/24/2024 22:00,101470.0152
2/24/2024 23:00,106298.9373
2/25/2024 0:00,107720.3696
2/25/2024 1:00,107417.5432
2/25/2024 2:00,106152.4585
2/25/2024 3:00,103885.9732
2/25/2024 4:00,101468.5737
2/25/2024 5:00,99741.21025
2/25/2024 6:00,98962.68807
2/25/2024 7:00,98740.47493
2/25/2024 8:00,99265.07092
2/25/2024 9:00,100504.6521
2/25/2024 10:00,103005.9914
2/25/2024 11:00,106207.9009
2/25/2024 12:00,108034.3953
2/25/2024 13:00,105972.936
2/25/2024 14:00,101990.0649
2/25/2024 15:00,98147.46302
2/25/2024 16:00,95065.75266
2/25/2024 17:00,92627.39591
2/25/2024 18:00,90602.19592
2/25/2024 19:00,89320.47852
2/25/2024 20:00,89535.48415
2/25/2024 21:00,92502.7614
2/25/2024 22:00,97820.46375
2/25/2024 23:00,103591.6849
2/26/2024 0:00,105663.4565
2/26/2024 1:00,105168.7994
2/26/2024 2:00,102753.0632
2/26/2024 3:00,99102.40292
2/26/2024 4:00,95549.21039
2/26/2024 5:00,93019.15191
2/26/2024 6:00,91735.77123
2/26/2024 7:00,91042.963
2/26/2024 8:00,91349.44859
2/26/2024 9:00,93824.6191
2/26/2024 10:00,99046.18433
2/26/2024 11:00,107780.58
2/26/2024 12:00,111682.5053
2/26/2024 13:00,108593.033
2/26/2024 14:00,103832.5267
2/26/2024 15:00,100470.8322
2/26/2024 16:00,97054.8042
2/26/2024 17:00,94523.74776
2/26/2024 18:00,93159.3103
2/26/2024 19:00,92291.74762
2/26/2024 20:00,92416.93656
2/26/2024 21:00,94066.23708
2/26/2024 22:00,97546.02387
2/26/2024 23:00,101329.7459
2/27/2024 0:00,101839.2616
2/27/2024 1:00,99899.77552
2/27/2024 2:00,96709.17628
2/27/2024 3:00,92160.01648
2/27/2024 4:00,87922.66473
2/27/2024 5:00,85158.75021
2/27/2024 6:00,83491.04281
2/27/2024 7:00,82910.45
2/27/2024 8:00,83243.43706
2/27/2024 9:00,85141.45218
2/27/2024 10:00,90067.28765
2/27/2024 11:00,97820.46375
2/27/2024 12:00,101663.2874
2/27/2024 13:00,99959.43154
2/27/2024 14:00,97425.60298
2/27/2024 15:00,95589.68334
2/27/2024 16:00,94929.25347
2/27/2024 17:00,94558.67647
2/27/2024 18:00,95276.76644
2/27/2024 19:00,95506.29797
2/27/2024 20:00,96128.13993
2/27/2024 21:00,97659.79167
2/27/2024 22:00,99933.04096
2/27/2024 23:00,101866.4283
2/28/2024 0:00,101176.7249
2/28/2024 1:00,98804.899
2/28/2024 2:00,94977.9319
2/28/2024 3:00,89759.36056
2/28/2024 4:00,84916.46692
2/28/2024 5:00,81408.73716
2/28/2024 6:00,79276.31157
2/28/2024 7:00,78259.27618
2/28/2024 8:00,77970.86482
2/28/2024 9:00,79304.03277
2/28/2024 10:00,83611.35282
2/28/2024 11:00,91021.67312
2/28/2024 12:00,96002.61834
2/28/2024 13:00,97952.63843
2/28/2024 14:00,99002.71749
2/28/2024 15:00,99735.11159
2/28/2024 16:00,99922.28513
2/28/2024 17:00,100128.9744
2/28/2024 18:00,100494.8942
2/28/2024 19:00,100215.9081
2/28/2024 20:00,100520.7304
2/28/2024 21:00,101936.8402
2/28/2024 22:00,104302.9
2/28/2024 23:00,107070.9173
2/29/2024 0:00,107571.2295
2/29/2024 1:00,106359.7022
2/29/2024 2:00,103784.1809
2/29/2024 3:00,100223.1156
2/29/2024 4:00,96954.78612
2/29/2024 5:00,95019.18105
2/29/2024 6:00,94440.80593
2/29/2024 7:00,94906.96563
2/29/2024 8:00,95823.53939
2/29/2024 9:00,98807.78201
2/29/2024 10:00,105128.77
2/29/2024 11:00,114109.2191
2/29/2024 12:00,118022.8981
2/29/2024 13:00,114791.9368
2/29/2024 14:00,110382.6027
2/29/2024 15:00,107207.1947
2/29/2024 16:00,104338.4941
2/29/2024 17:00,101652.9751
2/29/2024 18:00,99903.87826
2/29/2024 19:00,98335.08011
2/29/2024 20:00,98077.27295
2/29/2024 21:00,100600.5675
2/29/2024 22:00,105157.711
2/29/2024 23:00,110813.2793
3/1/2024 0:00,113009.2419
3/1/2024 1:00,112651.3057
3/1/2024 2:00,110344.9019
3/1/2024 3:00,106280.7522
3/1/2024 4:00,102549.2569
3/1/2024 5:00,100282.5498
3/1/2024 6:00,98912.9008
3/1/2024 7:00,98788.70982
3/1/2024 8:00,99568.89528
3/1/2024 9:00,101983.8553
3/1/2024 10:00,107505.8075
3/1/2024 11:00,115526.3268
3/1/2024 12:00,117752.8936
3/1/2024 13:00,113221.5863
3/1/2024 14:00,108156.3686
3/1/2024 15:00,104285.602
3/1/2024 16:00,101557.9468
3/1/2024 17:00,99746.31096
3/1/2024 18:00,99013.91685
3/1/2024 19:00,98475.23849
3/1/2024 20:00,99716.48294
3/1/2024 21:00,102319.5036
3/1/2024 22:00,104990.2749
3/1/2024 23:00,107298.8965
3/2/2024 0:00,106633.9203
3/2/2024 1:00,104745.7739
3/2/2024 2:00,101729.9291
3/2/2024 3:00,97635.61879
3/2/2024 4:00,93328.07696
3/2/2024 5:00,90143.90904
3/2/2024 6:00,87911.2436
3/2/2024 7:00,86485.81949
3/2/2024 8:00,85731.80285
3/2/2024 9:00,86130.54459
3/2/2024 10:00,87631.37036
3/2/2024 11:00,90358.36025
3/2/2024 12:00,93002.07565
3/2/2024 13:00,96073.36284
3/2/2024 14:00,97775.88806
3/2/2024 15:00,97839.0924
3/2/2024 16:00,96837.13734
3/2/2024 17:00,95125.63045
3/2/2024 18:00,93248.12902
3/2/2024 19:00,91308.64298
3/2/2024 20:00,90612.50821
3/2/2024 21:00,91369.74051
3/2/2024 22:00,93183.92672
3/2/2024 23:00,95851.81501
3/3/2024 0:00,96174.82243
3/3/2024 1:00,94577.08335
3/3/2024 2:00,92533.14383
3/3/2024 3:00,89414.50883
3/3/2024 4:00,86245.08859
3/3/2024 5:00,83672.89389
3/3/2024 6:00,81774.54611
3/3/2024 7:00,80764.16381
3/3/2024 8:00,80355.66421
3/3/2024 9:00,80955.66186
3/3/2024 10:00,82612.39166
3/3/2024 11:00,84978.34064
3/3/2024 12:00,86409.97429
3/3/2024 13:00,86422.83693
3/3/2024 14:00,85128.58954
3/3/2024 15:00,83562.23086
3/3/2024 16:00,82211.65399
3/3/2024 17:00,81302.95306
3/3/2024 18:00,80647.95654
3/3/2024 19:00,80731.34191
3/3/2024 20:00,81643.25851
3/3/2024 21:00,83894.21995
3/3/2024 22:00,87381.99045
3/3/2024 23:00,91711.931
3/4/2024 0:00,93447.83255
3/4/2024 1:00,92032.49896
3/4/2024 2:00,89133.52675
3/4/2024 3:00,85301.68071
3/4/2024 4:00,81695.70702
3/4/2024 5:00,79285.07147
3/4/2024 6:00,77884.9291
3/4/2024 7:00,77300.78797
3/4/2024 8:00,77779.69942
3/4/2024 9:00,80070.57939
3/4/2024 10:00,85259.65537
3/4/2024 11:00,93077.25554
3/4/2024 12:00,97199.95241
3/4/2024 13:00,97284.33574
3/4/2024 14:00,95297.94543
3/4/2024 15:00,93579.67457
3/4/2024 16:00,92439.66794
3/4/2024 17:00,92078.95969
3/4/2024 18:00,92524.49482
3/4/2024 19:00,92709.22889
3/4/2024 20:00,92805.25513
3/4/2024 21:00,94008.90963
3/4/2024 22:00,96228.49068
3/4/2024 23:00,99132.67447
3/5/2024 0:00,99632.98669
3/5/2024 1:00,97347.09654
3/5/2024 2:00,93514.91785
3/5/2024 3:00,88721.03529
3/5/2024 4:00,84166.22036
3/5/2024 5:00,80710.16292
3/5/2024 6:00,78940.33062
3/5/2024 7:00,78103.59392
3/5/2024 8:00,78214.36784
3/5/2024 9:00,80009.9254
3/5/2024 10:00,84888.8566
3/5/2024 11:00,92919.2447
3/5/2024 12:00,97473.39432
3/5/2024 13:00,98432.32608
3/5/2024 14:00,98616.06219
3/5/2024 15:00,98176.62573
3/5/2024 16:00,97645.37665
3/5/2024 17:00,97362.17687
3/5/2024 18:00,97080.52948
3/5/2024 19:00,96200.88036
3/5/2024 20:00,95882.30833
3/5/2024 21:00,96735.3451
3/5/2024 22:00,98903.91913
3/5/2024 23:00,101402.1537
3/6/2024 0:00,101725.9373
3/6/2024 1:00,99454.9057
3/6/2024 2:00,95664.97412
3/6/2024 3:00,90884.50862
3/6/2024 4:00,86116.68399
3/6/2024 5:00,82715.29275
3/6/2024 6:00,80796.76394
3/6/2024 7:00,79722.62289
3/6/2024 8:00,79360.58401
3/6/2024 9:00,80849.10157
3/6/2024 10:00,85321.63998
3/6/2024 11:00,92415.60594
3/6/2024 12:00,97069.99542
3/6/2024 13:00,98705.76799
3/6/2024 14:00,99512.01137
3/6/2024 15:00,99627.44245
3/6/2024 16:00,99116.92883
3/6/2024 17:00,98813.32625
3/6/2024 18:00,98764.42605
3/6/2024 19:00,98167.86583
3/6/2024 20:00,97969.16027
3/6/2024 21:00,99463.55472
3/6/2024 22:00,101472.3438
3/6/2024 23:00,103505.4166
3/7/2024 0:00,103437.2224
3/7/2024 1:00,101503.9459
3/7/2024 2:00,97697.82516
3/7/2024 3:00,92854.70975
3/7/2024 4:00,88142.21664
3/7/2024 5:00,84660.32303
3/7/2024 6:00,82499.40005
3/7/2024 7:00,81333.00284
3/7/2024 8:00,81417.38617
3/7/2024 9:00,82933.51404
3/7/2024 10:00,87462.38193
3/7/2024 11:00,95317.1285
3/7/2024 12:00,99208.18702
3/7/2024 13:00,99178.13724
3/7/2024 14:00,98459.04931
3/7/2024 15:00,97670.65838
3/7/2024 16:00,96935.49216
3/7/2024 17:00,95995.6326
3/7/2024 18:00,94907.85271
3/7/2024 19:00,94390.24246
3/7/2024 20:00,94087.9705
3/7/2024 21:00,95042.68862
3/7/2024 22:00,97235.32466
3/7/2024 23:00,100294.6363
3/8/2024 0:00,101222.6312
3/8/2024 1:00,99836.57118
3/8/2024 2:00,96470.99573
3/8/2024 3:00,92174.65327
3/8/2024 4:00,88118.81994
3/8/2024 5:00,85093.77171
3/8/2024 6:00,83216.27028
3/8/2024 7:00,82516.47631
3/8/2024 8:00,82660.18301
3/8/2024 9:00,84466.27463
3/8/2024 10:00,89262.70754
3/8/2024 11:00,96510.91426
3/8/2024 12:00,99710.05163
3/8/2024 13:00,98648.32967
3/8/2024 14:00,96949.7963
3/8/2024 15:00,95219.88253
3/8/2024 16:00,93786.47472
3/8/2024 17:00,92641.92182
3/8/2024 18:00,92366.04044
3/8/2024 19:00,92123.97892
3/8/2024 20:00,92588.03181
3/8/2024 21:00,94380.92814
3/8/2024 22:00,96602.39422
3/8/2024 23:00,99033.21081
3/9/2024 0:00,98764.53694
3/9/2024 1:00,97142.29231
3/9/2024 2:00,94642.61627
3/9/2024 3:00,91228.91681
3/9/2024 4:00,87310.58064
3/9/2024 5:00,84358.82726
3/9/2024 6:00,82200.89817
3/9/2024 7:00,81100.81007
3/9/2024 8:00,80708.0561
3/9/2024 9:00,81095.70936
3/9/2024 10:00,83039.63079
3/9/2024 11:00,86169.35427
3/9/2024 12:00,89404.86185
3/9/2024 13:00,92780.19516
3/9/2024 14:00,95594.67316
3/9/2024 15:00,96822.94409
3/9/2024 16:00,97428.48598
3/9/2024 17:00,97106.92006
3/9/2024 18:00,96466.78211
3/9/2024 19:00,95703.00761
3/9/2024 20:00,95424.68676
3/9/2024 21:00,96189.79188
3/9/2024 22:00,97705.91975
3/9/2024 23:00,99352.66992
3/10/2024 0:00,99298.00371
3/10/2024 1:00,97535.6007
3/10/2024 2:00,95165.4381
3/10/2024 3:00,91876.04051
3/10/2024 4:00,88353.23041
3/10/2024 5:00,85580.77776
3/10/2024 6:00,83859.18035
3/10/2024 7:00,82991.28502
3/10/2024 8:00,83225.5846
3/10/2024 9:00,84508.74351
3/10/2024 10:00,87064.08372
3/10/2024 11:00,89801.05324
3/10/2024 12:00,91630.2089
3/10/2024 13:00,92193.3928
3/10/2024 14:00,92463.95172
3/10/2024 15:00,93312.66397
3/10/2024 16:00,93229.2786
3/10/2024 17:00,92795.94081
3/10/2024 18:00,92806.14221
3/10/2024 19:00,92998.0838
3/10/2024 20:00,94019.88723
3/10/2024 21:00,96412.33767
3/10/2024 22:00,99956.54854
3/10/2024 23:00,105260.6121
3/11/2024 0:00,107571.2295
3/11/2024 1:00,105775.7828
3/11/2024 2:00,102129.8906
3/11/2024 3:00,98123.29014
3/11/2024 4:00,95183.40144
3/11/2024 5:00,93496.40009
3/11/2024 6:00,92895.84801
3/11/2024 7:00,93431.31071
3/11/2024 8:00,95788.61067
3/11/2024 9:00,101163.3078
3/11/2024 10:00,109489.3148
3/11/2024 11:00,115466.1164
3/11/2024 12:00,115293.3579
3/11/2024 13:00,110482.2882
3/11/2024 14:00,105825.2375
3/11/2024 15:00,102311.2981
3/11/2024 16:00,99523.76516
3/11/2024 17:00,97210.26469
3/11/2024 18:00,94971.94412
3/11/2024 19:00,93418.00453
3/11/2024 20:00,93725.15543
3/11/2024 21:00,95628.60391
3/11/2024 22:00,98573.26066
3/11/2024 23:00,102504.5704
3/12/2024 0:00,104200.886
3/12/2024 1:00,101855.6725
3/12/2024 2:00,97575.40834
3/12/2024 3:00,93133.14148
3/12/2024 4:00,89923.13741
3/12/2024 5:00,88196.77196
3/12/2024 6:00,87720.96528
3/12/2024 7:00,87760.2185
3/12/2024 8:00,89977.47096
3/12/2024 9:00,94833.22724
3/12/2024 10:00,102692.9636
3/12/2024 11:00,108066.3302
3/12/2024 12:00,106263.7868
3/12/2024 13:00,101379.5332
3/12/2024 14:00,97373.70889
3/12/2024 15:00,94077.21467
3/12/2024 16:00,91642.40623
3/12/2024 17:00,89971.3723
3/12/2024 18:00,88829.14797
3/12/2024 19:00,88204.86655
3/12/2024 20:00,89135.74444
3/12/2024 21:00,91233.57397
3/12/2024 22:00,93261.65697
3/12/2024 23:00,96268.4092
3/13/2024 0:00,97221.1314
3/13/2024 1:00,94252.30177
3/13/2024 2:00,89517.18816
3/13/2024 3:00,84991.97947
3/13/2024 4:00,81687.61243
3/13/2024 5:00,79988.30287
3/13/2024 6:00,79446.51973
3/13/2024 7:00,79438.86868
3/13/2024 8:00,81559.87314
3/13/2024 9:00,86670.11003
3/13/2024 10:00,94831.78573
3/13/2024 11:00,100650.9092
3/13/2024 12:00,100115.1138
3/13/2024 13:00,96652.40327
3/13/2024 14:00,93653.52385
3/13/2024 15:00,91174.02884
3/13/2024 16:00,89701.58958
3/13/2024 17:00,88941.36339
3/13/2024 18:00,88575.22178
3/13/2024 19:00,88480.74793
3/13/2024 20:00,89312.05128
3/13/2024 21:00,90887.94605
3/13/2024 22:00,92631.94219
3/13/2024 23:00,94931.13852
3/14/2024 0:00,95803.24747
3/14/2024 1:00,92818.00688
3/14/2024 2:00,87914.57014
3/14/2024 3:00,83281.24877
3/14/2024 4:00,79884.29292
3/14/2024 5:00,77991.15673
3/14/2024 6:00,77247.67415
3/14/2024 7:00,77574.67343
3/14/2024 8:00,79169.75127
3/14/2024 9:00,84250.71458
3/14/2024 10:00,92330.22465
3/14/2024 11:00,98045.22724
3/14/2024 12:00,98070.06543
3/14/2024 13:00,95375.67568
3/14/2024 14:00,92929.33522
3/14/2024 15:00,91411.10054
3/14/2024 16:00,90753.55368
3/14/2024 17:00,90397.72435
3/14/2024 18:00,90265.54967
3/14/2024 19:00,90542.42902
3/14/2024 20:00,91734.44062
3/14/2024 21:00,93621.47814
3/14/2024 22:00,94825.57619
3/14/2024 23:00,96296.79571
3/15/2024 0:00,96320.08152
3/15/2024 1:00,92675.18726
3/15/2024 2:00,87664.74669
3/15/2024 3:00,82857.44707
3/15/2024 4:00,79098.45235
3/15/2024 5:00,76593.12118
3/15/2024 6:00,75209.0571
3/15/2024 7:00,74567.69942
3/15/2024 8:00,75508.44606
3/15/2024 9:00,79446.18708
3/15/2024 10:00,86319.38141
3/15/2024 11:00,91869.83096
3/15/2024 12:00,93430.6454
3/15/2024 13:00,94074.66432
3/15/2024 14:00,93509.37361
3/15/2024 15:00,92528.70844
3/15/2024 16:00,92749.36919
3/15/2024 17:00,92373.69149
3/15/2024 18:00,91907.64267
3/15/2024 19:00,91629.32183
3/15/2024 20:00,91396.57463
3/15/2024 21:00,91776.1333
3/15/2024 22:00,91895.22358
3/15/2024 23:00,93119.28088
3/16/2024 0:00,93233.27046
3/16/2024 1:00,90944.27553
3/16/2024 2:00,87376.55709
3/16/2024 3:00,83491.59724
3/16/2024 4:00,80239.23517
3/16/2024 5:00,77960.21988
3/16/2024 6:00,76768.87358
3/16/2024 7:00,76664.97453
3/16/2024 8:00,77301.67505
3/16/2024 9:00,79435.0986
3/16/2024 10:00,82499.95447
3/16/2024 11:00,85979.07596
3/16/2024 12:00,87739.92658
3/16/2024 13:00,86991.56507
3/16/2024 14:00,85180.15097
3/16/2024 15:00,83411.87107
3/16/2024 16:00,81930.89368
3/16/2024 17:00,80016.91115
3/16/2024 18:00,78801.83551
3/16/2024 19:00,78811.59337
3/16/2024 20:00,80200.75814
3/16/2024 21:00,82467.687
3/16/2024 22:00,84758.34519
3/16/2024 23:00,87425.23552
3/17/2024 0:00,88727.35572
3/17/2024 1:00,87054.32586
3/17/2024 2:00,84230.42266
3/17/2024 3:00,81023.63424
3/17/2024 4:00,78094.50137
3/17/2024 5:00,76149.80375
3/17/2024 6:00,75014.34339
3/17/2024 7:00,74572.57835
3/17/2024 8:00,74990.28139
3/17/2024 9:00,76380.22236
3/17/2024 10:00,78874.1324
3/17/2024 11:00,81890.30984
3/17/2024 12:00,84163.89178
3/17/2024 13:00,84754.90776
3/17/2024 14:00,83836.89251
3/17/2024 15:00,82699.32534
3/17/2024 16:00,82403.81735
3/17/2024 17:00,81558.76429
3/17/2024 18:00,81325.90621
3/17/2024 19:00,81617.53323
3/17/2024 20:00,83589.73029
3/17/2024 21:00,86517.97608
3/17/2024 22:00,89156.36902
3/17/2024 23:00,92686.71928
3/18/2024 0:00,94877.69204
3/18/2024 1:00,92577.1651
3/18/2024 2:00,88684.22154
3/18/2024 3:00,84803.03177
3/18/2024 4:00,82319.43402
3/18/2024 5:00,81153.48035
3/18/2024 6:00,80760.6155
3/18/2024 7:00,81407.18477
3/18/2024 8:00,83757.3881
3/18/2024 9:00,89363.28005
3/18/2024 10:00,98267.88392
3/18/2024 11:00,104490.0736
3/18/2024 12:00,105484.1558
3/18/2024 13:00,103997.3015
3/18/2024 14:00,102247.2067
3/18/2024 15:00,100995.7609
3/18/2024 16:00,99922.95044
3/18/2024 17:00,98838.27533
3/18/2024 18:00,97719.4477
3/18/2024 19:00,98358.36591
3/18/2024 20:00,100351.2984
3/18/2024 21:00,102758.053
3/18/2024 22:00,105563.5493
3/18/2024 23:00,108922.2499
3/19/2024 0:00,110042.2973
3/19/2024 1:00,107402.7955
3/19/2024 2:00,102798.0824
3/19/2024 3:00,98357.36795
3/19/2024 4:00,95363.36747
3/19/2024 5:00,93721.27446
3/19/2024 6:00,93286.9387
3/19/2024 7:00,93720.83092
3/19/2024 8:00,95885.4131
3/19/2024 9:00,101372.8801
3/19/2024 10:00,109820.9712
3/19/2024 11:00,115352.3486
3/19/2024 12:00,114301.1607
3/19/2024 13:00,111124.4221
3/19/2024 14:00,108154.8162
3/19/2024 15:00,105166.5817
3/19/2024 16:00,102053.7128
3/19/2024 17:00,99538.73461
3/19/2024 18:00,97266.48329
3/19/2024 19:00,95798.70119
3/19/2024 20:00,96370.86676
3/19/2024 21:00,98619.49962
3/19/2024 22:00,101202.2284
3/19/2024 23:00,104378.1908
3/20/2024 0:00,105849.5212
3/20/2024 1:00,102883.7964
3/20/2024 2:00,98106.87919
3/20/2024 3:00,93335.17359
3/20/2024 4:00,90034.35486
3/20/2024 5:00,88470.10299
3/20/2024 6:00,87674.72632
3/20/2024 7:00,87883.18974
3/20/2024 8:00,89737.07271
3/20/2024 9:00,94906.85474
3/20/2024 10:00,103105.566
3/20/2024 11:00,107847.3327
3/20/2024 12:00,106852.696
3/20/2024 13:00,103888.08
3/20/2024 14:00,101077.5939
3/20/2024 15:00,98704.32649
3/20/2024 16:00,96678.46119
3/20/2024 17:00,95597.00174
3/20/2024 18:00,94516.09671
3/20/2024 19:00,93805.43603
3/20/2024 20:00,94379.7084
3/20/2024 21:00,95816.22099
3/20/2024 22:00,97893.86949
3/20/2024 23:00,101442.5157
3/21/2024 0:00,103781.1871
3/21/2024 1:00,102113.147
3/21/2024 2:00,98254.79951
3/21/2024 3:00,94534.3927
3/21/2024 4:00,92293.18912
3/21/2024 5:00,91341.24312
3/21/2024 6:00,91103.39522
3/21/2024 7:00,92239.63176
3/21/2024 8:00,95025.50148
3/21/2024 9:00,100914.2606
3/21/2024 10:00,109620.3806
3/21/2024 11:00,115321.19
3/21/2024 12:00,113698.28
3/21/2024 13:00,109579.6859
3/21/2024 14:00,106092.3589
3/21/2024 15:00,102768.4762
3/21/2024 16:00,100013.876
3/21/2024 17:00,97702.37144
3/21/2024 18:00,95431.33985
3/21/2024 19:00,94175.01506
3/21/2024 20:00,94579.85547
3/21/2024 21:00,96345.58502
3/21/2024 22:00,99259.30491
3/21/2024 23:00,103883.7555
3/22/2024 0:00,106816.8802
3/22/2024 1:00,105231.2276
3/22/2024 2:00,101304.6859
3/22/2024 3:00,97112.79696
3/22/2024 4:00,94478.28499
3/22/2024 5:00,93449.6067
3/22/2024 6:00,93325.08307
3/22/2024 7:00,93785.03322
3/22/2024 8:00,96008.82789
3/22/2024 9:00,101493.6336
3/22/2024 10:00,109506.8346
3/22/2024 11:00,114466.9335
3/22/2024 12:00,113021.4392
3/22/2024 13:00,109424.669
3/22/2024 14:00,105994.3368
3/22/2024 15:00,103331.4383
3/22/2024 16:00,100525.1658
3/22/2024 17:00,98893.82861
3/22/2024 18:00,98198.80269
3/22/2024 19:00,98593.55257
3/22/2024 20:00,99729.12381
3/22/2024 21:00,100606.6661
3/22/2024 22:00,100941.5382
3/22/2024 23:00,102254.4142
3/23/2024 0:00,102120.7981
3/23/2024 1:00,99433.83759
3/23/2024 2:00,95515.05787
3/23/2024 3:00,91161.94239
3/23/2024 4:00,87912.35244
3/23/2024 5:00,85735.46205
3/23/2024 6:00,84641.47261
3/23/2024 7:00,84482.13116
3/23/2024 8:00,84898.06004
3/23/2024 9:00,86665.34198
3/23/2024 10:00,89718.44407
3/23/2024 11:00,93043.43568
3/23/2024 12:00,96685.89048
3/23/2024 13:00,99012.69712
3/23/2024 14:00,100055.9013
3/23/2024 15:00,99562.35307
3/23/2024 16:00,97980.13786
3/23/2024 17:00,96375.74569
3/23/2024 18:00,94428.49772
3/23/2024 19:00,93326.74634
3/23/2024 20:00,93635.56051
3/23/2024 21:00,94431.71338
3/23/2024 22:00,95643.35159
3/23/2024 23:00,98873.53669
3/24/2024 0:00,101414.1292
3/24/2024 1:00,100691.3821
3/24/2024 2:00,98910.35045
3/24/2024 3:00,96258.42957
3/24/2024 4:00,94212.7159
3/24/2024 5:00,92954.94961
3/24/2024 6:00,92484.02186
3/24/2024 7:00,92548.6677
3/24/2024 8:00,93462.58022
3/24/2024 9:00,95465.71414
3/24/2024 10:00,98639.79154
3/24/2024 11:00,101379.3114
3/24/2024 12:00,101191.4726
3/24/2024 13:00,98428.33422
3/24/2024 14:00,95349.72864
3/24/2024 15:00,92522.94243
3/24/2024 16:00,90227.95972
3/24/2024 17:00,87852.47465
3/24/2024 18:00,86209.71634
3/24/2024 19:00,85285.93507
3/24/2024 20:00,86117.79284
3/24/2024 21:00,88556.8149
3/24/2024 22:00,91792.98779
3/24/2024 23:00,96146.99035
3/25/2024 0:00,99324.06164
3/25/2024 1:00,98204.01427
3/25/2024 2:00,95209.68113
3/25/2024 3:00,91974.50621
3/25/2024 4:00,89899.18629
3/25/2024 5:00,89080.6347
3/25/2024 6:00,88864.74199
3/25/2024 7:00,89751.82039
3/25/2024 8:00,92554.21194
3/25/2024 9:00,98150.12426
3/25/2024 10:00,106209.4533
3/25/2024 11:00,110906.4225
3/25/2024 12:00,108645.1488
3/25/2024 13:00,104108.1863
3/25/2024 14:00,100470.8322
3/25/2024 15:00,97485.59165
3/25/2024 16:00,94724.7819
3/25/2024 17:00,92923.79098
3/25/2024 18:00,91439.04351
3/25/2024 19:00,90203.12153
3/25/2024 20:00,90557.39846
3/25/2024 21:00,92520.9465
3/25/2024 22:00,94748.73302
3/25/2024 23:00,97491.57943
3/26/2024 0:00,99503.14059
3/26/2024 1:00,97076.98116
3/26/2024 2:00,92779.9734
3/26/2024 3:00,88703.51549
3/26/2024 4:00,85884.60211
3/26/2024 5:00,84261.02687
3/26/2024 6:00,84053.45052
3/26/2024 7:00,84376.0144
3/26/2024 8:00,86453.44113
3/26/2024 9:00,91675.11725
3/26/2024 10:00,99464.22002
3/26/2024 11:00,104325.8532
3/26/2024 12:00,104083.9026
3/26/2024 13:00,101607.7341
3/26/2024 14:00,99509.23925
3/26/2024 15:00,97636.9494
3/26/2024 16:00,96571.45736
3/26/2024 17:00,95494.21153
3/26/2024 18:00,94383.03495
3/26/2024 19:00,93517.35732
3/26/2024 20:00,94811.93736
3/26/2024 21:00,96478.86855
3/26/2024 22:00,97933.78801
3/26/2024 23:00,99960.76216
3/27/2024 0:00,100719.9904
3/27/2024 1:00,97731.0906
3/27/2024 2:00,93297.9163
3/27/2024 3:00,88919.18643
3/27/2024 4:00,85644.20386
3/27/2024 5:00,83534.177
3/27/2024 6:00,82326.64153
3/27/2024 7:00,82448.61481
3/27/2024 8:00,84058.44034
3/27/2024 9:00,88728.79723
3/27/2024 10:00,96379.62666
3/27/2024 11:00,101349.2616
3/27/2024 12:00,102778.234
3/27/2024 13:00,102932.4748
3/27/2024 14:00,102622.7736
3/27/2024 15:00,101623.258
3/27/2024 16:00,100587.5939
3/27/2024 17:00,99976.72957
3/27/2024 18:00,99341.91409
3/27/2024 19:00,98422.45733
3/27/2024 20:00,98087.58523
3/27/2024 21:00,98493.53448
3/27/2024 22:00,98824.52561
3/27/2024 23:00,100201.1604
3/28/2024 0:00,101266.098
3/28/2024 1:00,98988.30246
3/28/2024 2:00,94654.70271
3/28/2024 3:00,90275.30753
3/28/2024 4:00,87148.1344
3/28/2024 5:00,85192.79184
3/28/2024 6:00,84261.4704
3/28/2024 7:00,84435.55954
3/28/2024 8:00,86456.10237
3/28/2024 9:00,90930.52582
3/28/2024 10:00,98287.7323
3/28/2024 11:00,103327.1138
3/28/2024 12:00,104678.7995
3/28/2024 13:00,103767.9918
3/28/2024 14:00,102769.2524
3/28/2024 15:00,101660.4044
3/28/2024 16:00,100060.6694
3/28/2024 17:00,98561.17421
3/28/2024 18:00,97269.14452
3/28/2024 19:00,96151.86928
3/28/2024 20:00,95566.39753
3/28/2024 21:00,96372.97357
3/28/2024 22:00,96848.78025
3/28/2024 23:00,98317.33854
3/29/2024 0:00,99956.88119
3/29/2024 1:00,98028.04009
3/29/2024 2:00,94158.49323
3/29/2024 3:00,90170.29963
3/29/2024 4:00,87293.72615
3/29/2024 5:00,85750.65327
3/29/2024 6:00,85043.65178
3/29/2024 7:00,85329.18014
3/29/2024 8:00,87078.16609
3/29/2024 9:00,91046.95486
3/29/2024 10:00,96640.64948
3/29/2024 11:00,100247.0667
3/29/2024 12:00,98998.83652
3/29/2024 13:00,95632.70664
3/29/2024 14:00,92191.61865
3/29/2024 15:00,89610.55316
3/29/2024 16:00,87442.75532
3/29/2024 17:00,85732.13551
3/29/2024 18:00,84522.04968
3/29/2024 19:00,83714.3648
3/29/2024 20:00,84542.11983
3/29/2024 21:00,86220.47217
3/29/2024 22:00,87974.55882
3/29/2024 23:00,90187.37589
3/30/2024 0:00,92250.94201
3/30/2024 1:00,90966.00895
3/30/2024 2:00,88296.12474
3/30/2024 3:00,85283.49561
3/30/2024 4:00,82523.68382
3/30/2024 5:00,80864.1819
3/30/2024 6:00,80216.83644
3/30/2024 7:00,80203.86292
3/30/2024 8:00,81034.83361
3/30/2024 9:00,83066.5758
3/30/2024 10:00,86191.53123
3/30/2024 11:00,88813.6241
3/30/2024 12:00,88954.78045
3/30/2024 13:00,87575.37354
3/30/2024 14:00,85962.11058
3/30/2024 15:00,84537.57356
3/30/2024 16:00,83141.31216
3/30/2024 17:00,82190.03146
3/30/2024 18:00,81911.93238
3/30/2024 19:00,82297.58971
3/30/2024 20:00,83287.68009
3/30/2024 21:00,84749.25264
3/30/2024 22:00,86063.68106
3/30/2024 23:00,87764.65389
3/31/2024 0:00,88907.21087
3/31/2024 1:00,87381.76868
3/31/2024 2:00,84327.11421
3/31/2024 3:00,80682.44172
3/31/2024 4:00,77319.63839
3/31/2024 5:00,75114.69414
3/31/2024 6:00,73945.19215
3/31/2024 7:00,73527.26734
3/31/2024 8:00,73722.09193
3/31/2024 9:00,75109.26078
3/31/2024 10:00,77549.72435
3/31/2024 11:00,80011.69956
3/31/2024 12:00,81311.26942
3/31/2024 13:00,81672.08856
3/31/2024 14:00,81706.90638
3/31/2024 15:00,81538.58326
3/31/2024 16:00,80678.78252
3/31/2024 17:00,78492.24515
3/31/2024 18:00,76952.05527
3/31/2024 19:00,76830.63642
3/31/2024 20:00,77565.58087
3/31/2024 21:00,79250.25364
3/31/2024 22:00,81541.24449
3/31/2024 23:00,84343.74693
4/1/2024 0:00,86919.48995
4/1/2024 1:00,85660.83658
4/1/2024 2:00,82743.79015
4/1/2024 3:00,78982.46685
4/1/2024 4:00,76455.0696
4/1/2024 5:00,74754.98385
4/1/2024 6:00,74180.26793
4/1/2024 7:00,74274.63089
4/1/2024 8:00,75956.53154
4/1/2024 9:00,80239.23517
4/1/2024 10:00,86686.18833
4/1/2024 11:00,92193.94723
4/1/2024 12:00,95025.05794
4/1/2024 13:00,96812.29915
4/1/2024 14:00,97812.48004
4/1/2024 15:00,97543.36263
4/1/2024 16:00,96822.05701
4/1/2024 17:00,96076.02408
4/1/2024 18:00,95722.7451
4/1/2024 19:00,95095.69156
4/1/2024 20:00,95277.7644
4/1/2024 21:00,96169.83262
4/1/2024 22:00,97086.07372
4/1/2024 23:00,98345.17062
4/2/2024 0:00,98572.48446
4/2/2024 1:00,95093.58475
4/2/2024 2:00,90378.76305
4/2/2024 3:00,85632.00653
4/2/2024 4:00,82020.04506
4/2/2024 5:00,79794.80889
4/2/2024 6:00,78476.38862
4/2/2024 7:00,78169.57038
4/2/2024 8:00,79566.71886
4/2/2024 9:00,83641.73526
4/2/2024 10:00,90608.07282
4/2/2024 11:00,95895.72539
4/2/2024 12:00,98369.78705
4/2/2024 13:00,99499.14874
4/2/2024 14:00,100022.9685
4/2/2024 15:00,99834.57526
4/2/2024 16:00,100214.7992
4/2/2024 17:00,100251.613
4/2/2024 18:00,99559.2483
4/2/2024 19:00,98658.3093
4/2/2024 20:00,98746.79537
4/2/2024 21:00,99922.72867
4/2/2024 22:00,100294.4145
4/2/2024 23:00,100599.5695
4/3/2024 0:00,100051.355
4/3/2024 1:00,97035.39936
4/3/2024 2:00,92178.42336
4/3/2024 3:00,87613.85056
4/3/2024 4:00,84149.1441
4/3/2024 5:00,81851.72193
4/3/2024 6:00,80837.9022
4/3/2024 7:00,80697.18939
4/3/2024 8:00,82177.16882
4/3/2024 9:00,86447.00981
4/3/2024 10:00,93735.35683
4/3/2024 11:00,99357.43796
4/3/2024 12:00,101908.3428
4/3/2024 13:00,103046.0208
4/3/2024 14:00,103706.3398
4/3/2024 15:00,103734.061
4/3/2024 16:00,103313.2532
4/3/2024 17:00,102978.1593
4/3/2024 18:00,102649.6077
4/3/2024 19:00,101686.1296
4/3/2024 20:00,101671.6037
4/3/2024 21:00,102225.1407
4/3/2024 22:00,102626.4328
4/3/2024 23:00,103713.1038
4/4/2024 0:00,104424.4298
4/4/2024 1:00,101682.0269
4/4/2024 2:00,96911.43016
4/4/2024 3:00,92537.13568
4/4/2024 4:00,89268.58443
4/4/2024 5:00,87466.81732
4/4/2024 6:00,86860.83189
4/4/2024 7:00,86959.07582
4/4/2024 8:00,88726.02511
4/4/2024 9:00,93717.28261
4/4/2024 10:00,101357.3562
4/4/2024 11:00,105785.0972
4/4/2024 12:00,105449.2271
4/4/2024 13:00,103891.1848
4/4/2024 14:00,102576.8672
4/4/2024 15:00,100716.6638
4/4/2024 16:00,99616.68662
4/4/2024 17:00,99104.95327
4/4/2024 18:00,98153.89434
4/4/2024 19:00,97842.08628
4/4/2024 20:00,98360.14007
4/4/2024 21:00,99274.16348
4/4/2024 22:00,100373.808
4/4/2024 23:00,102760.2707
4/5/2024 0:00,104533.2078
4/5/2024 1:00,102334.0295
4/5/2024 2:00,97944.21119
4/5/2024 3:00,93918.87118
4/5/2024 4:00,90610.95582
4/5/2024 5:00,88470.54653
4/5/2024 6:00,87454.73088
4/5/2024 7:00,87560.40409
4/5/2024 8:00,89173.9997
4/5/2024 9:00,93781.04137
4/5/2024 10:00,100771.9954
4/5/2024 11:00,104745.9957
4/5/2024 12:00,104351.6894
4/5/2024 13:00,102528.4106
4/5/2024 14:00,101564.3781
4/5/2024 15:00,100565.8605
4/5/2024 16:00,99364.09105
4/5/2024 17:00,98210.33471
4/5/2024 18:00,96948.24391
4/5/2024 19:00,95801.5842
4/5/2024 20:00,95969.3529
4/5/2024 21:00,96688.32994
4/5/2024 22:00,97925.58254
4/5/2024 23:00,100093.0477
4/6/2024 0:00,102002.9275
4/6/2024 1:00,100488.0194
4/6/2024 2:00,97182.43261
4/6/2024 3:00,93366.55399
4/6/2024 4:00,90498.29687
4/6/2024 5:00,88575.00001
4/6/2024 6:00,87479.01465
4/6/2024 7:00,87431.55595
4/6/2024 8:00,88242.78915
4/6/2024 9:00,90411.58495
4/6/2024 10:00,93543.30436
4/6/2024 11:00,95436.66232
4/6/2024 12:00,95294.72977
4/6/2024 13:00,93684.57159
4/6/2024 14:00,92296.07213
4/6/2024 15:00,90725.38894
4/6/2024 16:00,88727.57749
4/6/2024 17:00,87299.93569
4/6/2024 18:00,85811.52902
4/6/2024 19:00,85499.94274
4/6/2024 20:00,86077.9852
4/6/2024 21:00,87202.80061
4/6/2024 22:00,88464.11521
4/6/2024 23:00,90832.06011
4/7/2024 0:00,93345.37499
4/7/2024 1:00,92477.14701
4/7/2024 2:00,90015.06091
4/7/2024 3:00,87114.97985
4/7/2024 4:00,84760.452
4/7/2024 5:00,83375.50085
4/7/2024 6:00,82933.0705
4/7/2024 7:00,82928.63511
4/7/2024 8:00,83851.41841
4/7/2024 9:00,85863.97753
4/7/2024 10:00,88567.68161
4/7/2024 11:00,90150.22948
4/7/2024 12:00,89255.94357
4/7/2024 13:00,86855.50942
4/7/2024 14:00,84758.01254
4/7/2024 15:00,83205.73622
4/7/2024 16:00,81626.62579
4/7/2024 17:00,80169.82128
4/7/2024 18:00,79646.00149
4/7/2024 19:00,79610.1857
4/7/2024 20:00,81085.39708
4/7/2024 21:00,83284.90797
4/7/2024 22:00,86062.35044
4/7/2024 23:00,88721.14618
4/8/2024 0:00,91388.36916
4/8/2024 1:00,89522.28886
4/8/2024 2:00,86038.62109
4/8/2024 3:00,82333.18373
4/8/2024 4:00,79602.31288
4/8/2024 5:00,78216.8073
4/8/2024 6:00,77944.03069
4/8/2024 7:00,78600.24694
4/8/2024 8:00,81167.23006
4/8/2024 9:00,86729.87694
4/8/2024 10:00,94403.88129
4/8/2024 11:00,98089.02673
4/8/2024 12:00,96243.34924
4/8/2024 13:00,93193.68458
4/8/2024 14:00,91035.64461
4/8/2024 15:00,89523.84124
4/8/2024 16:00,88320.63028
4/8/2024 17:00,87704.88698
4/8/2024 18:00,88342.69635
4/8/2024 19:00,90292.49468
4/8/2024 20:00,88801.87031
4/8/2024 21:00,90415.79857
4/8/2024 22:00,91954.65783
4/8/2024 23:00,93964.00129
4/9/2024 0:00,95758.22824
4/9/2024 1:00,93034.78667
4/9/2024 2:00,87804.12888
4/9/2024 3:00,82733.58875
4/9/2024 4:00,78983.90835
4/9/2024 5:00,76526.47941
4/9/2024 6:00,75494.14192
4/9/2024 7:00,75466.42072
4/9/2024 8:00,77199.77192
4/9/2024 9:00,81731.30104
4/9/2024 10:00,89027.18822
4/9/2024 11:00,92881.76564
4/9/2024 12:00,92546.45001
4/9/2024 13:00,90823.4111
4/9/2024 14:00,90229.73388
4/9/2024 15:00,89692.16437
4/9/2024 16:00,89612.10554
4/9/2024 17:00,90155.44106
4/9/2024 18:00,90301.809
4/9/2024 19:00,90568.93048
4/9/2024 20:00,91676.66964
4/9/2024 21:00,93389.72891
4/9/2024 22:00,94342.22934
4/9/2024 23:00,95568.72612
4/10/2024 0:00,96484.30191
4/10/2024 1:00,93351.25188
4/10/2024 2:00,87887.62513
4/10/2024 3:00,82545.86078
4/10/2024 4:00,78455.32051
4/10/2024 5:00,75847.97532
4/10/2024 6:00,74331.5148
4/10/2024 7:00,73812.35216
4/10/2024 8:00,75031.64142
4/10/2024 9:00,78875.13036
4/10/2024 10:00,85758.96963
4/10/2024 11:00,90201.56914
4/10/2024 12:00,91851.3132
4/10/2024 13:00,92012.42881
4/10/2024 14:00,91676.55875
4/10/2024 15:00,91251.6482
4/10/2024 16:00,91225.81204
4/10/2024 17:00,91395.02224
4/10/2024 18:00,91715.5902
4/10/2024 19:00,92453.97208
4/10/2024 20:00,93394.1643
4/10/2024 21:00,94925.59428
4/10/2024 22:00,95304.82029
4/10/2024 23:00,96261.97788
4/11/2024 0:00,97273.24726
4/11/2024 1:00,94547.03357
4/11/2024 2:00,89067.88295
4/11/2024 3:00,83561.01112
4/11/2024 4:00,79400.8352
4/11/2024 5:00,76742.81566
4/11/2024 6:00,75299.5391
4/11/2024 7:00,74821.84738
4/11/2024 8:00,75685.86174
4/11/2024 9:00,79541.88066
4/11/2024 10:00,86769.13016
4/11/2024 11:00,91651.3879
4/11/2024 12:00,93655.96332
4/11/2024 13:00,94512.21574
4/11/2024 14:00,94859.61782
4/11/2024 15:00,95301.60463
4/11/2024 16:00,95118.64471
4/11/2024 17:00,94997.22586
4/11/2024 18:00,94632.74752
4/11/2024 19:00,94793.08694
4/11/2024 20:00,95375.01037
4/11/2024 21:00,96041.5389
4/11/2024 22:00,96294.79979
4/11/2024 23:00,96685.77959
4/12/2024 0:00,97122.88747
4/12/2024 1:00,94252.19088
4/12/2024 2:00,89295.0859
4/12/2024 3:00,84430.12619
4/12/2024 4:00,80591.84883
4/12/2024 5:00,77994.26151
4/12/2024 6:00,76404.61702
4/12/2024 7:00,75858.84203
4/12/2024 8:00,76629.71316
4/12/2024 9:00,80411.55015
4/12/2024 10:00,87195.03867
4/12/2024 11:00,91876.92758
4/12/2024 12:00,93809.87142
4/12/2024 13:00,94500.01841
4/12/2024 14:00,94055.59213
4/12/2024 15:00,93443.84069
4/12/2024 16:00,93159.42118
4/12/2024 17:00,92007.77165
4/12/2024 18:00,91117.69936
4/12/2024 19:00,90534.22354
4/12/2024 20:00,90580.57339
4/12/2024 21:00,91151.07568
4/12/2024 22:00,91659.37161
4/12/2024 23:00,92423.58965
4/13/2024 0:00,93361.3424
4/13/2024 1:00,91221.48753
4/13/2024 2:00,87475.6881
4/13/2024 3:00,83158.38841
4/13/2024 4:00,79699.44796
4/13/2024 5:00,77315.31388
4/13/2024 6:00,75873.25705
4/13/2024 7:00,75229.34902
4/13/2024 8:00,75783.2186
4/13/2024 9:00,77609.26948
4/13/2024 10:00,80393.58681
4/13/2024 11:00,82905.46019
4/13/2024 12:00,85100.53569
4/13/2024 13:00,85418.44241
4/13/2024 14:00,84609.31602
4/13/2024 15:00,83627.09846
4/13/2024 16:00,82317.65986
4/13/2024 17:00,81024.18867
4/13/2024 18:00,79559.06781
4/13/2024 19:00,78987.45666
4/13/2024 20:00,79619.38914
4/13/2024 21:00,81463.07071
4/13/2024 22:00,83397.45604
4/13/2024 23:00,85173.16523
4/14/2024 0:00,87015.95972
4/14/2024 1:00,86133.64937
4/14/2024 2:00,83079.54932
4/14/2024 3:00,79600.20607
4/14/2024 4:00,76443.87024
4/14/2024 5:00,74411.13008
4/14/2024 6:00,73447.09763
4/14/2024 7:00,73381.6756
4/14/2024 8:00,73864.35713
4/14/2024 9:00,75291.22274
4/14/2024 10:00,77396.70332
4/14/2024 11:00,78662.45331
4/14/2024 12:00,79201.90787
4/14/2024 13:00,78452.4375
4/14/2024 14:00,77765.39528
4/14/2024 15:00,77543.29303
4/14/2024 16:00,78250.4054
4/14/2024 17:00,78571.30601
4/14/2024 18:00,78592.485
4/14/2024 19:00,80354.00094
4/14/2024 20:00,83298.32503
4/14/2024 21:00,87031.26182
4/14/2024 22:00,89950.08241
4/14/2024 23:00,91668.46416
4/15/2024 0:00,93211.64792
4/15/2024 1:00,91133.22323
4/15/2024 2:00,86072.33007
4/15/2024 3:00,80826.14842
4/15/2024 4:00,76715.42711
4/15/2024 5:00,73823.7733
4/15/2024 6:00,72087.98264
4/15/2024 7:00,71686.91232
4/15/2024 8:00,72837.56388
4/15/2024 9:00,76717.53392
4/15/2024 10:00,83795.31071
4/15/2024 11:00,88051.40198
4/15/2024 12:00,89405.52716
4/15/2024 13:00,89699.81542
4/15/2024 14:00,90882.73447
4/15/2024 15:00,92145.93411
4/15/2024 16:00,93634.34078
4/15/2024 17:00,95532.3559
4/15/2024 18:00,97214.92186
4/15/2024 19:00,98675.49644
4/15/2024 20:00,101472.4546
4/15/2024 21:00,103120.3136
4/15/2024 22:00,103764.6652
4/15/2024 23:00,103365.3691
4/16/2024 0:00,103379.2297
4/16/2024 1:00,99517.77738
4/16/2024 2:00,92571.84263
4/16/2024 3:00,85639.21404
4/16/2024 4:00,80505.80223
4/16/2024 5:00,77086.33677
4/16/2024 6:00,74966.99558
4/16/2024 7:00,73798.71333
4/16/2024 8:00,74572.13481
4/16/2024 9:00,78339.66766
4/16/2024 10:00,84866.67964
4/16/2024 11:00,88862.41341
4/16/2024 12:00,89182.09429
4/16/2024 13:00,88703.40461
4/16/2024 14:00,88958.66142
4/16/2024 15:00,89306.39615
4/16/2024 16:00,89991.99687
4/16/2024 17:00,91570.88554
4/16/2024 18:00,93323.64157
4/16/2024 19:00,95124.63249
4/16/2024 20:00,97691.39384
4/16/2024 21:00,100038.6033
4/16/2024 22:00,100863.808
4/16/2024 23:00,100293.971
4/17/2024 0:00,100960.3886
4/17/2024 1:00,97496.34748
4/17/2024 2:00,90837.82612
4/17/2024 3:00,84520.38641
4/17/2024 4:00,79727.39093
4/17/2024 5:00,76844.38613
4/17/2024 6:00,75102.38592
4/17/2024 7:00,74236.93006
4/17/2024 8:00,75002.36784
4/17/2024 9:00,78809.81921
4/17/2024 10:00,85673.58833
4/17/2024 11:00,89839.53027
4/17/2024 12:00,91235.79167
4/17/2024 13:00,91971.51232
4/17/2024 14:00,92836.74641
4/17/2024 15:00,93537.871
4/17/2024 16:00,94350.10216
4/17/2024 17:00,95593.23166
4/17/2024 18:00,95859.13341
4/17/2024 19:00,96339.59724
4/17/2024 20:00,97309.95013
4/17/2024 21:00,98186.93801
4/17/2024 22:00,98179.39785
4/17/2024 23:00,98000.9842
4/18/2024 0:00,98103.77441
4/18/2024 1:00,95127.95904
4/18/2024 2:00,89268.47355
4/18/2024 3:00,83425.95344
4/18/2024 4:00,79200.68813
4/18/2024 5:00,76134.8343
4/18/2024 6:00,74423.66006
4/18/2024 7:00,73707.89868
4/18/2024 8:00,74815.52695
4/18/2024 9:00,78660.67916
4/18/2024 10:00,85546.29258
4/18/2024 11:00,90051.87466
4/18/2024 12:00,91915.84815
4/18/2024 13:00,92792.39249
4/18/2024 14:00,93628.02035
4/18/2024 15:00,94021.43962
4/18/2024 16:00,94622.87877
4/18/2024 17:00,95591.67927
4/18/2024 18:00,95595.22758
4/18/2024 19:00,95952.38752
4/18/2024 20:00,97780.10168
4/18/2024 21:00,99102.84646
4/18/2024 22:00,99317.29766
4/18/2024 23:00,99041.19451
4/19/2024 0:00,99273.16551
4/19/2024 1:00,95995.74348
4/19/2024 2:00,89810.25668
4/19/2024 3:00,83781.22834
4/19/2024 4:00,79406.82298
4/19/2024 5:00,76675.61947
4/19/2024 6:00,74882.94491
4/19/2024 7:00,74269.53019
4/19/2024 8:00,75434.26413
4/19/2024 9:00,79161.65668
4/19/2024 10:00,85755.86485
4/19/2024 11:00,90266.32586
4/19/2024 12:00,91905.20321
4/19/2024 13:00,92506.75325
4/19/2024 14:00,92151.58923
4/19/2024 15:00,91530.74524
4/19/2024 16:00,90723.28212
4/19/2024 17:00,90387.30118
4/19/2024 18:00,90016.39152
4/19/2024 19:00,89503.10579
4/19/2024 20:00,89721.8815
4/19/2024 21:00,90337.29214
4/19/2024 22:00,90243.15094
4/19/2024 23:00,90778.05922
4/20/2024 0:00,91656.04506
4/20/2024 1:00,89586.82381
4/20/2024 2:00,85793.67657
4/20/2024 3:00,81282.10671
4/20/2024 4:00,77579.44147
4/20/2024 5:00,75047.27618
4/20/2024 6:00,73498.43729
4/20/2024 7:00,72824.59036
4/20/2024 8:00,72987.81279
4/20/2024 9:00,74438.18597
4/20/2024 10:00,76946.95457
4/20/2024 11:00,79482.33552
4/20/2024 12:00,82406.70036
4/20/2024 13:00,83328.26393
4/20/2024 14:00,83010.57898
4/20/2024 15:00,81630.72852
4/20/2024 16:00,80475.08714
4/20/2024 17:00,79196.91805
4/20/2024 18:00,78263.15715
4/20/2024 19:00,78721.88757
4/20/2024 20:00,80284.69794
4/20/2024 21:00,82038.56282
4/20/2024 22:00,83655.59586
4/20/2024 23:00,84908.15056
4/21/2024 0:00,86867.2632
4/21/2024 1:00,85688.33601
4/21/2024 2:00,82519.58108
4/21/2024 3:00,79033.25208
4/21/2024 4:00,76042.02372
4/21/2024 5:00,74186.81013
4/21/2024 6:00,72978.942
4/21/2024 7:00,72745.19685
4/21/2024 8:00,73287.09086
4/21/2024 9:00,74723.49256
4/21/2024 10:00,77013.1528
4/21/2024 11:00,79022.1636
4/21/2024 12:00,81731.52281
4/21/2024 13:00,83773.68817
4/21/2024 14:00,84791.27798
4/21/2024 15:00,84575.27439
4/21/2024 16:00,83957.09163
4/21/2024 17:00,83093.74258
4/21/2024 18:00,82592.21063
4/21/2024 19:00,82760.86641
4/21/2024 20:00,84119.75963
4/21/2024 21:00,85791.23711
4/21/2024 22:00,87097.01651
4/21/2024 23:00,89164.68538
4/22/2024 0:00,92076.85288
4/22/2024 1:00,91339.24719
4/22/2024 2:00,87626.15878
4/22/2024 3:00,83821.5904
4/22/2024 4:00,81265.47399
4/22/2024 5:00,80000.72196
4/22/2024 6:00,79792.14766
4/22/2024 7:00,80493.38313
4/22/2024 8:00,83101.17186
4/22/2024 9:00,88708.72708
4/22/2024 10:00,96807.42022
4/22/2024 11:00,100532.8168
4/22/2024 12:00,98480.67185
4/22/2024 13:00,94873.92196
4/22/2024 14:00,92074.74607
4/22/2024 15:00,90113.52661
4/22/2024 16:00,88863.1896
4/22/2024 17:00,87851.3658
4/22/2024 18:00,86731.98375
4/22/2024 19:00,86211.71227
4/22/2024 20:00,87062.75311
4/22/2024 21:00,88980.06218
4/22/2024 22:00,90737.14272
4/22/2024 23:00,92348.85329
4/23/2024 0:00,94743.63232
4/23/2024 1:00,92900.17252
4/23/2024 2:00,88462.45194
4/23/2024 3:00,83962.74675
4/23/2024 4:00,80918.84811
4/23/2024 5:00,79420.01827
4/23/2024 6:00,78968.16271
4/23/2024 7:00,79347.27784
4/23/2024 8:00,81603.45086
4/23/2024 9:00,86529.72987
4/23/2024 10:00,94404.87925
4/23/2024 11:00,97194.07551
4/23/2024 12:00,95144.70264
4/23/2024 13:00,92196.16492
4/23/2024 14:00,90527.12691
4/23/2024 15:00,89318.92613
4/23/2024 16:00,88526.54335
4/23/2024 17:00,88157.40785
4/23/2024 18:00,87696.90328
4/23/2024 19:00,87789.49209
4/23/2024 20:00,88951.67568
4/23/2024 21:00,90762.0918
4/23/2024 22:00,92145.71234
4/23/2024 23:00,93335.0627
4/24/2024 0:00,95066.9724
4/24/2024 1:00,92671.86072
4/24/2024 2:00,87241.38852
4/24/2024 3:00,81901.73098
4/24/2024 4:00,78287.88446
4/24/2024 5:00,76109.10902
4/24/2024 6:00,74803.4405
4/24/2024 7:00,74768.29002
4/24/2024 8:00,75984.36362
4/24/2024 9:00,80312.75179
4/24/2024 10:00,87319.22965
4/24/2024 11:00,91938.8013
4/24/2024 12:00,93143.12112
4/24/2024 13:00,92338.31924
4/24/2024 14:00,91745.63998
4/24/2024 15:00,90716.1855
4/24/2024 16:00,90368.67253
4/24/2024 17:00,90389.07534
4/24/2024 18:00,90074.38428
4/24/2024 19:00,89633.39543
4/24/2024 20:00,90456.4933
4/24/2024 21:00,91859.74044
4/24/2024 22:00,92706.45677
4/24/2024 23:00,93735.80037
4/25/2024 0:00,95450.85557
4/25/2024 1:00,93595.75287
4/25/2024 2:00,88628.00294
4/25/2024 3:00,83782.44807
4/25/2024 4:00,79867.43844
4/25/2024 5:00,77583.43332
4/25/2024 6:00,76776.96817
4/25/2024 7:00,76761.66607
4/25/2024 8:00,78440.68371
4/25/2024 9:00,83411.53841
4/25/2024 10:00,90546.1991
4/25/2024 11:00,94861.61375
4/25/2024 12:00,94843.09598
4/25/2024 13:00,93050.97585
4/25/2024 14:00,91501.91519
4/25/2024 15:00,89525.28275
4/25/2024 16:00,88327.39425
4/25/2024 17:00,87794.70367
4/25/2024 18:00,87178.96038
4/25/2024 19:00,87042.57207
4/25/2024 20:00,87845.82156
4/25/2024 21:00,88998.69083
4/25/2024 22:00,90178.72687
4/25/2024 23:00,91719.2494
4/26/2024 0:00,93918.64941
4/26/2024 1:00,92783.96525
4/26/2024 2:00,88373.41144
4/26/2024 3:00,83877.58723
4/26/2024 4:00,80625.89047
4/26/2024 5:00,78904.40395
4/26/2024 6:00,78333.01457
4/26/2024 7:00,78445.67353
4/26/2024 8:00,80379.8371
4/26/2024 9:00,85086.67509
4/26/2024 10:00,91856.74655
4/26/2024 11:00,94992.01427
4/26/2024 12:00,93836.37288
4/26/2024 13:00,91736.99097
4/26/2024 14:00,89992.10775
4/26/2024 15:00,88332.05141
4/26/2024 16:00,87250.92461
4/26/2024 17:00,86909.95385
4/26/2024 18:00,86431.37506
4/26/2024 19:00,86385.57963
4/26/2024 20:00,87546.32172
4/26/2024 21:00,88887.14072
4/26/2024 22:00,89240.19792
4/26/2024 23:00,89654.46354
4/27/2024 0:00,91212.61675
4/27/2024 1:00,89763.57418
4/27/2024 2:00,85818.07123
4/27/2024 3:00,81480.59051
4/27/2024 4:00,77654.3996
4/27/2024 5:00,75291.22274
4/27/2024 6:00,73684.61287
4/27/2024 7:00,73010.21152
4/27/2024 8:00,73369.47827
4/27/2024 9:00,74929.62741
4/27/2024 10:00,77129.24918
4/27/2024 11:00,79316.23009
4/27/2024 12:00,81929.78483
4/27/2024 13:00,83733.99141
4/27/2024 14:00,85037.33135
4/27/2024 15:00,85571.57432
4/27/2024 16:00,85986.17258
4/27/2024 17:00,86208.38572
4/27/2024 18:00,86357.30401
4/27/2024 19:00,87085.37361
4/27/2024 20:00,87898.38096
4/27/2024 21:00,88836.13371
4/27/2024 22:00,89642.82063
4/27/2024 23:00,90087.24691
4/28/2024 0:00,90838.82409
4/28/2024 1:00,89471.94716
4/28/2024 2:00,85573.45936
4/28/2024 3:00,81241.19022
4/28/2024 4:00,77473.99003
4/28/2024 5:00,74837.48214
4/28/2024 6:00,72990.14137
4/28/2024 7:00,71763.6446
4/28/2024 8:00,71505.61567
4/28/2024 9:00,72265.62009
4/28/2024 10:00,73356.50475
4/28/2024 11:00,74894.58781
4/28/2024 12:00,77216.18287
4/28/2024 13:00,79072.61619
4/28/2024 14:00,79955.14831
4/28/2024 15:00,81013.21107
4/28/2024 16:00,82644.2156
4/28/2024 17:00,84464.94401
4/28/2024 18:00,86846.41686
4/28/2024 19:00,89901.2931
4/28/2024 20:00,93787.02915
4/28/2024 21:00,97648.25965
4/28/2024 22:00,99637.75474
4/28/2024 23:00,100347.3066
4/29/2024 0:00,100803.3758
4/29/2024 1:00,98474.12964
4/29/2024 2:00,92649.01845
4/29/2024 3:00,86325.92361
4/29/2024 4:00,81075.19568
4/29/2024 5:00,77622.243
4/29/2024 6:00,75134.43163
4/29/2024 7:00,74223.29123
4/29/2024 8:00,75035.74416
4/29/2024 9:00,78608.00888
4/29/2024 10:00,85110.40443
4/29/2024 11:00,89971.70495
4/29/2024 12:00,92925.01071
4/29/2024 13:00,95571.38735
4/29/2024 14:00,98770.41383
4/29/2024 15:00,102322.1649
4/29/2024 16:00,105924.4794
4/29/2024 17:00,109175.3999
4/29/2024 18:00,111377.6829
4/29/2024 19:00,113977.3771
4/29/2024 20:00,116620.6489
4/29/2024 21:00,118149.1959
4/29/2024 22:00,117942.0631
4/29/2024 23:00,115940.5925
4/30/2024 0:00,113863.9419
4/30/2024 1:00,109216.2055
4/30/2024 2:00,101126.7158
4/30/2024 3:00,92845.39543
4/30/2024 4:00,86477.17048
4/30/2024 5:00,82193.69065
4/30/2024 6:00,79361.36021
4/30/2024 7:00,77811.9669
4/30/2024 8:00,77673.47178
4/30/2024 9:00,80683.43968
4/30/2024 10:00,86657.80182
4/30/2024 11:00,90979.31513
4/30/2024 12:00,93035.89551
4/30/2024 13:00,94388.02476
4/30/2024 14:00,96050.07703
4/30/2024 15:00,97732.19945
4/30/2024 16:00,99642.30101
4/30/2024 17:00,101947.596
4/30/2024 18:00,103891.1848
4/30/2024 19:00,105361.6281
4/30/2024 20:00,107530.6457
4/30/2024 21:00,108975.0311
4/30/2024 22:00,108428.369
4/30/2024 23:00,107228.4846
5/1/2024 0:00,106157.6701
5/1/2024 1:00,102445.5796
5/1/2024 2:00,95561.18595
5/1/2024 3:00,88589.30415
5/1/2024 4:00,82830.39118
5/1/2024 5:00,79297.71233
5/1/2024 6:00,77091.2157
5/1/2024 7:00,76170.42832
5/1/2024 8:00,76666.30514
5/1/2024 9:00,79830.29203
5/1/2024 10:00,85852.00198
5/1/2024 11:00,90538.8807
5/1/2024 12:00,92824.32732
5/1/2024 13:00,94071.44866
5/1/2024 14:00,95837.2891
5/1/2024 15:00,97756.70499
5/1/2024 16:00,100295.9669
5/1/2024 17:00,102862.95
5/1/2024 18:00,104975.6381
5/1/2024 19:00,107798.0998
5/1/2024 20:00,111031.6115
5/1/2024 21:00,113129.3301
5/1/2024 22:00,113041.3985
5/1/2024 23:00,110969.2942
5/2/2024 0:00,108990.555
5/2/2024 1:00,104999.9219
5/2/2024 2:00,97121.00243
5/2/2024 3:00,89535.8168
5/2/2024 4:00,83410.42956
5/2/2024 5:00,79296.4926
5/2/2024 6:00,76844.05348
5/2/2024 7:00,75568.43474
5/2/2024 8:00,75948.43695
5/2/2024 9:00,79387.41814
5/2/2024 10:00,85274.62482
5/2/2024 11:00,90024.15346
5/2/2024 12:00,92785.40675
5/2/2024 13:00,94655.25713
5/2/2024 14:00,96957.55824
5/2/2024 15:00,99765.7158
5/2/2024 16:00,103307.0437
5/2/2024 17:00,107569.4554
5/2/2024 18:00,111644.9153
5/2/2024 19:00,115320.7464
5/2/2024 20:00,118992.9183
5/2/2024 21:00,121207.3987
5/2/2024 22:00,121008.804
5/2/2024 23:00,118084.8827
5/3/2024 0:00,115024.0187
5/3/2024 1:00,110129.8963
5/3/2024 2:00,102006.6976
5/3/2024 3:00,93442.17742
5/3/2024 4:00,86960.29555
5/3/2024 5:00,82454.26993
5/3/2024 6:00,79475.90421
5/3/2024 7:00,77667.37312
5/3/2024 8:00,77772.04837
5/3/2024 9:00,80665.14369
5/3/2024 10:00,85781.25747
5/3/2024 11:00,89769.45108
5/3/2024 12:00,92547.11532
5/3/2024 13:00,94500.35107
5/3/2024 14:00,96109.06775
5/3/2024 15:00,97519.41152
5/3/2024 16:00,98699.8911
5/3/2024 17:00,100021.8597
5/3/2024 18:00,100320.2507
5/3/2024 19:00,100183.7515
5/3/2024 20:00,100795.9465
5/3/2024 21:00,100525.6093
5/3/2024 22:00,98920.99539
5/3/2024 23:00,96777.14867
5/4/2024 0:00,96263.64116
5/4/2024 1:00,93614.71417
5/4/2024 2:00,88631.66214
5/4/2024 3:00,83251.75342
5/4/2024 4:00,78747.94549
5/4/2024 5:00,75611.7907
5/4/2024 6:00,73526.49115
5/4/2024 7:00,72136.55018
5/4/2024 8:00,72025.88715
5/4/2024 9:00,72863.40004
5/4/2024 10:00,74687.34412
5/4/2024 11:00,77007.05413
5/4/2024 12:00,80750.4141
5/4/2024 13:00,83511.77827
5/4/2024 14:00,85611.38196
5/4/2024 15:00,86824.90521
5/4/2024 16:00,87530.24342
5/4/2024 17:00,87916.56607
5/4/2024 18:00,88379.73188
5/4/2024 19:00,89086.95513
5/4/2024 20:00,90296.93007
5/4/2024 21:00,91333.59206
5/4/2024 22:00,91487.94371
5/4/2024 23:00,91007.92341
5/5/2024 0:00,90967.78311
5/5/2024 1:00,89134.08117
5/5/2024 2:00,85690.55371
5/5/2024 3:00,80934.59375
5/5/2024 4:00,77219.17676
5/5/2024 5:00,74383.18711
5/5/2024 6:00,72504.57683
5/5/2024 7:00,71268.3222
5/5/2024 8:00,71074.16291
5/5/2024 9:00,71421.4541
5/5/2024 10:00,72739.09818
5/5/2024 11:00,74984.84804
5/5/2024 12:00,78696.27318
5/5/2024 13:00,82081.14258
5/5/2024 14:00,84243.39618
5/5/2024 15:00,85897.7974
5/5/2024 16:00,87327.43512
5/5/2024 17:00,88375.07472
5/5/2024 18:00,89345.4276
5/5/2024 19:00,90507.5003
5/5/2024 20:00,92481.5824
5/5/2024 21:00,94097.28482
5/5/2024 22:00,94665.90207
5/5/2024 23:00,94582.29493
5/6/2024 0:00,94598.04058
5/6/2024 1:00,92425.80734
5/6/2024 2:00,87404.27829
5/6/2024 3:00,82124.83119
5/6/2024 4:00,78083.85643
5/6/2024 5:00,75468.084
5/6/2024 6:00,73997.41889
5/6/2024 7:00,73624.95685
5/6/2024 8:00,74788.24929
5/6/2024 9:00,78755.9292
5/6/2024 10:00,85467.12084
5/6/2024 11:00,90197.90994
5/6/2024 12:00,92646.02456
5/6/2024 13:00,94250.41673
5/6/2024 14:00,95396.52202
5/6/2024 15:00,96536.8613
5/6/2024 16:00,97595.47849
5/6/2024 17:00,98800.02007
5/6/2024 18:00,99339.25285
5/6/2024 19:00,100146.716
5/6/2024 20:00,101399.1598
5/6/2024 21:00,102320.5016
5/6/2024 22:00,102399.6733
5/6/2024 23:00,101614.1654
5/7/2024 0:00,101852.346
5/7/2024 1:00,99083.10897
5/7/2024 2:00,93055.18947
5/7/2024 3:00,86923.26003
5/7/2024 4:00,81660.55654
5/7/2024 5:00,78424.49453
5/7/2024 6:00,76416.25992
5/7/2024 7:00,75917.27832
5/7/2024 8:00,76812.22954
5/7/2024 9:00,80258.86178
5/7/2024 10:00,86342.99987
5/7/2024 11:00,91007.92341
5/7/2024 12:00,93295.25506
5/7/2024 13:00,94749.06567
5/7/2024 14:00,96331.83531
5/7/2024 15:00,98419.57432
5/7/2024 16:00,100682.5113
5/7/2024 17:00,103437.3333
5/7/2024 18:00,105469.6299
5/7/2024 19:00,106952.6032
5/7/2024 20:00,108982.5713
5/7/2024 21:00,110770.4778
5/7/2024 22:00,110893.3381
5/7/2024 23:00,109717.1831
5/8/2024 0:00,108980.1318
5/8/2024 1:00,105679.4239
5/8/2024 2:00,98681.15157
5/8/2024 3:00,91521.65268
5/8/2024 4:00,85717.05517
5/8/2024 5:00,82066.83844
5/8/2024 6:00,79807.56064
5/8/2024 7:00,78336.67377
5/8/2024 8:00,78944.98778
5/8/2024 9:00,82441.07464
5/8/2024 10:00,88491.06022
5/8/2024 11:00,93369.10434
5/8/2024 12:00,96680.568
5/8/2024 13:00,98926.09609
5/8/2024 14:00,101959.4607
5/8/2024 15:00,105399.5507
5/8/2024 16:00,108698.5953
5/8/2024 17:00,111974.1323
5/8/2024 18:00,114839.5064
5/8/2024 19:00,117556.5166
5/8/2024 20:00,120142.1284
5/8/2024 21:00,121115.0316
5/8/2024 22:00,119389.5533
5/8/2024 23:00,116247.5216
5/9/2024 0:00,114127.2933
5/9/2024 1:00,109816.6467
5/9/2024 2:00,101766.5211
5/9/2024 3:00,93661.28579
5/9/2024 4:00,87154.67661
5/9/2024 5:00,82676.48307
5/9/2024 6:00,79791.815
5/9/2024 7:00,77899.455
5/9/2024 8:00,78057.13319
5/9/2024 9:00,81185.08251
5/9/2024 10:00,86937.3424
5/9/2024 11:00,91435.05166
5/9/2024 12:00,94355.31375
5/9/2024 13:00,95467.48829
5/9/2024 14:00,96612.59562
5/9/2024 15:00,97457.31603
5/9/2024 16:00,98395.73409
5/9/2024 17:00,99816.05749
5/9/2024 18:00,100214.6884
5/9/2024 19:00,100104.6906
5/9/2024 20:00,101152.3302
5/9/2024 21:00,101860.8841
5/9/2024 22:00,101042.5543
5/9/2024 23:00,100133.9642
5/10/2024 0:00,99549.37955
5/10/2024 1:00,96956.78204
5/10/2024 2:00,90912.67336
5/10/2024 3:00,84961.59703
5/10/2024 4:00,80291.5728
5/10/2024 5:00,77193.89502
5/10/2024 6:00,75266.60631
5/10/2024 7:00,74192.68703
5/10/2024 8:00,75217.04081
5/10/2024 9:00,78344.76836
5/10/2024 10:00,84033.26949
5/10/2024 11:00,88752.74834
5/10/2024 12:00,91322.61447
5/10/2024 13:00,92603.44479
5/10/2024 14:00,93200.00502
5/10/2024 15:00,93834.70961
5/10/2024 16:00,94000.14973
5/10/2024 17:00,93987.84152
5/10/2024 18:00,93387.73298
5/10/2024 19:00,92627.28503
5/10/2024 20:00,92458.85101
5/10/2024 21:00,92204.48128
5/10/2024 22:00,91392.58278
5/10/2024 23:00,91133.00146
5/11/2024 0:00,91440.04147
5/11/2024 1:00,90484.8798
5/11/2024 2:00,86424.38931
5/11/2024 3:00,81655.45584
5/11/2024 4:00,77889.47537
5/11/2024 5:00,75131.88128
5/11/2024 6:00,73278.22008
5/11/2024 7:00,72406.00024
5/11/2024 8:00,72723.24166
5/11/2024 9:00,73984.44537
5/11/2024 10:00,75527.62913
5/11/2024 11:00,77425.42248
5/11/2024 12:00,78997.21452
5/11/2024 13:00,79806.56268
5/11/2024 14:00,80457.1238
5/11/2024 15:00,80473.75652
5/11/2024 16:00,80474.86537
5/11/2024 17:00,80353.11386
5/11/2024 18:00,80323.6185
5/11/2024 19:00,80620.12446
5/11/2024 20:00,81815.57349
5/11/2024 21:00,83252.86226
5/11/2024 22:00,84086.27242
5/11/2024 23:00,84669.3047
5/12/2024 0:00,85694.43468
5/12/2024 1:00,84979.22772
5/12/2024 2:00,82076.26365
5/12/2024 3:00,78243.53054
5/12/2024 4:00,75018.6679
5/12/2024 5:00,72558.24507
5/12/2024 6:00,71047.32879
5/12/2024 7:00,70342.43412
5/12/2024 8:00,70303.73532
5/12/2024 9:00,71318.22036
5/12/2024 10:00,72533.85042
5/12/2024 11:00,74592.75938
5/12/2024 12:00,77241.35372
5/12/2024 13:00,79282.18846
5/12/2024 14:00,80415.98554
5/12/2024 15:00,80710.82822
5/12/2024 16:00,80831.24912
5/12/2024 17:00,80739.4365
5/12/2024 18:00,80901.88273
5/12/2024 19:00,81901.84186
5/12/2024 20:00,83310.41148
5/12/2024 21:00,85845.01623
5/12/2024 22:00,87810.44931
5/12/2024 23:00,89189.74534
5/13/2024 0:00,90586.78294
5/13/2024 1:00,90047.99369
5/13/2024 2:00,85671.59241
5/13/2024 3:00,80779.46592
5/13/2024 4:00,77096.09463
5/13/2024 5:00,74734.9137
5/13/2024 6:00,73450.75683
5/13/2024 7:00,73167.77882
5/13/2024 8:00,74799.44865
5/13/2024 9:00,78697.6038
5/13/2024 10:00,84873.22185
5/13/2024 11:00,88949.45798
5/13/2024 12:00,90543.09432
5/13/2024 13:00,91308.19944
5/13/2024 14:00,92404.07392
5/13/2024 15:00,93341.16137
5/13/2024 16:00,94205.84104
5/13/2024 17:00,95297.50189
5/13/2024 18:00,96885.15046
5/13/2024 19:00,98526.57816
5/13/2024 20:00,100556.3244
5/13/2024 21:00,101902.355
5/13/2024 22:00,102101.3932
5/13/2024 23:00,101359.2413
5/14/2024 0:00,101207.6617
5/14/2024 1:00,98837.27736
5/14/2024 2:00,92534.25268
5/14/2024 3:00,85899.68244
5/14/2024 4:00,80753.96241
5/14/2024 5:00,77513.68679
5/14/2024 6:00,75514.10119
5/14/2024 7:00,74678.47333
5/14/2024 8:00,75610.23831
5/14/2024 9:00,79008.52477
5/14/2024 10:00,84767.10509
5/14/2024 11:00,89245.63128
5/14/2024 12:00,91530.07993
5/14/2024 13:00,92932.32911
5/14/2024 14:00,94240.54798
5/14/2024 15:00,95530.80351
5/14/2024 16:00,96621.68818
5/14/2024 17:00,97500.00668
5/14/2024 18:00,97603.4622
5/14/2024 19:00,97702.59321
5/14/2024 20:00,98136.48543
5/14/2024 21:00,98841.04745
5/14/2024 22:00,98531.45709
5/14/2024 23:00,97910.72398
5/15/2024 0:00,97934.67509
5/15/2024 1:00,95798.92296
5/15/2024 2:00,90404.71009
5/15/2024 3:00,84678.61902
5/15/2024 4:00,80386.3793
5/15/2024 5:00,77352.68206
5/15/2024 6:00,75566.88235
5/15/2024 7:00,74798.22892
5/15/2024 8:00,75758.04775
5/15/2024 9:00,79447.29593
5/15/2024 10:00,85603.62002
5/15/2024 11:00,90597.76053
5/15/2024 12:00,93101.98285
5/15/2024 13:00,94325.59662
5/15/2024 14:00,95191.93956
5/15/2024 15:00,95462.83113
5/15/2024 16:00,95598.55413
5/15/2024 17:00,96117.16234
5/15/2024 18:00,96659.49989
5/15/2024 19:00,97189.75101
5/15/2024 20:00,98010.96384
5/15/2024 21:00,99032.21284
5/15/2024 22:00,98766.20021
5/15/2024 23:00,98280.30301
5/16/2024 0:00,98238.49944
5/16/2024 1:00,96396.59203
5/16/2024 2:00,90794.80282
5/16/2024 3:00,84776.5303
5/16/2024 4:00,80148.30963
5/16/2024 5:00,77168.28063
5/16/2024 6:00,75535.1693
5/16/2024 7:00,74493.07395
5/16/2024 8:00,75345.11275
5/16/2024 9:00,78837.20776
5/16/2024 10:00,84546.44434
5/16/2024 11:00,88946.3532
5/16/2024 12:00,91133.55588
5/16/2024 13:00,92610.65231
5/16/2024 14:00,94636.85026
5/16/2024 15:00,96438.72826
5/16/2024 16:00,98397.17559
5/16/2024 17:00,100639.8207
5/16/2024 18:00,101936.8402
5/16/2024 19:00,102833.122
5/16/2024 20:00,104556.05
5/16/2024 21:00,105704.5948
5/16/2024 22:00,105383.1398
5/16/2024 23:00,104234.2624
5/17/2024 0:00,103569.2862
5/17/2024 1:00,101363.5658
5/17/2024 2:00,95020.51166
5/17/2024 3:00,88164.28271
5/17/2024 4:00,82903.9078
5/17/2024 5:00,79218.31882
5/17/2024 6:00,77197.44334
5/17/2024 7:00,76017.29641
5/17/2024 8:00,76785.61719
5/17/2024 9:00,79728.72155
5/17/2024 10:00,85288.81808
5/17/2024 11:00,90217.2039
5/17/2024 12:00,92920.13178
5/17/2024 13:00,94767.1399
5/17/2024 14:00,96250.77852
5/17/2024 15:00,96972.4168
5/17/2024 16:00,97307.73243
5/17/2024 17:00,98086.91992
5/17/2024 18:00,98610.73972
5/17/2024 19:00,98776.29072
5/17/2024 20:00,99712.15844
5/17/2024 21:00,99832.57933
5/17/2024 22:00,99030.66046
5/17/2024 23:00,97650.03381
5/18/2024 0:00,97373.37624
5/18/2024 1:00,95659.65165
5/18/2024 2:00,91212.72763
5/18/2024 3:00,85637.21812
5/18/2024 4:00,80944.90604
5/18/2024 5:00,77512.68882
5/18/2024 6:00,75320.05279
5/18/2024 7:00,73956.72417
5/18/2024 8:00,73454.74868
5/18/2024 9:00,74338.83319
5/18/2024 10:00,75642.06225
5/18/2024 11:00,78596.03332
5/18/2024 12:00,82670.27352
5/18/2024 13:00,85990.16444
5/18/2024 14:00,88757.62728
5/18/2024 15:00,91271.82923
5/18/2024 16:00,93215.63977
5/18/2024 17:00,94339.78988
5/18/2024 18:00,95404.94927
5/18/2024 19:00,96849.99998
5/18/2024 20:00,98491.9821
5/18/2024 21:00,99714.5979
5/18/2024 22:00,100031.8393
5/18/2024 23:00,98973.66567
5/19/2024 0:00,97790.30308
5/19/2024 1:00,95902.48936
5/19/2024 2:00,91463.43816
5/19/2024 3:00,86325.81273
5/19/2024 4:00,81585.59841
5/19/2024 5:00,78038.8372
5/19/2024 6:00,75111.14582
5/19/2024 7:00,73497.77198
5/19/2024 8:00,72707.05248
5/19/2024 9:00,73076.07709
5/19/2024 10:00,73450.2024
5/19/2024 11:00,75672.22291
5/19/2024 12:00,80045.63031
5/19/2024 13:00,83667.6823
5/19/2024 14:00,86906.07288
5/19/2024 15:00,89909.60946
5/19/2024 16:00,92610.09788
5/19/2024 17:00,95155.68024
5/19/2024 18:00,97632.18136
5/19/2024 19:00,100059.2279
5/19/2024 20:00,103234.525
5/19/2024 21:00,106499.1953
5/19/2024 22:00,107795.2168
5/19/2024 23:00,107100.5235
5/20/2024 0:00,105310.3993
5/20/2024 1:00,102454.6722
5/20/2024 2:00,95756.78674
5/20/2024 3:00,88821.38604
5/20/2024 4:00,82729.70778
5/20/2024 5:00,78939.7762
5/20/2024 6:00,76386.09925
5/20/2024 7:00,75315.6174
5/20/2024 8:00,76023.28419
5/20/2024 9:00,79658.3097
5/20/2024 10:00,85363.66532
5/20/2024 11:00,90719.62293
5/20/2024 12:00,94430.60453
5/20/2024 13:00,97544.3606
5/20/2024 14:00,100695.1522
5/20/2024 15:00,104156.4212
5/20/2024 16:00,107291.0236
5/20/2024 17:00,110866.9475
5/20/2024 18:00,113919.2734
5/20/2024 19:00,117179.7301
5/20/2024 20:00,120677.1476
5/20/2024 21:00,122850.8223
5/20/2024 22:00,122676.0679
5/20/2024 23:00,120304.9073
5/21/2024 0:00,117206.4533
5/21/2024 1:00,112984.9581
5/21/2024 2:00,104682.5696
5/21/2024 3:00,96073.58461
5/21/2024 4:00,89401.64619
5/21/2024 5:00,84719.6464
5/21/2024 6:00,81664.99193
5/21/2024 7:00,80013.25195
5/21/2024 8:00,80142.21097
5/21/2024 9:00,83134.76995
5/21/2024 10:00,88440.16409
5/21/2024 11:00,93824.39733
5/21/2024 12:00,97620.64934
5/21/2024 13:00,100793.9505
5/21/2024 14:00,105474.8415
5/21/2024 15:00,110805.85
5/21/2024 16:00,115862.3078
5/21/2024 17:00,120608.2881
5/21/2024 18:00,124636.0676
5/21/2024 19:00,128313.3402
5/21/2024 20:00,132066.6798
5/21/2024 21:00,134618.2499
5/21/2024 22:00,134355.3421
5/21/2024 23:00,131173.6136
5/22/2024 0:00,127012.5506
5/22/2024 1:00,122855.923
5/22/2024 2:00,113868.5991
5/22/2024 3:00,104671.8138
5/22/2024 4:00,97016.32718
5/22/2024 5:00,91682.21388
5/22/2024 6:00,87810.44931
5/22/2024 7:00,85301.56983
5/22/2024 8:00,84913.14037
5/22/2024 9:00,87249.26134
5/22/2024 10:00,92471.71365
5/22/2024 11:00,98110.53839
5/22/2024 12:00,102398.2318
5/22/2024 13:00,105031.3023
5/22/2024 14:00,108999.6475
5/22/2024 15:00,113781.111
5/22/2024 16:00,117809.334
5/22/2024 17:00,122321.2365
5/22/2024 18:00,126156.52
5/22/2024 19:00,129789.9931
5/22/2024 20:00,132490.1489
5/22/2024 21:00,133793.0453
5/22/2024 22:00,132405.5438
5/22/2024 23:00,128894.0439
5/23/2024 0:00,125294.3906
5/23/2024 1:00,120812.7597
5/23/2024 2:00,112058.8483
5/23/2024 3:00,102982.2621
5/23/2024 4:00,95615.5195
5/23/2024 5:00,90508.2765
5/23/2024 6:00,86941.99956
5/23/2024 7:00,84747.03494
5/23/2024 8:00,84584.58871
5/23/2024 9:00,87204.353
5/23/2024 10:00,92319.91236
5/23/2024 11:00,98131.6065
5/23/2024 12:00,102341.7915
5/23/2024 13:00,105452.6645
5/23/2024 14:00,107515.898
5/23/2024 15:00,109971.9963
5/23/2024 16:00,113086.085
5/23/2024 17:00,116498.7865
5/23/2024 18:00,118951.7801
5/23/2024 19:00,122001.8883
5/23/2024 20:00,125244.7143
5/23/2024 21:00,126580.987
5/23/2024 22:00,125236.0652
5/23/2024 23:00,122065.3144
5/24/2024 0:00,118767.3787
5/24/2024 1:00,114781.0701
5/24/2024 2:00,107058.0547
5/24/2024 3:00,98754.88996
5/24/2024 4:00,92077.29642
5/24/2024 5:00,87273.87777
5/24/2024 6:00,84106.45345
5/24/2024 7:00,82152.99593
5/24/2024 8:00,81963.82646
5/24/2024 9:00,84505.41696
5/24/2024 10:00,89258.38303
5/24/2024 11:00,94736.42481
5/24/2024 12:00,99550.93194
5/24/2024 13:00,103546.9984
5/24/2024 14:00,107583.8704
5/24/2024 15:00,111157.0222
5/24/2024 16:00,114236.8475
5/24/2024 17:00,117217.9854
5/24/2024 18:00,119972.142
5/24/2024 19:00,122632.1575
5/24/2024 20:00,125480.1227
5/24/2024 21:00,126397.2509
5/24/2024 22:00,124677.095
5/24/2024 23:00,120458.4827
5/25/2024 0:00,115428.97
5/25/2024 1:00,111244.9538
5/25/2024 2:00,104030.7887
5/25/2024 3:00,96238.58119
5/25/2024 4:00,89606.33953
5/25/2024 5:00,84740.93628
5/25/2024 6:00,81454.64346
5/25/2024 7:00,79251.36249
5/25/2024 8:00,78005.79353
5/25/2024 9:00,77841.90579
5/25/2024 10:00,78209.37802
5/25/2024 11:00,81380.12888
5/25/2024 12:00,86521.41351
5/25/2024 13:00,92038.59762
5/25/2024 14:00,97205.27488
5/25/2024 15:00,102034.197
5/25/2024 16:00,106047.8941
5/25/2024 17:00,109639.6746
5/25/2024 18:00,112393.3877
5/25/2024 19:00,115105.1864
5/25/2024 20:00,117560.3976
5/25/2024 21:00,118705.0614
5/25/2024 22:00,117477.1231
5/25/2024 23:00,114195.4875
5/26/2024 0:00,110225.5899
5/26/2024 1:00,106417.4732
5/26/2024 2:00,100617.7546
5/26/2024 3:00,93912.77251
5/26/2024 4:00,88015.36442
5/26/2024 5:00,83271.71268
5/26/2024 6:00,80127.90683
5/26/2024 7:00,77865.85691
5/26/2024 8:00,76603.21169
5/26/2024 9:00,76270.33552
5/26/2024 10:00,76196.15359
5/26/2024 11:00,78903.07333
5/26/2024 12:00,84202.70146
5/26/2024 13:00,90259.34012
5/26/2024 14:00,95895.94716
5/26/2024 15:00,101448.8362
5/26/2024 16:00,106403.7235
5/26/2024 17:00,109812.1004
5/26/2024 18:00,112034.0101
5/26/2024 19:00,113588.3932
5/26/2024 20:00,114365.9174
5/26/2024 21:00,114464.6049
5/26/2024 22:00,112539.0903
5/26/2024 23:00,109262.4445
5/27/2024 0:00,106470.0326
5/27/2024 1:00,103836.4077
5/27/2024 2:00,98590.66957
5/27/2024 3:00,92189.62272
5/27/2024 4:00,86599.91995
5/27/2024 5:00,82560.71934
5/27/2024 6:00,79678.93428
5/27/2024 7:00,78104.70277
5/27/2024 8:00,77756.74627
5/27/2024 9:00,77985.05807
5/27/2024 10:00,78659.79208
5/27/2024 11:00,80710.49557
5/27/2024 12:00,84983.33045
5/27/2024 13:00,89655.68327
5/27/2024 14:00,94343.67084
5/27/2024 15:00,97896.41984
5/27/2024 16:00,100194.1747
5/27/2024 17:00,101743.7897
5/27/2024 18:00,102627.8743
5/27/2024 19:00,103950.2864
5/27/2024 20:00,106478.0163
5/27/2024 21:00,108505.1013
5/27/2024 22:00,107946.9072
5/27/2024 23:00,106456.172
5/28/2024 0:00,104195.3418
5/28/2024 1:00,101562.3822
5/28/2024 2:00,95406.27988
5/28/2024 3:00,88653.50645
5/28/2024 4:00,83291.11752
5/28/2024 5:00,79415.80464
5/28/2024 6:00,77216.07198
5/28/2024 7:00,76115.65123
5/28/2024 8:00,76762.10961
5/28/2024 9:00,79907.46785
5/28/2024 10:00,85315.20866
5/28/2024 11:00,91169.26079
5/28/2024 12:00,94906.07855
5/28/2024 13:00,97642.71541
5/28/2024 14:00,100666.9874
5/28/2024 15:00,103594.6788
5/28/2024 16:00,106649.4442
5/28/2024 17:00,109684.5829
5/28/2024 18:00,111520.3917
5/28/2024 19:00,113316.0601
5/28/2024 20:00,115009.9363
5/28/2024 21:00,115642.7559
5/28/2024 22:00,114319.7893
5/28/2024 23:00,111855.5964
5/29/2024 0:00,108280.2269
5/29/2024 1:00,104936.8284
5/29/2024 2:00,97911.61105
5/29/2024 3:00,90608.62724
5/29/2024 4:00,84720.53348
5/29/2024 5:00,80742.31951
5/29/2024 6:00,78018.54528
5/29/2024 7:00,76689.03653
5/29/2024 8:00,77061.49857
5/29/2024 9:00,79885.51266
5/29/2024 10:00,84930.10575
5/29/2024 11:00,89862.15077
5/29/2024 12:00,92682.173
5/29/2024 13:00,94611.45764
5/29/2024 14:00,96907.54919
5/29/2024 15:00,99444.37164
5/29/2024 16:00,101649.0941
5/29/2024 17:00,103270.8952
5/29/2024 18:00,103847.2744
5/29/2024 19:00,104283.1625
5/29/2024 20:00,105325.5906
5/29/2024 21:00,105676.8736
5/29/2024 22:00,104398.261
5/29/2024 23:00,102577.9761
5/30/2024 0:00,100864.0297
5/30/2024 1:00,98496.63926
5/30/2024 2:00,92904.82968
5/30/2024 3:00,86656.02766
5/30/2024 4:00,81695.92879
5/30/2024 5:00,78438.5769
5/30/2024 6:00,76442.87227
5/30/2024 7:00,75510.55287
5/30/2024 8:00,75988.13371
5/30/2024 9:00,78891.6522
5/30/2024 10:00,83528.07834
5/30/2024 11:00,87754.89603
5/30/2024 12:00,89897.07948
5/30/2024 13:00,91117.3667
5/30/2024 14:00,92202.1527
5/30/2024 15:00,92910.15215
5/30/2024 16:00,94112.14338
5/30/2024 17:00,95421.36022
5/30/2024 18:00,96791.4528
5/30/2024 19:00,98610.07441
5/30/2024 20:00,101225.9577
5/30/2024 21:00,102489.6009
5/30/2024 22:00,102477.958
5/30/2024 23:00,101496.0731
5/31/2024 0:00,99635.75881
5/31/2024 1:00,97730.09264
5/31/2024 2:00,91942.23873
5/31/2024 3:00,85500.27539
5/31/2024 4:00,80274.94008
5/31/2024 5:00,76844.27525
5/31/2024 6:00,74924.97024
5/31/2024 7:00,74041.32927
5/31/2024 8:00,74677.36449
5/31/2024 9:00,77448.70829
5/31/2024 10:00,81957.94957
5/31/2024 11:00,85923.07913
5/31/2024 12:00,88352.12156
5/31/2024 13:00,89718.33318
5/31/2024 14:00,91025.66497
5/31/2024 15:00,92114.11017
5/31/2024 16:00,93127.70813
5/31/2024 17:00,94321.49388
5/31/2024 18:00,96032.55723
5/31/2024 19:00,98341.84408
5/31/2024 20:00,101700.9882
5/31/2024 21:00,104076.9168
5/31/2024 22:00,104455.8102
5/31/2024 23:00,102577.9761
6/1/2024 0:00,99469.43161
6/1/2024 1:00,96805.3134
6/1/2024 2:00,91335.25534
6/1/2024 3:00,85227.60967
6/1/2024 4:00,79887.50858
6/1/2024 5:00,76225.53806
6/1/2024 6:00,73686.71968
6/1/2024 7:00,72434.49764
6/1/2024 8:00,71877.4124
6/1/2024 9:00,72188.55515
6/1/2024 10:00,73212.57628
6/1/2024 11:00,75612.01247
6/1/2024 12:00,78687.51328
6/1/2024 13:00,81633.94418
6/1/2024 14:00,84247.94246
6/1/2024 15:00,86876.24487
6/1/2024 16:00,89340.99221
6/1/2024 17:00,91908.52975
6/1/2024 18:00,94848.19668
6/1/2024 19:00,98363.91015
6/1/2024 20:00,101844.9167
6/1/2024 21:00,104020.5873
6/1/2024 22:00,104095.1019
6/1/2024 23:00,101823.2941
6/2/2024 0:00,99107.06008
6/2/2024 1:00,97032.62724
6/2/2024 2:00,92211.91056
6/2/2024 3:00,86391.01299
6/2/2024 4:00,81408.07185
6/2/2024 5:00,77517.12421
6/2/2024 6:00,74628.3534
6/2/2024 7:00,73252.71658
6/2/2024 8:00,72633.31408
6/2/2024 9:00,72421.08058
6/2/2024 10:00,72801.63721
6/2/2024 11:00,75000.26102
6/2/2024 12:00,78537.48614
6/2/2024 13:00,82042.77644
6/2/2024 14:00,85290.92489
6/2/2024 15:00,88653.8391
6/2/2024 16:00,92107.67885
6/2/2024 17:00,95022.50759
6/2/2024 18:00,97994.99642
6/2/2024 19:00,100356.3991
6/2/2024 20:00,102910.6305
6/2/2024 21:00,105397.4439
6/2/2024 22:00,105968.5006
6/2/2024 23:00,105340.56
6/3/2024 0:00,104795.783
6/3/2024 1:00,102927.7068
6/3/2024 2:00,98069.51101
6/3/2024 3:00,91586.18764
6/3/2024 4:00,86234.44365
6/3/2024 5:00,82591.98886
6/3/2024 6:00,80370.85543
6/3/2024 7:00,79310.68585
6/3/2024 8:00,80067.03108
6/3/2024 9:00,83423.84663
6/3/2024 10:00,88636.3193
6/3/2024 11:00,94581.40786
6/3/2024 12:00,99271.94578
6/3/2024 13:00,103392.6467
6/3/2024 14:00,107670.1388
6/3/2024 15:00,111922.0164
6/3/2024 16:00,116422.8305
6/3/2024 17:00,121360.5306
6/3/2024 18:00,125535.676
6/3/2024 19:00,128885.1731
6/3/2024 20:00,132146.8495
6/3/2024 21:00,134127.8065
6/3/2024 22:00,133213.6722
6/3/2024 23:00,130892.7424
6/4/2024 0:00,126478.1968
6/4/2024 1:00,121873.3728
6/4/2024 2:00,113378.5992
6/4/2024 3:00,104474.6606
6/4/2024 4:00,96840.79654
6/4/2024 5:00,91374.50856
6/4/2024 6:00,87525.36449
6/4/2024 7:00,85157.97401
6/4/2024 8:00,84978.11887
6/4/2024 9:00,87451.07168
6/4/2024 10:00,92448.98227
6/4/2024 11:00,99031.65842
6/4/2024 12:00,104863.2009
6/4/2024 13:00,110320.3964
6/4/2024 14:00,116587.4944
6/4/2024 15:00,122764.9975
6/4/2024 16:00,128350.4866
6/4/2024 17:00,133394.6362
6/4/2024 18:00,136873.3141
6/4/2024 19:00,139398.161
6/4/2024 20:00,141177.0859
6/4/2024 21:00,141067.9752
6/4/2024 22:00,138411.1754
6/4/2024 23:00,133804.2446
6/5/2024 0:00,128688.4635
6/5/2024 1:00,124082.0871
6/5/2024 2:00,115752.5318
6/5/2024 3:00,106909.2473
6/5/2024 4:00,99459.89552
6/5/2024 5:00,93970.87615
6/5/2024 6:00,90331.08259
6/5/2024 7:00,88389.26797
6/5/2024 8:00,88212.18494
6/5/2024 9:00,91064.47465
6/5/2024 10:00,96398.2553
6/5/2024 11:00,102386.6998
6/5/2024 12:00,106727.2853
6/5/2024 13:00,110042.5191
6/5/2024 14:00,113780.2239
6/5/2024 15:00,117367.6798
6/5/2024 16:00,121731.2185
6/5/2024 17:00,125528.2467
6/5/2024 18:00,128186.9315
6/5/2024 19:00,130112.557
6/5/2024 20:00,130847.7232
6/5/2024 21:00,130879.4363
6/5/2024 22:00,128720.1765
6/5/2024 23:00,126202.7589
6/6/2024 0:00,123520.4556
6/6/2024 1:00,119501.2143
6/6/2024 2:00,112595.5307
6/6/2024 3:00,104659.9491
6/6/2024 4:00,98192.26048
6/6/2024 5:00,93612.82913
6/6/2024 6:00,90600.42177
6/6/2024 7:00,88744.65375
6/6/2024 8:00,88807.85809
6/6/2024 9:00,91462.77286
6/6/2024 10:00,96477.75971
6/6/2024 11:00,102617.4511
6/6/2024 12:00,107549.8288
6/6/2024 13:00,111828.2079
6/6/2024 14:00,115994.926
6/6/2024 15:00,120007.736
6/6/2024 16:00,123295.5812
6/6/2024 17:00,126494.0533
6/6/2024 18:00,128954.3652
6/6/2024 19:00,130530.8144
6/6/2024 20:00,131896.0281
6/6/2024 21:00,132564.8852
6/6/2024 22:00,131554.6138
6/6/2024 23:00,128573.2542
6/7/2024 0:00,123713.5061
6/7/2024 1:00,119219.3451
6/7/2024 2:00,111485.0194
6/7/2024 3:00,102911.074
6/7/2024 4:00,95463.60732
6/7/2024 5:00,90103.76875
6/7/2024 6:00,86624.53638
6/7/2024 7:00,84357.0531
6/7/2024 8:00,83787.77054
6/7/2024 9:00,85836.36722
6/7/2024 10:00,90126.7219
6/7/2024 11:00,95718.86413
6/7/2024 12:00,100568.9653
6/7/2024 13:00,104861.9812
6/7/2024 14:00,108487.9142
6/7/2024 15:00,111695.5897
6/7/2024 16:00,114348.065
6/7/2024 17:00,116362.9527
6/7/2024 18:00,118528.6437
6/7/2024 19:00,119988.6638
6/7/2024 20:00,121626.9868
6/7/2024 21:00,122050.6776
6/7/2024 22:00,119765.6745
6/7/2024 23:00,115151.0927
6/8/2024 0:00,110216.0538
6/8/2024 1:00,106432.4426
6/8/2024 2:00,100278.7798
6/8/2024 3:00,93217.6357
6/8/2024 4:00,86537.93535
6/8/2024 5:00,81620.52712
6/8/2024 6:00,78465.41102
6/8/2024 7:00,76522.9311
6/8/2024 8:00,75671.77937
6/8/2024 9:00,75369.72918
6/8/2024 10:00,76289.74036
6/8/2024 11:00,79362.69083
6/8/2024 12:00,83541.16274
6/8/2024 13:00,87576.48239
6/8/2024 14:00,90869.53918
6/8/2024 15:00,93731.9194
6/8/2024 16:00,96449.15143
6/8/2024 17:00,99169.04469
6/8/2024 18:00,102004.4799
6/8/2024 19:00,105006.9076
6/8/2024 20:00,108308.8352
6/8/2024 21:00,110188.3326
6/8/2024 22:00,110170.7019
6/8/2024 23:00,107913.7527
6/9/2024 0:00,104375.5296
6/9/2024 1:00,101799.4539
6/9/2024 2:00,96921.96421
6/9/2024 3:00,91052.60998
6/9/2024 4:00,85309.88619
6/9/2024 5:00,81074.53037
6/9/2024 6:00,78162.58464
6/9/2024 7:00,76238.17893
6/9/2024 8:00,75451.45128
6/9/2024 9:00,75405.87762
6/9/2024 10:00,75615.22812
6/9/2024 11:00,78053.14134
6/9/2024 12:00,82413.57521
6/9/2024 13:00,87131.05814
6/9/2024 14:00,90766.30543
6/9/2024 15:00,93902.34934
6/9/2024 16:00,96702.30143
6/9/2024 17:00,99103.29
6/9/2024 18:00,101571.1421
6/9/2024 19:00,104086.1203
6/9/2024 20:00,106811.8904
6/9/2024 21:00,109626.0358
6/9/2024 22:00,110209.4007
6/9/2024 23:00,108300.2971
6/10/2024 0:00,104792.7891
6/10/2024 1:00,101845.8038
6/10/2024 2:00,96107.9589
6/10/2024 3:00,89190.29976
6/10/2024 4:00,83576.75676
6/10/2024 5:00,79506.06487
6/10/2024 6:00,77204.42908
6/10/2024 7:00,75884.01288
6/10/2024 8:00,76245.16467
6/10/2024 9:00,78924.69587
6/10/2024 10:00,83576.42411
6/10/2024 11:00,88965.75804
6/10/2024 12:00,92646.57898
6/10/2024 13:00,95330.76733
6/10/2024 14:00,97925.58254
6/10/2024 15:00,100064.2177
6/10/2024 16:00,102201.3004
6/10/2024 17:00,104414.7828
6/10/2024 18:00,105957.1904
6/10/2024 19:00,106484.4476
6/10/2024 20:00,107445.7079
6/10/2024 21:00,108423.3792
6/10/2024 22:00,108121.9943
6/10/2024 23:00,106261.0147
6/11/2024 0:00,104064.9413
6/11/2024 1:00,101629.8002
6/11/2024 2:00,95621.17463
6/11/2024 3:00,89014.88001
6/11/2024 4:00,83615.78821
6/11/2024 5:00,79864.88808
6/11/2024 6:00,77547.39576
6/11/2024 7:00,76397.63127
6/11/2024 8:00,76756.67626
6/11/2024 9:00,79620.3871
6/11/2024 10:00,84055.7791
6/11/2024 11:00,88628.00294
6/11/2024 12:00,91541.9446
6/11/2024 13:00,93646.64899
6/11/2024 14:00,95770.2038
6/11/2024 15:00,97615.32687
6/11/2024 16:00,99628.77307
6/11/2024 17:00,102195.0909
6/11/2024 18:00,104000.1845
6/11/2024 19:00,105746.3984
6/11/2024 20:00,107659.8265
6/11/2024 21:00,108920.8084
6/11/2024 22:00,108611.1072
6/11/2024 23:00,107080.7861
6/12/2024 0:00,104650.0804
6/12/2024 1:00,102549.5896
6/12/2024 2:00,96648.18964
6/12/2024 3:00,89822.78666
6/12/2024 4:00,84374.01848
6/12/2024 5:00,80542.39421
6/12/2024 6:00,77951.90352
6/12/2024 7:00,76609.31036
6/12/2024 8:00,77179.03646
6/12/2024 9:00,79846.81386
6/12/2024 10:00,84361.59938
6/12/2024 11:00,89518.96231
6/12/2024 12:00,93098.54543
6/12/2024 13:00,96486.18695
6/12/2024 14:00,100142.2806
6/12/2024 15:00,103615.0816
6/12/2024 16:00,107271.2861
6/12/2024 17:00,111478.8099
6/12/2024 18:00,115455.4715
6/12/2024 19:00,119303.0631
6/12/2024 20:00,123344.4814
6/12/2024 21:00,126343.0282
6/12/2024 22:00,126420.3149
6/12/2024 23:00,124231.2272
6/13/2024 0:00,119789.5147
6/13/2024 1:00,115904.444
6/13/2024 2:00,108420.718
6/13/2024 3:00,99979.83434
6/13/2024 4:00,93020.7043
6/13/2024 5:00,87991.74596
6/13/2024 6:00,84717.20693
6/13/2024 7:00,82683.24705
6/13/2024 8:00,82691.56341
6/13/2024 9:00,84870.00619
6/13/2024 10:00,89233.21218
6/13/2024 11:00,95342.07758
6/13/2024 12:00,100436.6797
6/13/2024 13:00,105234.7759
6/13/2024 14:00,111446.5424
6/13/2024 15:00,118024.3396
6/13/2024 16:00,124298.8669
6/13/2024 17:00,130220.6697
6/13/2024 18:00,135222.5721
6/13/2024 19:00,139100.6571
6/13/2024 20:00,142375.1961
6/13/2024 21:00,143983.9128
6/13/2024 22:00,142762.6276
6/13/2024 23:00,139200.5643
6/14/2024 0:00,133633.2603
6/14/2024 1:00,128465.6959
6/14/2024 2:00,120044.5498
6/14/2024 3:00,110665.6916
6/14/2024 4:00,102362.3052
6/14/2024 5:00,95979.88695
6/14/2024 6:00,91868.94388
6/14/2024 7:00,89035.3937
6/14/2024 8:00,88222.16458
6/14/2024 9:00,89931.78642
6/14/2024 10:00,93854.11445
6/14/2024 11:00,100372.8101
6/14/2024 12:00,107046.3009
6/14/2024 13:00,113055.4808
6/14/2024 14:00,119328.7884
6/14/2024 15:00,125503.852
6/14/2024 16:00,131128.7053
6/14/2024 17:00,135230.7776
6/14/2024 18:00,138141.3927
6/14/2024 19:00,139450.9422
6/14/2024 20:00,139796.4592
6/14/2024 21:00,137716.4821
6/14/2024 22:00,133238.0668
6/14/2024 23:00,127714.5623
6/15/2024 0:00,121867.4959
6/15/2024 1:00,116426.8223
6/15/2024 2:00,109253.5737
6/15/2024 3:00,101202.7828
6/15/2024 4:00,94009.46406
6/15/2024 5:00,88277.38521
6/15/2024 6:00,84279.21197
6/15/2024 7:00,81627.51287
6/15/2024 8:00,80067.25284
6/15/2024 9:00,79660.5274
6/15/2024 10:00,79948.93876
6/15/2024 11:00,83390.69207
6/15/2024 12:00,88413.44086
6/15/2024 13:00,93338.61102
6/15/2024 14:00,97605.79078
6/15/2024 15:00,101425.9939
6/15/2024 16:00,105421.395
6/15/2024 17:00,108582.2771
6/15/2024 18:00,111755.5783
6/15/2024 19:00,115346.6935
6/15/2024 20:00,119372.3661
6/15/2024 21:00,121695.5136
6/15/2024 22:00,121707.2674
6/15/2024 23:00,118809.0713
6/16/2024 0:00,113049.1604
6/16/2024 1:00,108465.1828
6/16/2024 2:00,102051.6059
6/16/2024 3:00,94768.02697
6/16/2024 4:00,88153.74865
6/16/2024 5:00,83224.36487
6/16/2024 6:00,79636.24363
6/16/2024 7:00,77061.94211
6/16/2024 8:00,75876.91625
6/16/2024 9:00,74873.29793
6/16/2024 10:00,75080.54162
6/16/2024 11:00,78054.36107
6/16/2024 12:00,82594.98275
6/16/2024 13:00,87818.21125
6/16/2024 14:00,93311.0007
6/16/2024 15:00,99268.50835
6/16/2024 16:00,105540.5962
6/16/2024 17:00,111416.0491
6/16/2024 18:00,117319.3341
6/16/2024 19:00,123057.1789
6/16/2024 20:00,127620.4211
6/16/2024 21:00,130932.1065
6/16/2024 22:00,130315.3653
6/16/2024 23:00,127247.1829
6/17/2024 0:00,122928.9961
6/17/2024 1:00,119402.1941
6/17/2024 2:00,112718.7237
6/17/2024 3:00,104599.9604
6/17/2024 4:00,97482.48688
6/17/2024 5:00,92819.3375
6/17/2024 6:00,89614.98855
6/17/2024 7:00,87929.98313
6/17/2024 8:00,88130.90639
6/17/2024 9:00,90751.00332
6/17/2024 10:00,95659.09723
6/17/2024 11:00,102967.5144
6/17/2024 12:00,110572.8811
6/17/2024 13:00,117953.0407
6/17/2024 14:00,125952.381
6/17/2024 15:00,133651.778
6/17/2024 16:00,141119.204
6/17/2024 17:00,147055.7544
6/17/2024 18:00,151257.623
6/17/2024 19:00,153490.8429
6/17/2024 20:00,154791.9651
6/17/2024 21:00,155359.8062
6/17/2024 22:00,154586.7174
6/17/2024 23:00,151919.1617
6/18/2024 0:00,146725.5395
6/18/2024 1:00,141077.2895
6/18/2024 2:00,132508.0013
6/18/2024 3:00,122343.9679
6/18/2024 4:00,113684.4194
6/18/2024 5:00,107113.2753
6/18/2024 6:00,102316.0662
6/18/2024 7:00,99289.68735
6/18/2024 8:00,98386.64154
6/18/2024 9:00,100222.0067
6/18/2024 10:00,104463.9048
6/18/2024 11:00,111260.6995
6/18/2024 12:00,118071.7983
6/18/2024 13:00,124972.8247
6/18/2024 14:00,132247.0894
6/18/2024 15:00,139671.8247
6/18/2024 16:00,146987.0058
6/18/2024 17:00,152640.3565
6/18/2024 18:00,156355.4408
6/18/2024 19:00,158592.5417
6/18/2024 20:00,159339.2399
6/18/2024 21:00,159685.0896
6/18/2024 22:00,158410.5797
6/18/2024 23:00,154432.8093
6/19/2024 0:00,148464.7676
6/19/2024 1:00,142717.4975
6/19/2024 2:00,133469.8161
6/19/2024 3:00,122928.109
6/19/2024 4:00,113883.6794
6/19/2024 5:00,107220.7227
6/19/2024 6:00,102359.2004
6/19/2024 7:00,99456.01455
6/19/2024 8:00,98468.36364
6/19/2024 9:00,99626.11183
6/19/2024 10:00,103241.5107
6/19/2024 11:00,109606.8527
6/19/2024 12:00,116613.7741
6/19/2024 13:00,123673.8093
6/19/2024 14:00,131090.7827
6/19/2024 15:00,138328.6771
6/19/2024 16:00,144549.2035
6/19/2024 17:00,149718.542
6/19/2024 18:00,153490.6211
6/19/2024 19:00,155647.3305
6/19/2024 20:00,157752.8111
6/19/2024 21:00,158709.7469
6/19/2024 22:00,157679.738
6/19/2024 23:00,153287.0366
6/20/2024 0:00,146735.9627
6/20/2024 1:00,141127.2986
6/20/2024 2:00,131868.6396
6/20/2024 3:00,121466.7582
6/20/2024 4:00,112635.2275
6/20/2024 5:00,105668.1137
6/20/2024 6:00,100642.4819
6/20/2024 7:00,97136.5263
6/20/2024 8:00,96071.03426
6/20/2024 9:00,97753.15668
6/20/2024 10:00,102102.7238
6/20/2024 11:00,109306.9093
6/20/2024 12:00,116726.2113
6/20/2024 13:00,123443.058
6/20/2024 14:00,131508.5966
6/20/2024 15:00,139133.0355
6/20/2024 16:00,145269.0676
6/20/2024 17:00,150190.9112
6/20/2024 18:00,153922.1848
6/20/2024 19:00,156524.3184
6/20/2024 20:00,157787.4071
6/20/2024 21:00,158189.919
6/20/2024 22:00,156571.888
6/20/2024 23:00,153176.4845
6/21/2024 0:00,146834.9828
6/21/2024 1:00,141176.7532
6/21/2024 2:00,131994.7156
6/21/2024 3:00,121861.2864
6/21/2024 4:00,113159.1581
6/21/2024 5:00,106317.7877
6/21/2024 6:00,101251.683
6/21/2024 7:00,97952.08401
6/21/2024 8:00,96524.10955
6/21/2024 9:00,97917.48795
6/21/2024 10:00,101643.2172
6/21/2024 11:00,108636.6107
6/21/2024 12:00,116801.1694
6/21/2024 13:00,125110.5436
6/21/2024 14:00,134272.4002
6/21/2024 15:00,143185.4314
6/21/2024 16:00,149813.4594
6/21/2024 17:00,154823.3455
6/21/2024 18:00,158525.0128
6/21/2024 19:00,160835.6303
6/21/2024 20:00,163087.0353
6/21/2024 21:00,164038.8704
6/21/2024 22:00,163154.8968
6/21/2024 23:00,159559.1245
6/22/2024 0:00,152977.8898
6/22/2024 1:00,146698.8162
6/22/2024 2:00,137977.8376
6/22/2024 3:00,127917.3706
6/22/2024 4:00,118662.149
6/22/2024 5:00,111180.8624
6/22/2024 6:00,105509.4376
6/22/2024 7:00,101695.2222
6/22/2024 8:00,99119.81184
6/22/2024 9:00,97805.16165
6/22/2024 10:00,98229.07424
6/22/2024 11:00,103174.6472
6/22/2024 12:00,112012.2766
6/22/2024 13:00,122048.349
6/22/2024 14:00,132510.5517
6/22/2024 15:00,141323.5647
6/22/2024 16:00,148343.2378
6/22/2024 17:00,153559.2588
6/22/2024 18:00,156061.4852
6/22/2024 19:00,157977.7963
6/22/2024 20:00,159474.5194
6/22/2024 21:00,159835.782
6/22/2024 22:00,158461.0323
6/22/2024 23:00,154976.0339
6/23/2024 0:00,149675.0752
6/23/2024 1:00,144458.6106
6/23/2024 2:00,136931.0851
6/23/2024 3:00,128288.7238
6/23/2024 4:00,119706.5729
6/23/2024 5:00,113201.7379
6/23/2024 6:00,108303.8454
6/23/2024 7:00,104690.4424
6/23/2024 8:00,102421.2959
6/23/2024 9:00,100964.4914
6/23/2024 10:00,100422.3756
6/23/2024 11:00,103632.4905
6/23/2024 12:00,109697.5564
6/23/2024 13:00,116650.4769
6/23/2024 14:00,123794.0084
6/23/2024 15:00,130477.9224
6/23/2024 16:00,135693.4998
6/23/2024 17:00,139541.6459
6/23/2024 18:00,142269.8556
6/23/2024 19:00,144410.0431
6/23/2024 20:00,146036.2796
6/23/2024 21:00,146526.9448
6/23/2024 22:00,144401.8376
6/23/2024 23:00,140945.2257
6/24/2024 0:00,136970.3383
6/24/2024 1:00,132282.2399
6/24/2024 2:00,125293.06
6/24/2024 3:00,116861.9343
6/24/2024 4:00,110026.219
6/24/2024 5:00,104523.8934
6/24/2024 6:00,100588.9246
6/24/2024 7:00,97993.44404
6/24/2024 8:00,97862.26732
6/24/2024 9:00,99678.1168
6/24/2024 10:00,103646.3511
6/24/2024 11:00,109500.9577
6/24/2024 12:00,114631.3756
6/24/2024 13:00,119468.0597
6/24/2024 14:00,123842.9086
6/24/2024 15:00,127778.2102
6/24/2024 16:00,131499.0605
6/24/2024 17:00,134264.971
6/24/2024 18:00,136426.781
6/24/2024 19:00,138823.2233
6/24/2024 20:00,140684.8682
6/24/2024 21:00,141910.0344
6/24/2024 22:00,141003.1076
6/24/2024 23:00,137560.7999
6/25/2024 0:00,131568.2526
6/25/2024 1:00,126084.4448
6/25/2024 2:00,117711.7554
6/25/2024 3:00,108359.2878
6/25/2024 4:00,100335.8854
6/25/2024 5:00,94452.89237
6/25/2024 6:00,90273.08984
6/25/2024 7:00,87783.17165
6/25/2024 8:00,87524.92095
6/25/2024 9:00,89931.45377
6/25/2024 10:00,94453.00326
6/25/2024 11:00,100708.791
6/25/2024 12:00,106258.0208
6/25/2024 13:00,111603.5553
6/25/2024 14:00,117042.0112
6/25/2024 15:00,122085.7172
6/25/2024 16:00,127091.0571
6/25/2024 17:00,131661.285
6/25/2024 18:00,135661.8977
6/25/2024 19:00,138945.751
6/25/2024 20:00,142393.7139
6/25/2024 21:00,145444.4874
6/25/2024 22:00,144739.4818
6/25/2024 23:00,140893.6643
6/26/2024 0:00,135731.5333
6/26/2024 1:00,131381.0791
6/26/2024 2:00,123627.4594
6/26/2024 3:00,114824.5369
6/26/2024 4:00,107284.5923
6/26/2024 5:00,101765.7449
6/26/2024 6:00,97779.76903
6/26/2024 7:00,95367.91374
6/26/2024 8:00,94899.64723
6/26/2024 9:00,96955.00788
6/26/2024 10:00,101322.5384
6/26/2024 11:00,108365.83
6/26/2024 12:00,114876.7637
6/26/2024 13:00,121514.106
6/26/2024 14:00,128611.6203
6/26/2024 15:00,134948.0213
6/26/2024 16:00,140591.5032
6/26/2024 17:00,145260.1968
6/26/2024 18:00,148600.6014
6/26/2024 19:00,150268.9741
6/26/2024 20:00,151293.5497
6/26/2024 21:00,150911.108
6/26/2024 22:00,148465.5438
6/26/2024 23:00,143776.78
6/27/2024 0:00,137680.001
6/27/2024 1:00,131380.8573
6/27/2024 2:00,122226.3191
6/27/2024 3:00,112415.4538
6/27/2024 4:00,104454.4796
6/27/2024 5:00,98457.71869
6/27/2024 6:00,94231.6772
6/27/2024 7:00,91646.39808
6/27/2024 8:00,91076.5611
6/27/2024 9:00,93128.81698
6/27/2024 10:00,96781.36229
6/27/2024 11:00,101694.8895
6/27/2024 12:00,106063.9724
6/27/2024 13:00,109963.7909
6/27/2024 14:00,113916.1687
6/27/2024 15:00,118083.4412
6/27/2024 16:00,122318.4644
6/27/2024 17:00,126207.4161
6/27/2024 18:00,129463.4374
6/27/2024 19:00,132445.2405
6/27/2024 20:00,135418.9491
6/27/2024 21:00,137017.0208
6/27/2024 22:00,136136.4846
6/27/2024 23:00,132340.8979
6/28/2024 0:00,126245.7822
6/28/2024 1:00,120498.2904
6/28/2024 2:00,112654.6323
6/28/2024 3:00,104401.8093
6/28/2024 4:00,96573.3424
6/28/2024 5:00,90876.52492
6/28/2024 6:00,86898.6436
6/28/2024 7:00,84761.67174
6/28/2024 8:00,84323.56589
6/28/2024 9:00,86042.28029
6/28/2024 10:00,89408.96459
6/28/2024 11:00,94267.3821
6/28/2024 12:00,99007.81819
6/28/2024 13:00,102277.3674
6/28/2024 14:00,106464.2666
6/28/2024 15:00,110214.0578
6/28/2024 16:00,114806.7954
6/28/2024 17:00,119128.0869
6/28/2024 18:00,123359.34
6/28/2024 19:00,127261.8197
6/28/2024 20:00,130289.4182
6/28/2024 21:00,131872.4096
6/28/2024 22:00,130161.0136
6/28/2024 23:00,126297.4545
6/29/2024 0:00,121613.2371
6/29/2024 1:00,118294.5659
6/29/2024 2:00,112456.7029
6/29/2024 3:00,105594.3753
6/29/2024 4:00,99162.61337
6/29/2024 5:00,94643.17069
6/29/2024 6:00,91640.85384
6/29/2024 7:00,89638.93967
6/29/2024 8:00,89125.43216
6/29/2024 9:00,89886.98896
6/29/2024 10:00,91097.85098
6/29/2024 11:00,94761.15212
6/29/2024 12:00,100676.6344
6/29/2024 13:00,107728.6859
6/29/2024 14:00,113895.1006
6/29/2024 15:00,120064.3982
6/29/2024 16:00,125335.7507
6/29/2024 17:00,130053.8989
6/29/2024 18:00,133207.5735
6/29/2024 19:00,136376.6611
6/29/2024 20:00,139652.7525
6/29/2024 21:00,141600.9984
6/29/2024 22:00,141083.61
6/29/2024 23:00,138211.2501
6/30/2024 0:00,134051.5177
6/30/2024 1:00,129965.9673
6/30/2024 2:00,123653.2956
6/30/2024 3:00,116672.4321
6/30/2024 4:00,109544.8681
6/30/2024 5:00,103794.6041
6/30/2024 6:00,99685.87874
6/30/2024 7:00,96635.99232
6/30/2024 8:00,94888.11521
6/30/2024 9:00,94196.6376
6/30/2024 10:00,93826.61502
6/30/2024 11:00,96337.93397
6/30/2024 12:00,101661.0697
6/30/2024 13:00,107593.4065
6/30/2024 14:00,113599.149
6/30/2024 15:00,119060.4472
6/30/2024 16:00,122953.9452
6/30/2024 17:00,126433.3993
6/30/2024 18:00,129476.5218
6/30/2024 19:00,132151.3958
6/30/2024 20:00,134049.7436
6/30/2024 21:00,133737.3811
6/30/2024 22:00,130887.0873
6/30/2024 23:00,126633.879
7/1/2024 0:00,121103.3887
7/1/2024 1:00,116393.2242
7/1/2024 2:00,109482.6617
7/1/2024 3:00,101383.3033
7/1/2024 4:00,93967.77137
7/1/2024 5:00,88418.65244
7/1/2024 6:00,84358.16195
7/1/2024 7:00,81938.7665
7/1/2024 8:00,81684.28588
7/1/2024 9:00,83419.633
7/1/2024 10:00,86775.11794
7/1/2024 11:00,91399.45764
7/1/2024 12:00,95105.89296
7/1/2024 13:00,97474.72494
7/1/2024 14:00,99530.7509
7/1/2024 15:00,102080.9904
7/1/2024 16:00,104728.4759
7/1/2024 17:00,107635.4318
7/1/2024 18:00,110780.1247
7/1/2024 19:00,113793.3083
7/1/2024 20:00,117101.1128
7/1/2024 21:00,120094.2262
7/1/2024 22:00,120222.8525
7/1/2024 23:00,117951.4883
7/2/2024 0:00,112756.8681
7/2/2024 1:00,108848.5115
7/2/2024 2:00,102455.1157
7/2/2024 3:00,94585.06705
7/2/2024 4:00,88216.1768
7/2/2024 5:00,83483.05911
7/2/2024 6:00,80664.81103
7/2/2024 7:00,79001.53903
7/2/2024 8:00,78988.34374
7/2/2024 9:00,81124.09587
7/2/2024 10:00,85131.02901
7/2/2024 11:00,90233.28219
7/2/2024 12:00,94864.60764
7/2/2024 13:00,98750.45457
7/2/2024 14:00,103244.7264
7/2/2024 15:00,107715.7124
7/2/2024 16:00,111801.7064
7/2/2024 17:00,116857.8315
7/2/2024 18:00,121691.0782
7/2/2024 19:00,126226.2665
7/2/2024 20:00,130893.7404
7/2/2024 21:00,133848.155
7/2/2024 22:00,133798.0351
7/2/2024 23:00,131097.6575
7/3/2024 0:00,125717.8597
7/3/2024 1:00,121319.6141
7/3/2024 2:00,114196.5963
7/3/2024 3:00,105707.3669
7/3/2024 4:00,98485.32901
7/3/2024 5:00,92812.68441
7/3/2024 6:00,89339.77248
7/3/2024 7:00,86968.83368
7/3/2024 8:00,86868.0394
7/3/2024 9:00,88897.34212
7/3/2024 10:00,93208.76492
7/3/2024 11:00,99742.76264
7/3/2024 12:00,106014.5178
7/3/2024 13:00,112294.8111
7/3/2024 14:00,118380.3907
7/3/2024 15:00,124415.5177
7/3/2024 16:00,130513.8491
7/3/2024 17:00,135462.0833
7/3/2024 18:00,139721.612
7/3/2024 19:00,142721.4894
7/3/2024 20:00,144886.626
7/3/2024 21:00,145674.1298
7/3/2024 22:00,143212.0437
7/3/2024 23:00,138369.5936
7/4/2024 0:00,132459.6555
7/4/2024 1:00,126977.0675
7/4/2024 2:00,119452.3141
7/4/2024 3:00,111506.0875
7/4/2024 4:00,104279.2816
7/4/2024 5:00,98319.778
7/4/2024 6:00,93943.4876
7/4/2024 7:00,90863.32963
7/4/2024 8:00,89441.67561
7/4/2024 9:00,89128.64782
7/4/2024 10:00,89161.24795
7/4/2024 11:00,92292.96735
7/4/2024 12:00,98540.66052
7/4/2024 13:00,105811.3769
7/4/2024 14:00,113440.5838
7/4/2024 15:00,120668.7203
7/4/2024 16:00,126973.0756
7/4/2024 17:00,131765.0731
7/4/2024 18:00,134546.8401
7/4/2024 19:00,136325.2105
7/4/2024 20:00,137423.4136
7/4/2024 21:00,136935.5205
7/4/2024 22:00,134117.0506
7/4/2024 23:00,129985.5939
7/5/2024 0:00,125626.7124
7/5/2024 1:00,120913.1104
7/5/2024 2:00,116263.489
7/5/2024 3:00,110880.6973
7/5/2024 4:00,104385.5092
7/5/2024 5:00,99018.90667
7/5/2024 6:00,94994.78639
7/5/2024 7:00,92647.79871
7/5/2024 8:00,91919.06381
7/5/2024 9:00,93386.73502
7/5/2024 10:00,95821.43257
7/5/2024 11:00,100405.2993
7/5/2024 12:00,107057.722
7/5/2024 13:00,114594.2292
7/5/2024 14:00,122600.888
7/5/2024 15:00,129717.5853
7/5/2024 16:00,135588.4919
7/5/2024 17:00,141162.0055
7/5/2024 18:00,145051.179
7/5/2024 19:00,147603.1927
7/5/2024 20:00,149151.1445
7/5/2024 21:00,149664.9846
7/5/2024 22:00,147560.0585
7/5/2024 23:00,143551.9056
7/6/2024 0:00,138088.2789
7/6/2024 1:00,133358.0442
7/6/2024 2:00,126904.3271
7/6/2024 3:00,119246.8445
7/6/2024 4:00,111959.6064
7/6/2024 5:00,105849.6321
7/6/2024 6:00,101249.2435
7/6/2024 7:00,97883.77897
7/6/2024 8:00,95792.38076
7/6/2024 9:00,95018.95928
7/6/2024 10:00,94735.42684
7/6/2024 11:00,98817.98341
7/6/2024 12:00,105772.4563
7/6/2024 13:00,113984.4737
7/6/2024 14:00,121793.9793
7/6/2024 15:00,128428.5495
7/6/2024 16:00,134005.3896
7/6/2024 17:00,137435.8327
7/6/2024 18:00,140616.5632
7/6/2024 19:00,143148.9503
7/6/2024 20:00,145874.3878
7/6/2024 21:00,147401.0497
7/6/2024 22:00,146691.6087
7/6/2024 23:00,144095.2411
7/7/2024 0:00,138292.196
7/7/2024 1:00,132795.5256
7/7/2024 2:00,125835.6194
7/7/2024 3:00,118125.1339
7/7/2024 4:00,110396.6851
7/7/2024 5:00,103858.6955
7/7/2024 6:00,98827.63039
7/7/2024 7:00,95202.14097
7/7/2024 8:00,92380.78812
7/7/2024 9:00,91050.72494
7/7/2024 10:00,90393.39984
7/7/2024 11:00,93230.16568
7/7/2024 12:00,99931.59946
7/7/2024 13:00,107752.9697
7/7/2024 14:00,115616.1435
7/7/2024 15:00,122639.8085
7/7/2024 16:00,129121.0251
7/7/2024 17:00,134469.5534
7/7/2024 18:00,138830.32
7/7/2024 19:00,142490.9599
7/7/2024 20:00,145752.0818
7/7/2024 21:00,147664.2902
7/7/2024 22:00,146851.172
7/7/2024 23:00,143452.442
7/8/2024 0:00,137864.1807
7/8/2024 1:00,132795.8582
7/8/2024 2:00,124550.6863
7/8/2024 3:00,115731.1311
7/8/2024 4:00,107915.4159
7/8/2024 5:00,102054.1563
7/8/2024 6:00,97833.88081
7/8/2024 7:00,95226.20297
7/8/2024 8:00,94984.03056
7/8/2024 9:00,97116.78881
7/8/2024 10:00,101546.6366
7/8/2024 11:00,108739.9553
7/8/2024 12:00,116552.0112
7/8/2024 13:00,124921.9286
7/8/2024 14:00,133881.7531
7/8/2024 15:00,141940.1951
7/8/2024 16:00,148719.0264
7/8/2024 17:00,155152.119
7/8/2024 18:00,158635.3432
7/8/2024 19:00,160593.1252
7/8/2024 20:00,161943.7021
7/8/2024 21:00,162941.8871
7/8/2024 22:00,162094.3945
7/8/2024 23:00,159072.0075
7/9/2024 0:00,153183.692
7/9/2024 1:00,147266.5464
7/9/2024 2:00,137751.3
7/9/2024 3:00,127619.3122
7/9/2024 4:00,118763.8303
7/9/2024 5:00,112118.8369
7/9/2024 6:00,106756.5589
7/9/2024 7:00,103772.7598
7/9/2024 8:00,102924.3802
7/9/2024 9:00,104781.5897
7/9/2024 10:00,109235.3886
7/9/2024 11:00,115844.1227
7/9/2024 12:00,122898.0592
7/9/2024 13:00,130133.8469
7/9/2024 14:00,138613.2075
7/9/2024 15:00,146329.1263
7/9/2024 16:00,152673.7328
7/9/2024 17:00,157210.4735
7/9/2024 18:00,159708.4863
7/9/2024 19:00,160392.0911
7/9/2024 20:00,160173.9807
7/9/2024 21:00,159850.4188
7/9/2024 22:00,159146.8548
7/9/2024 23:00,156431.5078
7/10/2024 0:00,151891.995
7/10/2024 1:00,147524.4645
7/10/2024 2:00,139072.825
7/10/2024 3:00,129937.9134
7/10/2024 4:00,122248.7178
7/10/2024 5:00,116018.4336
7/10/2024 6:00,111055.7844
7/10/2024 7:00,107860.7497
7/10/2024 8:00,106867.0002
7/10/2024 9:00,109175.1782
7/10/2024 10:00,113782.7742
7/10/2024 11:00,120227.6206
7/10/2024 12:00,126374.5195
7/10/2024 13:00,132283.9031
7/10/2024 14:00,137825.8145
7/10/2024 15:00,142554.0533
7/10/2024 16:00,146597.1349
7/10/2024 17:00,150141.124
7/10/2024 18:00,152217.7745
7/10/2024 19:00,153743.2167
7/10/2024 20:00,154923.1419
7/10/2024 21:00,155045.226
7/10/2024 22:00,153146.3238
7/10/2024 23:00,147137.1439
7/11/2024 0:00,141643.8
7/11/2024 1:00,137150.4152
7/11/2024 2:00,129178.1308
7/11/2024 3:00,120241.2594
7/11/2024 4:00,112357.9046
7/11/2024 5:00,106064.7486
7/11/2024 6:00,101512.3732
7/11/2024 7:00,98515.60056
7/11/2024 8:00,97482.48688
7/11/2024 9:00,99006.04403
7/11/2024 10:00,102384.2603
7/11/2024 11:00,107817.172
7/11/2024 12:00,113187.5446
7/11/2024 13:00,117246.0392
7/11/2024 14:00,122626.9459
7/11/2024 15:00,127308.613
7/11/2024 16:00,131849.1238
7/11/2024 17:00,136584.681
7/11/2024 18:00,140445.3571
7/11/2024 19:00,143549.9097
7/11/2024 20:00,146409.4069
7/11/2024 21:00,147872.7536
7/11/2024 22:00,146279.6717
7/11/2024 23:00,142441.6161
7/12/2024 0:00,136578.8041
7/12/2024 1:00,131299.9114
7/12/2024 2:00,123123.0445
7/12/2024 3:00,113775.6776
7/12/2024 4:00,105815.3687
7/12/2024 5:00,99937.69812
7/12/2024 6:00,95951.50044
7/12/2024 7:00,93469.12243
7/12/2024 8:00,93148.44359
7/12/2024 9:00,95185.39736
7/12/2024 10:00,99331.15826
7/12/2024 11:00,104468.1184
7/12/2024 12:00,109918.8825
7/12/2024 13:00,115449.5946
7/12/2024 14:00,121514.9931
7/12/2024 15:00,127202.4963
7/12/2024 16:00,131437.5194
7/12/2024 17:00,134961.771
7/12/2024 18:00,137118.4804
7/12/2024 19:00,138853.1622
7/12/2024 20:00,140740.5324
7/12/2024 21:00,141667.3076
7/12/2024 22:00,140015.4567
7/12/2024 23:00,136528.0188
7/13/2024 0:00,132054.3716
7/13/2024 1:00,127795.73
7/13/2024 2:00,120866.0953
7/13/2024 3:00,113114.5824
7/13/2024 4:00,105954.7509
7/13/2024 5:00,100211.3618
7/13/2024 6:00,95824.53735
7/13/2024 7:00,93154.09871
7/13/2024 8:00,91573.76854
7/13/2024 9:00,91616.01565
7/13/2024 10:00,92175.65124
7/13/2024 11:00,95664.75235
7/13/2024 12:00,102671.5629
7/13/2024 13:00,110615.1282
7/13/2024 14:00,118734.5568
7/13/2024 15:00,126178.8078
7/13/2024 16:00,132874.5865
7/13/2024 17:00,138505.3166
7/13/2024 18:00,143400.3261
7/13/2024 19:00,147573.9191
7/13/2024 20:00,151228.5712
7/13/2024 21:00,153019.6934
7/13/2024 22:00,151113.1401
7/13/2024 23:00,147159.7644
7/14/2024 0:00,141428.9052
7/14/2024 1:00,136177.6229
7/14/2024 2:00,128475.7864
7/14/2024 3:00,120163.6401
7/14/2024 4:00,111936.7641
7/14/2024 5:00,105102.7121
7/14/2024 6:00,99929.71441
7/14/2024 7:00,96181.47552
7/14/2024 8:00,94006.2484
7/14/2024 9:00,92773.54208
7/14/2024 10:00,92395.97933
7/14/2024 11:00,96473.54608
7/14/2024 12:00,104327.96
7/14/2024 13:00,113554.1298
7/14/2024 14:00,122456.9595
7/14/2024 15:00,130584.9262
7/14/2024 16:00,137383.8277
7/14/2024 17:00,142930.0637
7/14/2024 18:00,146679.0787
7/14/2024 19:00,148188.6644
7/14/2024 20:00,147952.258
7/14/2024 21:00,148647.1731
7/14/2024 22:00,148661.9207
7/14/2024 23:00,145938.3683
7/15/2024 0:00,141258.808
7/15/2024 1:00,136793.1444
7/15/2024 2:00,129253.8651
7/15/2024 3:00,120231.1689
7/15/2024 4:00,112387.5108
7/15/2024 5:00,106655.7646
7/15/2024 6:00,102479.0669
7/15/2024 7:00,99969.74383
7/15/2024 8:00,99783.56825
7/15/2024 9:00,102427.2836
7/15/2024 10:00,106832.7368
7/15/2024 11:00,113032.4168
7/15/2024 12:00,120591.2119
7/15/2024 13:00,128585.1189
7/15/2024 14:00,136837.3874
7/15/2024 15:00,144933.1976
7/15/2024 16:00,152779.8496
7/15/2024 17:00,159335.2481
7/15/2024 18:00,163933.0863
7/15/2024 19:00,166956.0277
7/15/2024 20:00,168607.3241
7/15/2024 21:00,168651.3454
7/15/2024 22:00,167362.864
7/15/2024 23:00,164219.8344
7/16/2024 0:00,158401.1545
7/16/2024 1:00,152706.5547
7/16/2024 2:00,141990.8694
7/16/2024 3:00,130659.1082
7/16/2024 4:00,122318.1317
7/16/2024 5:00,115725.8086
7/16/2024 6:00,110375.2843
7/16/2024 7:00,107042.0873
7/16/2024 8:00,105591.2705
7/16/2024 9:00,106918.6725
7/16/2024 10:00,110561.1273
7/16/2024 11:00,117134.8218
7/16/2024 12:00,124830.8922
7/16/2024 13:00,132692.8463
7/16/2024 14:00,141276.106
7/16/2024 15:00,149330.1125
7/16/2024 16:00,156256.4207
7/16/2024 17:00,161835.035
7/16/2024 18:00,165716.4465
7/16/2024 19:00,167829.4673
7/16/2024 20:00,169388.9511
7/16/2024 21:00,169741.0103
7/16/2024 22:00,168112.7779
7/16/2024 23:00,163158.7777
7/17/2024 0:00,156606.3731
7/17/2024 1:00,148982.7105
7/17/2024 2:00,138995.5383
7/17/2024 3:00,129138.3231
7/17/2024 4:00,120864.3211
7/17/2024 5:00,113945.9967
7/17/2024 6:00,108960.8378
7/17/2024 7:00,105739.08
7/17/2024 8:00,104946.8081
7/17/2024 9:00,106875.5383
7/17/2024 10:00,110857.6332
7/17/2024 11:00,116075.0957
7/17/2024 12:00,121348.3333
7/17/2024 13:00,127056.5719
7/17/2024 14:00,133527.6979
7/17/2024 15:00,140271.4897
7/17/2024 16:00,147136.9221
7/17/2024 17:00,152961.9224
7/17/2024 18:00,156492.1618
7/17/2024 19:00,158401.4872
7/17/2024 20:00,158158.6494
7/17/2024 21:00,156166.7149
7/17/2024 22:00,152010.0873
7/17/2024 23:00,146724.6524
7/18/2024 0:00,140046.8371
7/18/2024 1:00,132969.9474
7/18/2024 2:00,124801.6186
7/18/2024 3:00,116360.4023
7/18/2024 4:00,108457.0882
7/18/2024 5:00,102638.6301
7/18/2024 6:00,98218.09664
7/18/2024 7:00,95701.23345
7/18/2024 8:00,95279.76033
7/18/2024 9:00,97434.9173
7/18/2024 10:00,101026.0324
7/18/2024 11:00,105998.7722
7/18/2024 12:00,110579.5341
7/18/2024 13:00,113570.8734
7/18/2024 14:00,117072.2827
7/18/2024 15:00,121102.3908
7/18/2024 16:00,125206.0155
7/18/2024 17:00,129121.9122
7/18/2024 18:00,131747.2207
7/18/2024 19:00,133455.5119
7/18/2024 20:00,135272.5811
7/18/2024 21:00,136021.0535
7/18/2024 22:00,134173.2692
7/18/2024 23:00,130417.9337
7/19/2024 0:00,125616.8436
7/19/2024 1:00,121095.405
7/19/2024 2:00,113305.5261
7/19/2024 3:00,105291.438
7/19/2024 4:00,98314.23376
7/19/2024 5:00,92810.35583
7/19/2024 6:00,89048.47811
7/19/2024 7:00,86772.34582
7/19/2024 8:00,86208.16395
7/19/2024 9:00,88083.55858
7/19/2024 10:00,91364.30715
7/19/2024 11:00,96184.80206
7/19/2024 12:00,100983.8962
7/19/2024 13:00,105602.4699
7/19/2024 14:00,110247.4342
7/19/2024 15:00,114729.6196
7/19/2024 16:00,119317.0346
7/19/2024 17:00,124100.9375
7/19/2024 18:00,128035.1302
7/19/2024 19:00,131549.7349
7/19/2024 20:00,134997.476
7/19/2024 21:00,136670.5058
7/19/2024 22:00,135692.8345
7/19/2024 23:00,131170.6197
7/20/2024 0:00,125027.6018
7/20/2024 1:00,119858.596
7/20/2024 2:00,112687.2324
7/20/2024 3:00,104973.7531
7/20/2024 4:00,97843.97133
7/20/2024 5:00,92383.67112
7/20/2024 6:00,88423.75314
7/20/2024 7:00,85781.59013
7/20/2024 8:00,84570.50634
7/20/2024 9:00,84671.85505
7/20/2024 10:00,85113.39832
7/20/2024 11:00,87941.29338
7/20/2024 12:00,93524.56483
7/20/2024 13:00,99705.06181
7/20/2024 14:00,105802.9496
7/20/2024 15:00,111549.887
7/20/2024 16:00,116400.6535
7/20/2024 17:00,120179.7184
7/20/2024 18:00,122583.0355
7/20/2024 19:00,123994.4881
7/20/2024 20:00,125212.8903
7/20/2024 21:00,125436.3232
7/20/2024 22:00,124101.7137
7/20/2024 23:00,121301.7617
7/21/2024 0:00,117551.4159
7/21/2024 1:00,114510.2894
7/21/2024 2:00,108721.2158
7/21/2024 3:00,102212.9433
7/21/2024 4:00,95895.94716
7/21/2024 5:00,90873.30926
7/21/2024 6:00,87225.97553
7/21/2024 7:00,84573.05669
7/21/2024 8:00,83059.59006
7/21/2024 9:00,82517.80692
7/21/2024 10:00,82458.26179
7/21/2024 11:00,85334.50261
7/21/2024 12:00,91488.83078
7/21/2024 13:00,98269.54719
7/21/2024 14:00,105245.4208
7/21/2024 15:00,112526.0059
7/21/2024 16:00,119063.8846
7/21/2024 17:00,124467.19
7/21/2024 18:00,128490.2015
7/21/2024 19:00,132145.9624
7/21/2024 20:00,135821.6827
7/21/2024 21:00,138270.7952
7/21/2024 22:00,137348.1228
7/21/2024 23:00,134297.2384
7/22/2024 0:00,129117.255
7/22/2024 1:00,124661.0167
7/22/2024 2:00,117426.3379
7/22/2024 3:00,109657.7488
7/22/2024 4:00,102861.9521
7/22/2024 5:00,97562.76747
7/22/2024 6:00,94111.03453
7/22/2024 7:00,92187.73768
7/22/2024 8:00,92412.61205
7/22/2024 9:00,95410.16085
7/22/2024 10:00,99830.5834
7/22/2024 11:00,104633.2259
7/22/2024 12:00,110048.6177
7/22/2024 13:00,114722.5229
7/22/2024 14:00,119353.6266
7/22/2024 15:00,124021.8767
7/22/2024 16:00,128381.7561
7/22/2024 17:00,132184.1068
7/22/2024 18:00,133910.8049
7/22/2024 19:00,134636.1024
7/22/2024 20:00,135428.3743
7/22/2024 21:00,135884.5544
7/22/2024 22:00,133947.7296
7/22/2024 23:00,130625.6209
7/23/2024 0:00,127168.122
7/23/2024 1:00,123390.2769
7/23/2024 2:00,116024.1996
7/23/2024 3:00,108355.1851
7/23/2024 4:00,101692.8936
7/23/2024 5:00,96689.66056
7/23/2024 6:00,93141.0143
7/23/2024 7:00,91197.53641
7/23/2024 8:00,91269.27888
7/23/2024 9:00,94338.01572
7/23/2024 10:00,99067.03067
7/23/2024 11:00,104496.0614
7/23/2024 12:00,109715.9633
7/23/2024 13:00,115141.113
7/23/2024 14:00,121092.1894
7/23/2024 15:00,127057.3481
7/23/2024 16:00,132674.5503
7/23/2024 17:00,137843.7779
7/23/2024 18:00,141466.8278
7/23/2024 19:00,144023.3878
7/23/2024 20:00,146620.6425
7/23/2024 21:00,147768.6328
7/23/2024 22:00,145341.2536
7/23/2024 23:00,140489.6001
7/24/2024 0:00,135457.537
7/24/2024 1:00,130480.8054
7/24/2024 2:00,122282.5377
7/24/2024 3:00,113492.367
7/24/2024 4:00,106423.0174
7/24/2024 5:00,101065.6183
7/24/2024 6:00,97337.33868
7/24/2024 7:00,95152.90812
7/24/2024 8:00,95004.76602
7/24/2024 9:00,97794.62759
7/24/2024 10:00,102380.712
7/24/2024 11:00,107600.7249
7/24/2024 12:00,112704.0869
7/24/2024 13:00,117102.5543
7/24/2024 14:00,122009.5393
7/24/2024 15:00,126995.1417
7/24/2024 16:00,131851.2306
7/24/2024 17:00,135555.5592
7/24/2024 18:00,138156.5839
7/24/2024 19:00,140415.1964
7/24/2024 20:00,141036.1513
7/24/2024 21:00,140593.4992
7/24/2024 22:00,138422.5965
7/24/2024 23:00,134603.9458
7/25/2024 0:00,130603.7766
7/25/2024 1:00,126696.0854
7/25/2024 2:00,119438.897
7/25/2024 3:00,111425.9178
7/25/2024 4:00,104577.8943
7/25/2024 5:00,99468.54453
7/25/2024 6:00,95753.57108
7/25/2024 7:00,93541.08666
7/25/2024 8:00,93645.76191
7/25/2024 9:00,96253.1071
7/25/2024 10:00,100803.8193
7/25/2024 11:00,105906.516
7/25/2024 12:00,110775.6894
7/25/2024 13:00,115256.2115
7/25/2024 14:00,119885.7628
7/25/2024 15:00,124032.189
7/25/2024 16:00,128027.4792
7/25/2024 17:00,132165.1455
7/25/2024 18:00,135039.6122
7/25/2024 19:00,136812.3275
7/25/2024 20:00,138034.1671
7/25/2024 21:00,137944.9048
7/25/2024 22:00,135570.5286
7/25/2024 23:00,131487.972
7/26/2024 0:00,126567.2373
7/26/2024 1:00,122010.9808
7/26/2024 2:00,114382.2175
7/26/2024 3:00,105961.8475
7/26/2024 4:00,98660.74876
7/26/2024 5:00,93193.13016
7/26/2024 6:00,89337.11124
7/26/2024 7:00,86951.97919
7/26/2024 8:00,86478.27933
7/26/2024 9:00,88326.06363
7/26/2024 10:00,91475.52461
7/26/2024 11:00,95780.07254
7/26/2024 12:00,100705.2427
7/26/2024 13:00,104837.8083
7/26/2024 14:00,109162.4264
7/26/2024 15:00,113647.7166
7/26/2024 16:00,118061.8187
7/26/2024 17:00,122626.1697
7/26/2024 18:00,126611.7021
7/26/2024 19:00,130299.5087
7/26/2024 20:00,133194.0456
7/26/2024 21:00,134097.3131
7/26/2024 22:00,131623.1406
7/26/2024 23:00,127262.3741
7/27/2024 0:00,121674.3346
7/27/2024 1:00,116727.8745
7/27/2024 2:00,109674.6033
7/27/2024 3:00,101974.7628
7/27/2024 4:00,94987.02445
7/27/2024 5:00,89741.50811
7/27/2024 6:00,85757.30636
7/27/2024 7:00,83061.36421
7/27/2024 8:00,81588.70319
7/27/2024 9:00,81728.41803
7/27/2024 10:00,81922.79909
7/27/2024 11:00,84525.37623
7/27/2024 12:00,89574.29383
7/27/2024 13:00,95764.3269
7/27/2024 14:00,102304.0906
7/27/2024 15:00,109086.9139
7/27/2024 16:00,114703.4507
7/27/2024 17:00,119625.5161
7/27/2024 18:00,124122.5601
7/27/2024 19:00,128332.1906
7/27/2024 20:00,132417.0758
7/27/2024 21:00,134792.7826
7/27/2024 22:00,134080.5695
7/27/2024 23:00,129467.4292
7/28/2024 0:00,123090.8879
7/28/2024 1:00,117745.4643
7/28/2024 2:00,110230.5797
7/28/2024 3:00,102244.8782
7/28/2024 4:00,94987.80065
7/28/2024 5:00,89411.18229
7/28/2024 6:00,85573.9029
7/28/2024 7:00,82710.74648
7/28/2024 8:00,81217.01734
7/28/2024 9:00,80655.82936
7/28/2024 10:00,80231.91677
7/28/2024 11:00,82616.38351
7/28/2024 12:00,88271.95185
7/28/2024 13:00,95294.508
7/28/2024 14:00,103290.9654
7/28/2024 15:00,111585.8137
7/28/2024 16:00,119089.0555
7/28/2024 17:00,125121.743
7/28/2024 18:00,129809.9524
7/28/2024 19:00,134035.3285
7/28/2024 20:00,137099.7409
7/28/2024 21:00,139171.7342
7/28/2024 22:00,138803.5967
7/28/2024 23:00,135377.589
7/29/2024 0:00,130484.9081
7/29/2024 1:00,125689.5841
7/29/2024 2:00,118270.9474
7/29/2024 3:00,110090.5322
7/29/2024 4:00,103197.2677
7/29/2024 5:00,97929.01997
7/29/2024 6:00,94432.48957
7/29/2024 7:00,92392.43102
7/29/2024 8:00,92409.72905
7/29/2024 9:00,95340.08166
7/29/2024 10:00,99977.61665
7/29/2024 11:00,105218.2541
7/29/2024 12:00,110616.5697
7/29/2024 13:00,115807.8634
7/29/2024 14:00,121725.2307
7/29/2024 15:00,128232.727
7/29/2024 16:00,134697.3108
7/29/2024 17:00,140322.2749
7/29/2024 18:00,144584.9084
7/29/2024 19:00,147900.0313
7/29/2024 20:00,149707.2318
7/29/2024 21:00,150224.9529
7/29/2024 22:00,148276.9287
7/29/2024 23:00,143924.5894
7/30/2024 0:00,139203.0038
7/30/2024 1:00,134291.3615
7/30/2024 2:00,126108.2851
7/30/2024 3:00,117297.3789
7/30/2024 4:00,109901.8062
7/30/2024 5:00,103887.3038
7/30/2024 6:00,99791.10841
7/30/2024 7:00,97428.70775
7/30/2024 8:00,97158.70326
7/30/2024 9:00,100168.2276
7/30/2024 10:00,104805.5408
7/30/2024 11:00,109972.8834
7/30/2024 12:00,115188.0173
7/30/2024 13:00,119669.3156
7/30/2024 14:00,125201.5801
7/30/2024 15:00,131183.815
7/30/2024 16:00,137181.9065
7/30/2024 17:00,142537.975
7/30/2024 18:00,146643.4847
7/30/2024 19:00,149789.9518
7/30/2024 20:00,152114.2081
7/30/2024 21:00,152918.1229
7/30/2024 22:00,150562.1536
7/30/2024 23:00,145850.8802
7/31/2024 0:00,141075.6263
7/31/2024 1:00,135906.2878
7/31/2024 2:00,127439.6789
7/31/2024 3:00,118718.3676
7/31/2024 4:00,111021.8536
7/31/2024 5:00,105277.7992
7/31/2024 6:00,101192.2487
7/31/2024 7:00,98649.99294
7/31/2024 8:00,98250.14235
7/31/2024 9:00,100799.3839
7/31/2024 10:00,105061.9065
7/31/2024 11:00,110622.1139
7/31/2024 12:00,116579.178
7/31/2024 13:00,122776.8621
7/31/2024 14:00,129660.0361
7/31/2024 15:00,136961.024
7/31/2024 16:00,144394.8519
7/31/2024 17:00,150760.4156
7/31/2024 18:00,155431.5487
7/31/2024 19:00,158580.1226
7/31/2024 20:00,160687.0446
7/31/2024 21:00,161079.3551
7/31/2024 22:00,159408.6538
7/31/2024 23:00,155440.9739
8/1/2024 0:00,149814.5682
8/1/2024 1:00,143433.5915
8/1/2024 2:00,133865.6748
8/1/2024 3:00,123878.7244
8/1/2024 4:00,115488.4042
8/1/2024 5:00,108984.1236
8/1/2024 6:00,104060.1732
8/1/2024 7:00,100760.796
8/1/2024 8:00,99827.81128
8/1/2024 9:00,101698.6596
8/1/2024 10:00,105752.7188
8/1/2024 11:00,111745.266
8/1/2024 12:00,119002.3436
8/1/2024 13:00,126857.4228
8/1/2024 14:00,135367.8312
8/1/2024 15:00,143614.5555
8/1/2024 16:00,150818.2974
8/1/2024 17:00,156056.2736
8/1/2024 18:00,159666.3501
8/1/2024 19:00,162574.9693
8/1/2024 20:00,164509.2437
8/1/2024 21:00,165488.6891
8/1/2024 22:00,164167.3859
8/1/2024 23:00,160082.7225
8/2/2024 0:00,154537.7063
8/2/2024 1:00,147946.9356
8/2/2024 2:00,138241.189
8/2/2024 3:00,128287.6149
8/2/2024 4:00,119609.3269
8/2/2024 5:00,113188.8753
8/2/2024 6:00,108431.0303
8/2/2024 7:00,105299.8653
8/2/2024 8:00,104441.1734
8/2/2024 9:00,106277.093
8/2/2024 10:00,109911.675
8/2/2024 11:00,115175.82
8/2/2024 12:00,121923.8254
8/2/2024 13:00,129146.1959
8/2/2024 14:00,136309.6867
8/2/2024 15:00,142813.6346
8/2/2024 16:00,148532.6291
8/2/2024 17:00,153161.0715
8/2/2024 18:00,156948.8963
8/2/2024 19:00,158457.1513
8/2/2024 20:00,158612.5009
8/2/2024 21:00,157038.713
8/2/2024 22:00,151813.7103
8/2/2024 23:00,145372.9667
8/3/2024 0:00,139444.5109
8/3/2024 1:00,133570.8321
8/3/2024 2:00,125847.484
8/3/2024 3:00,117674.9416
8/3/2024 4:00,110626.9928
8/3/2024 5:00,104770.0577
8/3/2024 6:00,100736.6231
8/3/2024 7:00,97775.66629
8/3/2024 8:00,96204.87221
8/3/2024 9:00,96230.93014
8/3/2024 10:00,96873.50756
8/3/2024 11:00,99721.02922
8/3/2024 12:00,105814.0381
8/3/2024 13:00,113074.6639
8/3/2024 14:00,121170.3632
8/3/2024 15:00,128712.5255
8/3/2024 16:00,135516.8604
8/3/2024 17:00,140740.5324
8/3/2024 18:00,144261.5683
8/3/2024 19:00,146184.4217
8/3/2024 20:00,146914.9307
8/3/2024 21:00,145418.6512
8/3/2024 22:00,140554.4677
8/3/2024 23:00,134605.9417
8/4/2024 0:00,129442.2584
8/4/2024 1:00,124382.1414
8/4/2024 2:00,117726.3922
8/4/2024 3:00,110452.3493
8/4/2024 4:00,103795.3803
8/4/2024 5:00,98590.33692
8/4/2024 6:00,94514.32255
8/4/2024 7:00,91927.93459
8/4/2024 8:00,90208.00046
8/4/2024 9:00,89781.75929
8/4/2024 10:00,89609.22254
8/4/2024 11:00,91790.88098
8/4/2024 12:00,97625.52827
8/4/2024 13:00,104392.6058
8/4/2024 14:00,111548.5564
8/4/2024 15:00,118841.0062
8/4/2024 16:00,125422.5735
8/4/2024 17:00,130978.0128
8/4/2024 18:00,135766.2403
8/4/2024 19:00,139683.3567
8/4/2024 20:00,142286.4883
8/4/2024 21:00,143531.7246
8/4/2024 22:00,143387.4635
8/4/2024 23:00,139814.2008
8/5/2024 0:00,135274.9097
8/5/2024 1:00,130584.4827
8/5/2024 2:00,122459.8425
8/5/2024 3:00,114239.8414
8/5/2024 4:00,107229.5935
8/5/2024 5:00,101781.7123
8/5/2024 6:00,98071.95048
8/5/2024 7:00,95889.73761
8/5/2024 8:00,95976.89306
8/5/2024 9:00,98780.50435
8/5/2024 10:00,103495.8805
8/5/2024 11:00,109246.4771
8/5/2024 12:00,115999.8049
8/5/2024 13:00,123020.5869
8/5/2024 14:00,131339.1646
8/5/2024 15:00,139465.6899
8/5/2024 16:00,146877.4517
8/5/2024 17:00,153214.8506
8/5/2024 18:00,157824.6644
8/5/2024 19:00,160443.9852
8/5/2024 20:00,161963.994
8/5/2024 21:00,162546.361
8/5/2024 22:00,160838.4024
8/5/2024 23:00,156012.6959
8/6/2024 0:00,150454.0409
8/6/2024 1:00,143928.5813
8/6/2024 2:00,134621.7983
8/6/2024 3:00,125350.3875
8/6/2024 4:00,117122.2918
8/6/2024 5:00,111080.0681
8/6/2024 6:00,106229.7452
8/6/2024 7:00,103721.531
8/6/2024 8:00,103239.293
8/6/2024 9:00,105800.2884
8/6/2024 10:00,110169.593
8/6/2024 11:00,115441.9435
8/6/2024 12:00,121976.8283
8/6/2024 13:00,128565.2705
8/6/2024 14:00,136016.729
8/6/2024 15:00,142614.9291
8/6/2024 16:00,148778.6824
8/6/2024 17:00,153621.0217
8/6/2024 18:00,155856.681
8/6/2024 19:00,155173.8524
8/6/2024 20:00,152650.447
8/6/2024 21:00,149618.9675
8/6/2024 22:00,145089.7669
8/6/2024 23:00,140153.73
8/7/2024 0:00,135496.2358
8/7/2024 1:00,129698.0696
8/7/2024 2:00,121562.8954
8/7/2024 3:00,113389.1332
8/7/2024 4:00,106180.0688
8/7/2024 5:00,101039.6713
8/7/2024 6:00,97490.3597
8/7/2024 7:00,95447.08549
8/7/2024 8:00,95130.28762
8/7/2024 9:00,97980.02698
8/7/2024 10:00,102775.7946
8/7/2024 11:00,106895.9411
8/7/2024 12:00,111222.666
8/7/2024 13:00,115051.7399
8/7/2024 14:00,119183.9729
8/7/2024 15:00,123593.0852
8/7/2024 16:00,127756.1441
8/7/2024 17:00,130647.7979
8/7/2024 18:00,132892.2171
8/7/2024 19:00,133640.0242
8/7/2024 20:00,134120.599
8/7/2024 21:00,133604.9846
8/7/2024 22:00,131273.6317
8/7/2024 23:00,127887.2099
8/8/2024 0:00,125009.4167
8/8/2024 1:00,121007.0299
8/8/2024 2:00,114243.3897
8/8/2024 3:00,106997.7333
8/8/2024 4:00,100933.111
8/8/2024 5:00,96234.36757
8/8/2024 6:00,93032.3472
8/8/2024 7:00,91022.00578
8/8/2024 8:00,91029.76771
8/8/2024 9:00,93744.56027
8/8/2024 10:00,98908.24364
8/8/2024 11:00,103942.7462
8/8/2024 12:00,108496.8958
8/8/2024 13:00,112624.6934
8/8/2024 14:00,116655.1341
8/8/2024 15:00,120858.4442
8/8/2024 16:00,124734.8659
8/8/2024 17:00,128025.8159
8/8/2024 18:00,130200.2669
8/8/2024 19:00,131443.9508
8/8/2024 20:00,132389.6872
8/8/2024 21:00,132694.066
8/8/2024 22:00,131142.7877
8/8/2024 23:00,128595.2094
8/9/2024 0:00,126690.8738
8/9/2024 1:00,123522.2298
8/9/2024 2:00,117503.2919
8/9/2024 3:00,111166.1147
8/9/2024 4:00,105372.1622
8/9/2024 5:00,101090.5674
8/9/2024 6:00,98170.41618
8/9/2024 7:00,96478.20324
8/9/2024 8:00,96741.33288
8/9/2024 9:00,99536.29514
8/9/2024 10:00,104120.1619
8/9/2024 11:00,108777.767
8/9/2024 12:00,113680.7602
8/9/2024 13:00,117781.2801
8/9/2024 14:00,121998.6726
8/9/2024 15:00,125717.9706
8/9/2024 16:00,128980.2014
8/9/2024 17:00,131637.9992
8/9/2024 18:00,133023.8374
8/9/2024 19:00,133694.0251
8/9/2024 20:00,134314.4256
8/9/2024 21:00,134300.3432
8/9/2024 22:00,131947.9222
8/9/2024 23:00,127987.228
8/10/2024 0:00,124183.4358
8/10/2024 1:00,120073.0472
8/10/2024 2:00,113587.3952
8/10/2024 3:00,106494.9817
8/10/2024 4:00,99931.71034
8/10/2024 5:00,94852.74296
8/10/2024 6:00,91089.31285
8/10/2024 7:00,88188.23383
8/10/2024 8:00,86352.75773
8/10/2024 9:00,86153.16509
8/10/2024 10:00,86668.66853
8/10/2024 11:00,89115.89606
8/10/2024 12:00,94387.58123
8/10/2024 13:00,100108.2389
8/10/2024 14:00,105605.0202
8/10/2024 15:00,110470.9779
8/10/2024 16:00,114513.1724
8/10/2024 17:00,117549.42
8/10/2024 18:00,120212.5403
8/10/2024 19:00,122692.4788
8/10/2024 20:00,125503.9629
8/10/2024 21:00,127056.6828
8/10/2024 22:00,125743.9176
8/10/2024 23:00,121160.6053
8/11/2024 0:00,116557.999
8/11/2024 1:00,111875.5557
8/11/2024 2:00,105587.5004
8/11/2024 3:00,98746.35183
8/11/2024 4:00,92227.65621
8/11/2024 5:00,87293.39349
8/11/2024 6:00,83682.20821
8/11/2024 7:00,81497.22323
8/11/2024 8:00,79948.49522
8/11/2024 9:00,79583.35158
8/11/2024 10:00,79561.72904
8/11/2024 11:00,80845.77503
8/11/2024 12:00,85017.37209
8/11/2024 13:00,89900.51691
8/11/2024 14:00,94716.90908
8/11/2024 15:00,99037.42443
8/11/2024 16:00,102907.0822
8/11/2024 17:00,105534.4975
8/11/2024 18:00,108863.0374
8/11/2024 19:00,112960.6743
8/11/2024 20:00,117258.5692
8/11/2024 21:00,120158.9829
8/11/2024 22:00,120030.6892
8/11/2024 23:00,116900.6331
8/12/2024 0:00,113077.2143
8/12/2024 1:00,108962.0576
8/12/2024 2:00,102133.7716
8/12/2024 3:00,95062.86966
8/12/2024 4:00,88916.19254
8/12/2024 5:00,84873.11096
8/12/2024 6:00,82259.11269
8/12/2024 7:00,80939.58357
8/12/2024 8:00,81419.60387
8/12/2024 9:00,84310.92503
8/12/2024 10:00,88808.74517
8/12/2024 11:00,93252.6753
8/12/2024 12:00,98001.09509
8/12/2024 13:00,102371.7304
8/12/2024 14:00,106836.0633
8/12/2024 15:00,111109.6744
8/12/2024 16:00,115478.2028
8/12/2024 17:00,120054.1968
8/12/2024 18:00,123780.8131
8/12/2024 19:00,126351.6772
8/12/2024 20:00,128334.9627
8/12/2024 21:00,130007.5491
8/12/2024 22:00,129821.1517
8/12/2024 23:00,125655.5424
8/13/2024 0:00,120654.1944
8/13/2024 1:00,115527.2139
8/13/2024 2:00,107252.5466
8/13/2024 3:00,99279.26418
8/13/2024 4:00,92704.46085
8/13/2024 5:00,88059.49657
8/13/2024 6:00,84887.52599
8/13/2024 7:00,83112.26034
8/13/2024 8:00,83090.52692
8/13/2024 9:00,85813.8576
8/13/2024 10:00,90336.62683
8/13/2024 11:00,94897.31865
8/13/2024 12:00,98976.88133
8/13/2024 13:00,103385.4392
8/13/2024 14:00,107919.8513
8/13/2024 15:00,113017.0038
8/13/2024 16:00,118461.5584
8/13/2024 17:00,123312.6575
8/13/2024 18:00,127367.8255
8/13/2024 19:00,130356.8362
8/13/2024 20:00,133193.8238
8/13/2024 21:00,134973.6357
8/13/2024 22:00,133965.3602
8/13/2024 23:00,129576.9834
8/14/2024 0:00,125018.1766
8/14/2024 1:00,119479.5917
8/14/2024 2:00,110867.9455
8/14/2024 3:00,102521.9793
8/14/2024 4:00,95589.90511
8/14/2024 5:00,90560.28147
8/14/2024 6:00,87089.91988
8/14/2024 7:00,84901.05393
8/14/2024 8:00,84815.00733
8/14/2024 9:00,87203.02238
8/14/2024 10:00,91730.55965
8/14/2024 11:00,96057.17366
8/14/2024 12:00,100317.7003
8/14/2024 13:00,105380.3676
8/14/2024 14:00,110720.1361
8/14/2024 15:00,116861.8234
8/14/2024 16:00,122726.2987
8/14/2024 17:00,128774.2883
8/14/2024 18:00,133115.9827
8/14/2024 19:00,136837.7201
8/14/2024 20:00,139959.1272
8/14/2024 21:00,141218.4459
8/14/2024 22:00,139330.9648
8/14/2024 23:00,134482.6378
8/15/2024 0:00,129155.3994
8/15/2024 1:00,122833.4134
8/15/2024 2:00,113937.2368
8/15/2024 3:00,104930.1754
8/15/2024 4:00,97756.48322
8/15/2024 5:00,92467.7218
8/15/2024 6:00,88856.86917
8/15/2024 7:00,86504.44814
8/15/2024 8:00,86310.39974
8/15/2024 9:00,88972.41113
8/15/2024 10:00,93688.8961
8/15/2024 11:00,98179.50873
8/15/2024 12:00,102296.5505
8/15/2024 13:00,106686.4797
8/15/2024 14:00,112201.7788
8/15/2024 15:00,117723.62
8/15/2024 16:00,123051.7456
8/15/2024 17:00,128313.3402
8/15/2024 18:00,132287.1188
8/15/2024 19:00,135221.7959
8/15/2024 20:00,137426.4075
8/15/2024 21:00,138039.9331
8/15/2024 22:00,135709.4673
8/15/2024 23:00,131126.9311
8/16/2024 0:00,127309.1675
8/16/2024 1:00,121792.8704
8/16/2024 2:00,113658.9159
8/16/2024 3:00,105925.6991
8/16/2024 4:00,99217.72311
8/16/2024 5:00,94187.76682
8/16/2024 6:00,90667.17442
8/16/2024 7:00,88415.76944
8/16/2024 8:00,88103.18519
8/16/2024 9:00,90554.84811
8/16/2024 10:00,95246.384
8/16/2024 11:00,99601.27364
8/16/2024 12:00,104177.6002
8/16/2024 13:00,109248.6948
8/16/2024 14:00,114999.4023
8/16/2024 15:00,120687.1272
8/16/2024 16:00,126673.6867
8/16/2024 17:00,132247.6438
8/16/2024 18:00,136899.2612
8/16/2024 19:00,140372.1731
8/16/2024 20:00,142608.6086
8/16/2024 21:00,142930.729
8/16/2024 22:00,139925.9727
8/16/2024 23:00,134947.356
8/17/2024 0:00,130376.241
8/17/2024 1:00,124749.5027
8/17/2024 2:00,117509.058
8/17/2024 3:00,110030.1
8/17/2024 4:00,103360.601
8/17/2024 5:00,97934.34244
8/17/2024 6:00,94084.64395
8/17/2024 7:00,91472.75249
8/17/2024 8:00,90060.74544
8/17/2024 9:00,89943.87287
8/17/2024 10:00,91198.97792
8/17/2024 11:00,93395.71669
8/17/2024 12:00,98366.23873
8/17/2024 13:00,104016.1519
8/17/2024 14:00,109873.9742
8/17/2024 15:00,115714.0548
8/17/2024 16:00,120588.4397
8/17/2024 17:00,123789.1295
8/17/2024 18:00,126302.777
8/17/2024 19:00,127764.904
8/17/2024 20:00,127943.3176
8/17/2024 21:00,127061.0073
8/17/2024 22:00,124346.7691
8/17/2024 23:00,120717.2879
8/18/2024 0:00,117550.8615
8/18/2024 1:00,113607.6871
8/18/2024 2:00,107843.2299
8/18/2024 3:00,101897.9196
8/18/2024 4:00,96359.33474
8/18/2024 5:00,91748.19033
8/18/2024 6:00,88388.04824
8/18/2024 7:00,86372.05169
8/18/2024 8:00,85182.03601
8/18/2024 9:00,85370.42929
8/18/2024 10:00,86321.82087
8/18/2024 11:00,87968.90369
8/18/2024 12:00,92775.09446
8/18/2024 13:00,98149.23718
8/18/2024 14:00,102981.375
8/18/2024 15:00,108141.2883
8/18/2024 16:00,113329.9207
8/18/2024 17:00,118041.6376
8/18/2024 18:00,122300.9446
8/18/2024 19:00,125719.523
8/18/2024 20:00,129011.4709
8/18/2024 21:00,130446.542
8/18/2024 22:00,128474.6776
8/18/2024 23:00,124544.0332
8/19/2024 0:00,120961.8997
8/19/2024 1:00,116014.9962
8/19/2024 2:00,109193.3633
8/19/2024 3:00,102232.5699
8/19/2024 4:00,95969.57467
8/19/2024 5:00,91516.21933
8/19/2024 6:00,88462.67371
8/19/2024 7:00,86907.29262
8/19/2024 8:00,87591.6736
8/19/2024 9:00,90716.40727
8/19/2024 10:00,96246.5649
8/19/2024 11:00,100826.3289
8/19/2024 12:00,105248.4147
8/19/2024 13:00,108990.6658
8/19/2024 14:00,113737.0897
8/19/2024 15:00,117454.8353
8/19/2024 16:00,121033.864
8/19/2024 17:00,124556.3414
8/19/2024 18:00,127092.8312
8/19/2024 19:00,128450.2829
8/19/2024 20:00,128673.0505
8/19/2024 21:00,127717.2235
8/19/2024 22:00,124769.7947
8/19/2024 23:00,120367.3354
8/20/2024 0:00,117265.444
8/20/2024 1:00,112303.0166
8/20/2024 2:00,104750.6529
8/20/2024 3:00,97220.24433
8/20/2024 4:00,91236.23521
8/20/2024 5:00,86546.91702
8/20/2024 6:00,83675.44424
8/20/2024 7:00,81654.2361
8/20/2024 8:00,81747.49022
8/20/2024 9:00,84482.90735
8/20/2024 10:00,89058.23597
8/20/2024 11:00,92363.60097
8/20/2024 12:00,94683.75453
8/20/2024 13:00,96114.72287
8/20/2024 14:00,97847.96318
8/20/2024 15:00,99235.68645
8/20/2024 16:00,101158.0962
8/20/2024 17:00,102882.9093
8/20/2024 18:00,104159.7478
8/20/2024 19:00,105079.2045
8/20/2024 20:00,106899.7112
8/20/2024 21:00,107838.4619
8/20/2024 22:00,106999.1748
8/20/2024 23:00,104560.8181
8/21/2024 0:00,103316.5797
8/21/2024 1:00,99872.05432
8/21/2024 2:00,93578.34396
8/21/2024 3:00,87165.09978
8/21/2024 4:00,82336.39939
8/21/2024 5:00,79053.21135
8/21/2024 6:00,77028.56579
8/21/2024 7:00,75819.81058
8/21/2024 8:00,76327.55208
8/21/2024 9:00,79238.94339
8/21/2024 10:00,84317.91077
8/21/2024 11:00,87834.84397
8/21/2024 12:00,89877.56376
8/21/2024 13:00,91313.96545
8/21/2024 14:00,93121.05504
8/21/2024 15:00,94789.20597
8/21/2024 16:00,96650.07468
8/21/2024 17:00,98742.80352
8/21/2024 18:00,100339.212
8/21/2024 19:00,102244.8782
8/21/2024 20:00,104849.0077
8/21/2024 21:00,107117.378
8/21/2024 22:00,107222.0533
8/21/2024 23:00,105209.1615
8/22/2024 0:00,103954.3891
8/22/2024 1:00,100259.8185
8/22/2024 2:00,93684.12805
8/22/2024 3:00,87497.64329
8/22/2024 4:00,82488.0898
8/22/2024 5:00,79222.42155
8/22/2024 6:00,76838.39835
8/22/2024 7:00,75905.85719
8/22/2024 8:00,76542.00328
8/22/2024 9:00,79565.72089
8/22/2024 10:00,84843.6156
8/22/2024 11:00,88435.17428
8/22/2024 12:00,90954.25516
8/22/2024 13:00,92796.82788
8/22/2024 14:00,94923.59835
8/22/2024 15:00,96829.70806
8/22/2024 16:00,99475.19762
8/22/2024 17:00,102880.2481
8/22/2024 18:00,105513.0967
8/22/2024 19:00,108177.3258
8/22/2024 20:00,111236.6375
8/22/2024 21:00,113684.5303
8/22/2024 22:00,113756.7163
8/22/2024 23:00,110850.0931
8/23/2024 0:00,108516.1898
8/23/2024 1:00,103992.0899
8/23/2024 2:00,96821.05905
8/23/2024 3:00,90047.66104
8/23/2024 4:00,84604.88063
8/23/2024 5:00,80865.06898
8/23/2024 6:00,78353.52826
8/23/2024 7:00,77058.72645
8/23/2024 8:00,77324.29555
8/23/2024 9:00,80209.62893
8/23/2024 10:00,84988.54204
8/23/2024 11:00,88552.26863
8/23/2024 12:00,91901.87666
8/23/2024 13:00,94672.33339
8/23/2024 14:00,97650.36647
8/23/2024 15:00,100761.2395
8/23/2024 16:00,104155.4233
8/23/2024 17:00,108204.3817
8/23/2024 18:00,112541.5298
8/23/2024 19:00,116752.9345
8/23/2024 20:00,120991.9495
8/23/2024 21:00,123633.5581
8/23/2024 22:00,121938.1295
8/23/2024 23:00,116786.0891
8/24/2024 0:00,112565.1483
8/24/2024 1:00,107232.3656
8/24/2024 2:00,100493.5636
8/24/2024 3:00,93410.90791
8/24/2024 4:00,87357.26314
8/24/2024 5:00,82793.023
8/24/2024 6:00,79494.75462
8/24/2024 7:00,77634.44033
8/24/2024 8:00,76640.91252
8/24/2024 9:00,77324.29555
8/24/2024 10:00,78287.33004
8/24/2024 11:00,80247.55153
8/24/2024 12:00,84283.86913
8/24/2024 13:00,89080.41293
8/24/2024 14:00,94239.77179
8/24/2024 15:00,99615.02335
8/24/2024 16:00,105850.741
8/24/2024 17:00,111879.2149
8/24/2024 18:00,117164.7606
8/24/2024 19:00,122278.8785
8/24/2024 20:00,126710.1678
8/24/2024 21:00,128949.5972
8/24/2024 22:00,127730.4188
8/24/2024 23:00,122875.7714
8/25/2024 0:00,118351.6715
8/25/2024 1:00,113154.9445
8/25/2024 2:00,106297.1632
8/25/2024 3:00,99198.76181
8/25/2024 4:00,92901.83579
8/25/2024 5:00,87826.08407
8/25/2024 6:00,84144.8196
8/25/2024 7:00,81843.40557
8/25/2024 8:00,80199.09487
8/25/2024 9:00,79886.39974
8/25/2024 10:00,80435.83392
8/25/2024 11:00,81596.90866
8/25/2024 12:00,86526.6251
8/25/2024 13:00,92916.47258
8/25/2024 14:00,100241.5225
8/25/2024 15:00,108109.6861
8/25/2024 16:00,116001.4682
8/25/2024 17:00,122861.9108
8/25/2024 18:00,128535.5533
8/25/2024 19:00,133741.3729
8/25/2024 20:00,138307.4981
8/25/2024 21:00,140898.6541
8/25/2024 22:00,140086.8665
8/25/2024 23:00,136037.021
8/26/2024 0:00,131925.6343
8/26/2024 1:00,125120.3015
8/26/2024 2:00,116346.3199
8/26/2024 3:00,107742.8792
8/26/2024 4:00,100573.8442
8/26/2024 5:00,95332.31972
8/26/2024 6:00,91908.64064
8/26/2024 7:00,89893.53117
8/26/2024 8:00,90085.47276
8/26/2024 9:00,93206.10368
8/26/2024 10:00,99299.99964
8/26/2024 11:00,103683.7193
8/26/2024 12:00,108444.3364
8/26/2024 13:00,114245.8292
8/26/2024 14:00,121542.9361
8/26/2024 15:00,130037.7097
8/26/2024 16:00,138044.9229
8/26/2024 17:00,145461.0092
8/26/2024 18:00,148905.3129
8/26/2024 19:00,152741.2616
8/26/2024 20:00,155501.4061
8/26/2024 21:00,156452.2433
8/26/2024 22:00,154490.0258
8/26/2024 23:00,149965.0389
8/27/2024 0:00,144792.9283
8/27/2024 1:00,137055.1652
8/27/2024 2:00,126824.2682
8/27/2024 3:00,117090.4678
8/27/2024 4:00,109014.1734
8/27/2024 5:00,103088.7115
8/27/2024 6:00,98917.11442
8/27/2024 7:00,96011.48912
8/27/2024 8:00,95461.83317
8/27/2024 9:00,98059.86403
8/27/2024 10:00,103547.7746
8/27/2024 11:00,108066.9955
8/27/2024 12:00,112955.5736
8/27/2024 13:00,118987.485
8/27/2024 14:00,126796.9906
8/27/2024 15:00,134927.5076
8/27/2024 16:00,143340.1157
8/27/2024 17:00,150433.4163
8/27/2024 18:00,155329.5347
8/27/2024 19:00,158651.3106
8/27/2024 20:00,161409.57
8/27/2024 21:00,162479.6083
8/27/2024 22:00,160827.4248
8/27/2024 23:00,155456.6086
8/28/2024 0:00,149154.1384
8/28/2024 1:00,140277.8101
8/28/2024 2:00,129794.5394
8/28/2024 3:00,119938.1004
8/28/2024 4:00,111970.6948
8/28/2024 5:00,106203.1329
8/28/2024 6:00,101802.3369
8/28/2024 7:00,99037.53531
8/28/2024 8:00,98452.95065
8/28/2024 9:00,101208.8815
8/28/2024 10:00,107366.0926
8/28/2024 11:00,111669.0882
8/28/2024 12:00,116503.4437
8/28/2024 13:00,122951.9492
8/28/2024 14:00,130784.1862
8/28/2024 15:00,138906.0543
8/28/2024 16:00,146903.2878
8/28/2024 17:00,153717.6023
8/28/2024 18:00,158768.2941
8/28/2024 19:00,162019.5473
8/28/2024 20:00,164093.2039
8/28/2024 21:00,164439.8298
8/28/2024 22:00,162692.7289
8/28/2024 23:00,158350.2584
8/29/2024 0:00,153161.1824
8/29/2024 1:00,144761.1044
8/29/2024 2:00,133903.5974
8/29/2024 3:00,123699.4237
8/29/2024 4:00,115688.7731
8/29/2024 5:00,109519.0319
8/29/2024 6:00,105170.6845
8/29/2024 7:00,102257.4081
8/29/2024 8:00,101471.4567
8/29/2024 9:00,104364.6629
8/29/2024 10:00,109958.0248
8/29/2024 11:00,114231.9686
8/29/2024 12:00,118539.9539
8/29/2024 13:00,123286.8213
8/29/2024 14:00,129206.8499
8/29/2024 15:00,135423.6062
8/29/2024 16:00,141645.9068
8/29/2024 17:00,147803.3397
8/29/2024 18:00,151834.4458
8/29/2024 19:00,154407.8602
8/29/2024 20:00,154871.8022
8/29/2024 21:00,152791.2707
8/29/2024 22:00,148945.5641
8/29/2024 23:00,143744.7343
8/30/2024 0:00,139120.0619
8/30/2024 1:00,131868.8613
8/30/2024 2:00,122973.0174
8/30/2024 3:00,114146.5873
8/30/2024 4:00,106875.6492
8/30/2024 5:00,101417.1231
8/30/2024 6:00,97656.24336
8/30/2024 7:00,95019.07016
8/30/2024 8:00,94608.90729
8/30/2024 9:00,96764.28603
8/30/2024 10:00,101574.4687
8/30/2024 11:00,105592.712
8/30/2024 12:00,109636.348
8/30/2024 13:00,114121.7491
8/30/2024 14:00,119397.7588
8/30/2024 15:00,124735.0877
8/30/2024 16:00,130084.8358
8/30/2024 17:00,134093.5431
8/30/2024 18:00,136048.2203
8/30/2024 19:00,135914.0497
8/30/2024 20:00,135324.1426
8/30/2024 21:00,134884.5952
8/30/2024 22:00,131800.2236
8/30/2024 23:00,128180.3893
8/31/2024 0:00,125139.041
8/31/2024 1:00,120457.3739
8/31/2024 2:00,113890.9978
8/31/2024 3:00,107131.2386
8/31/2024 4:00,100563.7537
8/31/2024 5:00,95525.59193
8/31/2024 6:00,91746.41617
8/31/2024 7:00,89287.1022
8/31/2024 8:00,87769.42194
8/31/2024 9:00,87796.03429
8/31/2024 10:00,88758.29258
8/31/2024 11:00,90547.75149
8/31/2024 12:00,95283.30864
8/31/2024 13:00,100918.3633
8/31/2024 14:00,106499.9715
8/31/2024 15:00,111578.3844
8/31/2024 16:00,116073.0998
8/31/2024 17:00,119785.5229
8/31/2024 18:00,122423.4723
8/31/2024 19:00,124521.9671
8/31/2024 20:00,126169.3826
8/31/2024 21:00,126461.564
8/31/2024 22:00,124236.3279
8/31/2024 23:00,121053.6015
9/1/2024 0:00,117618.8339
9/1/2024 1:00,112806.1009
9/1/2024 2:00,106914.2371
9/1/2024 3:00,100628.6213
9/1/2024 4:00,95334.20476
9/1/2024 5:00,90907.24001
9/1/2024 6:00,87751.79125
9/1/2024 7:00,85583.10634
9/1/2024 8:00,84445.20652
9/1/2024 9:00,84351.06532
9/1/2024 10:00,85097.76357
9/1/2024 11:00,86678.42639
9/1/2024 12:00,91299.32866
9/1/2024 13:00,97208.047
9/1/2024 14:00,103137.0573
9/1/2024 15:00,108294.8637
9/1/2024 16:00,112766.1824
9/1/2024 17:00,116588.9359
9/1/2024 18:00,119921.4677
9/1/2024 19:00,123528.4393
9/1/2024 20:00,126349.9031
9/1/2024 21:00,127315.8205
9/1/2024 22:00,125170.7541
9/1/2024 23:00,120521.798
9/2/2024 0:00,116534.6023
9/2/2024 1:00,111456.7438
9/2/2024 2:00,105215.9255
9/2/2024 3:00,98781.28054
9/2/2024 4:00,93094.55357
9/2/2024 5:00,88193.5563
9/2/2024 6:00,84494.77202
9/2/2024 7:00,82009.73277
9/2/2024 8:00,80909.20113
9/2/2024 9:00,80655.49671
9/2/2024 10:00,81212.47106
9/2/2024 11:00,81632.50268
9/2/2024 12:00,84533.69259
9/2/2024 13:00,88344.91405
9/2/2024 14:00,91764.82305
9/2/2024 15:00,95041.91243
9/2/2024 16:00,98062.19261
9/2/2024 17:00,100586.9286
9/2/2024 18:00,103124.6382
9/2/2024 19:00,105892.6554
9/2/2024 20:00,108941.433
9/2/2024 21:00,111037.7101
9/2/2024 22:00,109932.5213
9/2/2024 23:00,106276.0951
9/3/2024 0:00,103594.2353
9/3/2024 1:00,98307.24802
9/3/2024 2:00,91427.17884
9/3/2024 3:00,84839.2911
9/3/2024 4:00,79909.13112
9/3/2024 5:00,76518.05217
9/3/2024 6:00,74360.34484
9/3/2024 7:00,73444.76905
9/3/2024 8:00,74430.86758
9/3/2024 9:00,77950.68378
9/3/2024 10:00,84410.49958
9/3/2024 11:00,88366.53659
9/3/2024 12:00,90533.11469
9/3/2024 13:00,92063.87936
9/3/2024 14:00,93757.09025
9/3/2024 15:00,95385.54443
9/3/2024 16:00,97351.19928
9/3/2024 17:00,99935.70219
9/3/2024 18:00,102238.336
9/3/2024 19:00,105090.4039
9/3/2024 20:00,108451.6548
9/3/2024 21:00,110819.0453
9/3/2024 22:00,110586.409
9/3/2024 23:00,108182.2048
9/4/2024 0:00,106066.7446
9/4/2024 1:00,100752.0361
9/4/2024 2:00,93665.83206
9/4/2024 3:00,87377.99859
9/4/2024 4:00,82416.01468
9/4/2024 5:00,79103.77482
9/4/2024 6:00,77014.15076
9/4/2024 7:00,75912.51027
9/4/2024 8:00,76349.06373
9/4/2024 9:00,79739.03384
9/4/2024 10:00,85895.46882
9/4/2024 11:00,89636.61108
9/4/2024 12:00,91262.95845
9/4/2024 13:00,92749.14742
9/4/2024 14:00,94811.27205
9/4/2024 15:00,96945.02825
9/4/2024 16:00,99500.81201
9/4/2024 17:00,103178.0846
9/4/2024 18:00,106471.0305
9/4/2024 19:00,110437.4907
9/4/2024 20:00,114330.3234
9/4/2024 21:00,117181.1716
9/4/2024 22:00,116692.6132
9/4/2024 23:00,113936.5715
9/5/2024 0:00,111446.7642
9/5/2024 1:00,105646.2694
9/5/2024 2:00,98095.23628
9/5/2024 3:00,91057.71068
9/5/2024 4:00,85536.42384
9/5/2024 5:00,81703.46895
9/5/2024 6:00,79167.97712
9/5/2024 7:00,77899.89854
9/5/2024 8:00,78464.52395
9/5/2024 9:00,81677.07837
9/5/2024 10:00,88110.72535
9/5/2024 11:00,91853.75266
9/5/2024 12:00,94109.03861
9/5/2024 13:00,96490.84411
9/5/2024 14:00,99611.47504
9/5/2024 15:00,103118.3177
9/5/2024 16:00,107186.2375
9/5/2024 17:00,111674.078
9/5/2024 18:00,115796.1096
9/5/2024 19:00,120106.9779
9/5/2024 20:00,124067.5612
9/5/2024 21:00,125840.3874
9/5/2024 22:00,124457.0995
9/5/2024 23:00,120926.4166
9/6/2024 0:00,118042.5247
9/6/2024 1:00,111835.8589
9/6/2024 2:00,103841.3975
9/6/2024 3:00,96379.51577
9/6/2024 4:00,90409.14549
9/6/2024 5:00,85924.29887
9/6/2024 6:00,82966.89036
9/6/2024 7:00,81385.784
9/6/2024 8:00,81558.6534
9/6/2024 9:00,84621.06981
9/6/2024 10:00,90649.10019
9/6/2024 11:00,94503.23407
9/6/2024 12:00,97330.5747
9/6/2024 13:00,99789.11249
9/6/2024 14:00,102605.3646
9/6/2024 15:00,105638.3966
9/6/2024 16:00,109554.8477
9/6/2024 17:00,113009.3528
9/6/2024 18:00,115319.9702
9/6/2024 19:00,116893.7582
9/6/2024 20:00,117512.0518
9/6/2024 21:00,117375.22
9/6/2024 22:00,114505.854
9/6/2024 23:00,110766.2641
9/7/2024 0:00,107704.4022
9/7/2024 1:00,103387.4351
9/7/2024 2:00,97842.97336
9/7/2024 3:00,91849.64992
9/7/2024 4:00,86493.47054
9/7/2024 5:00,82257.00588
9/7/2024 6:00,79501.85125
9/7/2024 7:00,77732.24073
9/7/2024 8:00,77250.00273
9/7/2024 9:00,77732.79515
9/7/2024 10:00,79619.83268
9/7/2024 11:00,81681.07022
9/7/2024 12:00,85189.24353
9/7/2024 13:00,88393.14894
9/7/2024 14:00,90945.71703
9/7/2024 15:00,92616.75097
9/7/2024 16:00,93102.86993
9/7/2024 17:00,93228.6133
9/7/2024 18:00,93536.98392
9/7/2024 19:00,93330.62731
9/7/2024 20:00,93050.97585
9/7/2024 21:00,93427.20797
9/7/2024 22:00,93159.75384
9/7/2024 23:00,92311.48512
9/8/2024 0:00,91588.95976
9/8/2024 1:00,88740.44013
9/8/2024 2:00,84515.3966
9/8/2024 3:00,80021.12477
9/8/2024 4:00,76098.3532
9/8/2024 5:00,73123.09224
9/8/2024 6:00,71247.47585
9/8/2024 7:00,70013.10626
9/8/2024 8:00,69470.43605
9/8/2024 9:00,69989.4878
9/8/2024 10:00,71273.09024
9/8/2024 11:00,72639.7454
9/8/2024 12:00,74788.24929
9/8/2024 13:00,76421.47151
9/8/2024 14:00,77295.79815
9/8/2024 15:00,78418.28498
9/8/2024 16:00,79771.4122
9/8/2024 17:00,80939.14003
9/8/2024 18:00,82678.25723
9/8/2024 19:00,85015.48704
9/8/2024 20:00,88463.56079
9/8/2024 21:00,91536.95479
9/8/2024 22:00,92803.2592
9/8/2024 23:00,92894.40651
9/9/2024 0:00,93287.04959
9/9/2024 1:00,89321.03294
9/9/2024 2:00,84276.43985
9/9/2024 3:00,79332.86281
9/9/2024 4:00,75703.38154
9/9/2024 5:00,73263.80506
9/9/2024 6:00,72016.24017
9/9/2024 7:00,71688.79736
9/9/2024 8:00,73027.06601
9/9/2024 9:00,76780.62737
9/9/2024 10:00,83734.87849
9/9/2024 11:00,87675.94605
9/9/2024 12:00,89209.37195
9/9/2024 13:00,89961.50355
9/9/2024 14:00,91319.17704
9/9/2024 15:00,92389.76978
9/9/2024 16:00,93975.75508
9/9/2024 17:00,96133.57329
9/9/2024 18:00,98134.71127
9/9/2024 19:00,100844.0705
9/9/2024 20:00,104310.2184
9/9/2024 21:00,107218.6159
9/9/2024 22:00,107428.8534
9/9/2024 23:00,106005.0926
9/10/2024 0:00,104570.4651
9/10/2024 1:00,99282.36895
9/10/2024 2:00,92634.38165
9/10/2024 3:00,86254.29203
9/10/2024 4:00,81518.29134
9/10/2024 5:00,78213.1481
9/10/2024 6:00,76256.69669
9/10/2024 7:00,75397.45038
9/10/2024 8:00,76124.74378
9/10/2024 9:00,79651.65661
9/10/2024 10:00,85978.29976
9/10/2024 11:00,89888.874
9/10/2024 12:00,91689.64316
9/10/2024 13:00,93162.41507
9/10/2024 14:00,95287.07872
9/10/2024 15:00,97723.21778
9/10/2024 16:00,100668.9834
9/10/2024 17:00,104447.6047
9/10/2024 18:00,108409.2968
9/10/2024 19:00,112477.2166
9/10/2024 20:00,116676.3131
9/10/2024 21:00,119634.3869
9/10/2024 22:00,119258.1548
9/10/2024 23:00,116186.4241
9/11/2024 0:00,113104.9355
9/11/2024 1:00,105965.3958
9/11/2024 2:00,98458.49489
9/11/2024 3:00,91811.50555
9/11/2024 4:00,85788.24322
9/11/2024 5:00,81837.41779
9/11/2024 6:00,79088.69448
9/11/2024 7:00,77456.91377
9/11/2024 8:00,77934.16195
9/11/2024 9:00,80994.13889
9/11/2024 10:00,87103.78048
9/11/2024 11:00,90944.71907
9/11/2024 12:00,92926.67399
9/11/2024 13:00,95122.63656
9/11/2024 14:00,98078.82533
9/11/2024 15:00,101640.2233
9/11/2024 16:00,106300.8224
9/11/2024 17:00,111348.742
9/11/2024 18:00,115968.979
9/11/2024 19:00,120818.9692
9/11/2024 20:00,124927.5837
9/11/2024 21:00,127218.5746
9/11/2024 22:00,125063.5285
9/11/2024 23:00,120971.8794
9/12/2024 0:00,117381.7622
9/12/2024 1:00,110344.1257
9/12/2024 2:00,102112.8144
9/12/2024 3:00,94361.30153
9/12/2024 4:00,88303.6649
9/12/2024 5:00,83849.42249
9/12/2024 6:00,80948.1217
9/12/2024 7:00,79438.86868
9/12/2024 8:00,79359.14251
9/12/2024 9:00,82675.70688
9/12/2024 10:00,89007.56161
9/12/2024 11:00,93190.57981
9/12/2024 12:00,95857.58102
9/12/2024 13:00,98506.39712
9/12/2024 14:00,101922.0925
9/12/2024 15:00,105493.1375
9/12/2024 16:00,110115.8139
9/12/2024 17:00,114955.6028
9/12/2024 18:00,119451.0943
9/12/2024 19:00,123493.3997
9/12/2024 20:00,126972.8539
9/12/2024 21:00,127776.8795
9/12/2024 22:00,124950.2042
9/12/2024 23:00,120967.1113
9/13/2024 0:00,117543.8758
9/13/2024 1:00,111197.8278
9/13/2024 2:00,103344.5227
9/13/2024 3:00,95742.81525
9/13/2024 4:00,89644.48391
9/13/2024 5:00,85350.35914
9/13/2024 6:00,82711.85532
9/13/2024 7:00,81242.85349
9/13/2024 8:00,81309.60614
9/13/2024 9:00,84197.82253
9/13/2024 10:00,90335.85063
9/13/2024 11:00,94423.84056
9/13/2024 12:00,97415.29069
9/13/2024 13:00,100248.9518
9/13/2024 14:00,103453.0789
9/13/2024 15:00,107134.5652
9/13/2024 16:00,111283.6526
9/13/2024 17:00,115740.0019
9/13/2024 18:00,119748.3765
9/13/2024 19:00,123295.0268
9/13/2024 20:00,126380.1746
9/13/2024 21:00,127006.7846
9/13/2024 22:00,123688.4461
9/13/2024 23:00,118834.2422
9/14/2024 0:00,114836.2907
9/14/2024 1:00,108782.4242
9/14/2024 2:00,102394.9053
9/14/2024 3:00,95941.07727
9/14/2024 4:00,89957.5117
9/14/2024 5:00,85400.47907
9/14/2024 6:00,82003.41234
9/14/2024 7:00,79801.35109
9/14/2024 8:00,78824.78866
9/14/2024 9:00,79066.96106
9/14/2024 10:00,80877.48808
9/14/2024 11:00,82866.31785
9/14/2024 12:00,86912.61509
9/14/2024 13:00,91350.22478
9/14/2024 14:00,96351.01838
9/14/2024 15:00,101946.0436
9/14/2024 16:00,107746.4275
9/14/2024 17:00,113161.2649
9/14/2024 18:00,117870.2097
9/14/2024 19:00,122067.0885
9/14/2024 20:00,125163.9901
9/14/2024 21:00,126049.8488
9/14/2024 22:00,123099.0934
9/14/2024 23:00,118408.4446
9/15/2024 0:00,114071.74
9/15/2024 1:00,107898.4506
9/15/2024 2:00,101336.399
9/15/2024 3:00,94826.46326
9/15/2024 4:00,89155.0384
9/15/2024 5:00,84607.20921
9/15/2024 6:00,81296.52174
9/15/2024 7:00,78950.42114
9/15/2024 8:00,77552.2747
9/15/2024 9:00,77257.43201
9/15/2024 10:00,78213.59164
9/15/2024 11:00,79575.47876
9/15/2024 12:00,83480.9523
9/15/2024 13:00,88335.0453
9/15/2024 14:00,93449.6067
9/15/2024 15:00,98629.36836
9/15/2024 16:00,104696.9846
9/15/2024 17:00,110092.9716
9/15/2024 18:00,114829.305
9/15/2024 19:00,118917.9602
9/15/2024 20:00,122175.3121
9/15/2024 21:00,123501.2725
9/15/2024 22:00,121300.5419
9/15/2024 23:00,117394.9575
9/16/2024 0:00,114018.4044
9/16/2024 1:00,106948.6114
9/16/2024 2:00,99471.42754
9/16/2024 3:00,92116.21698
9/16/2024 4:00,86447.1207
9/16/2024 5:00,82193.57977
9/16/2024 6:00,79590.55909
9/16/2024 7:00,78316.49274
9/16/2024 8:00,78953.30414
9/16/2024 9:00,82433.75625
9/16/2024 10:00,88808.30163
9/16/2024 11:00,92884.42688
9/16/2024 12:00,95359.15384
9/16/2024 13:00,97987.01272
9/16/2024 14:00,101507.9378
9/16/2024 15:00,105198.2948
9/16/2024 16:00,109215.4293
9/16/2024 17:00,113058.5856
9/16/2024 18:00,116115.4578
9/16/2024 19:00,118862.1852
9/16/2024 20:00,120646.876
9/16/2024 21:00,121276.1473
9/16/2024 22:00,119279.2229
9/16/2024 23:00,117145.3558
9/17/2024 0:00,114185.7296
9/17/2024 1:00,107864.5198
9/17/2024 2:00,100329.7868
9/17/2024 3:00,93194.23901
9/17/2024 4:00,87890.95168
9/17/2024 5:00,83904.64312
9/17/2024 6:00,81552.33297
9/17/2024 7:00,80336.0376
9/17/2024 8:00,80748.63994
9/17/2024 9:00,84254.9282
9/17/2024 10:00,91091.08701
9/17/2024 11:00,95898.6084
9/17/2024 12:00,98258.34782
9/17/2024 13:00,100472.052
9/17/2024 14:00,103123.1967
9/17/2024 15:00,105607.3488
9/17/2024 16:00,108737.1832
9/17/2024 17:00,112107.7485
9/17/2024 18:00,114647.1213
9/17/2024 19:00,116491.9117
9/17/2024 20:00,118130.4564
9/17/2024 21:00,118757.9535
9/17/2024 22:00,117873.9798
9/17/2024 23:00,116852.2873
9/18/2024 0:00,114461.5001
9/18/2024 1:00,109006.0788
9/18/2024 2:00,102029.0963
9/18/2024 3:00,95474.47404
9/18/2024 4:00,90082.36798
9/18/2024 5:00,86094.06349
9/18/2024 6:00,83540.27567
9/18/2024 7:00,82286.83389
9/18/2024 8:00,82669.05379
9/18/2024 9:00,86156.38075
9/18/2024 10:00,93144.45173
9/18/2024 11:00,97643.15895
9/18/2024 12:00,100197.8339
9/18/2024 13:00,102634.5273
9/18/2024 14:00,105503.4498
9/18/2024 15:00,108605.6738
9/18/2024 16:00,111700.4686
9/18/2024 17:00,114097.6871
9/18/2024 18:00,116621.8687
9/18/2024 19:00,119616.4236
9/18/2024 20:00,121718.6885
9/18/2024 21:00,122730.1796
9/18/2024 22:00,121350.4401
9/18/2024 23:00,119514.5204
9/19/2024 0:00,116775.9985
9/19/2024 1:00,111085.2797
9/19/2024 2:00,103792.1647
9/19/2024 3:00,96597.84794
9/19/2024 4:00,90835.60843
9/19/2024 5:00,86676.54135
9/19/2024 6:00,83792.87124
9/19/2024 7:00,82275.96718
9/19/2024 8:00,82371.99341
9/19/2024 9:00,85768.83838
9/19/2024 10:00,92638.15174
9/19/2024 11:00,97122.11128
9/19/2024 12:00,99638.19828
9/19/2024 13:00,102522.201
9/19/2024 14:00,106110.8767
9/19/2024 15:00,110714.2592
9/19/2024 16:00,116155.5981
9/19/2024 17:00,121394.794
9/19/2024 18:00,125796.8097
9/19/2024 19:00,129294.0054
9/19/2024 20:00,132160.4883
9/19/2024 21:00,133004.4326
9/19/2024 22:00,130036.7118
9/19/2024 23:00,126266.185
9/20/2024 0:00,122024.287
9/20/2024 1:00,115018.1418
9/20/2024 2:00,106644.6761
9/20/2024 3:00,98550.97281
9/20/2024 4:00,91897.9957
9/20/2024 5:00,87221.42926
9/20/2024 6:00,84031.38444
9/20/2024 7:00,82011.06339
9/20/2024 8:00,82283.84
9/20/2024 9:00,84974.45967
9/20/2024 10:00,91053.60794
9/20/2024 11:00,95151.91015
9/20/2024 12:00,98401.27833
9/20/2024 13:00,101608.8429
9/20/2024 14:00,105832.2232
9/20/2024 15:00,111063.6572
9/20/2024 16:00,117094.2379
9/20/2024 17:00,122743.9294
9/20/2024 18:00,127421.272
9/20/2024 19:00,130875.9988
9/20/2024 20:00,133236.8471
9/20/2024 21:00,133024.8354
9/20/2024 22:00,128719.9548
9/20/2024 23:00,123576.7851
9/21/2024 0:00,118467.1026
9/21/2024 1:00,111941.8648
9/21/2024 2:00,105116.6836
9/21/2024 3:00,97946.20711
9/21/2024 4:00,91608.03194
9/21/2024 5:00,86832.66715
9/21/2024 6:00,83514.55039
9/21/2024 7:00,81227.77316
9/21/2024 8:00,80192.22001
9/21/2024 9:00,80613.80402
9/21/2024 10:00,82362.5682
9/21/2024 11:00,84411.94108
9/21/2024 12:00,88118.81994
9/21/2024 13:00,92574.06032
9/21/2024 14:00,97567.97906
9/21/2024 15:00,102832.7894
9/21/2024 16:00,108271.5779
9/21/2024 17:00,113157.9384
9/21/2024 18:00,117810.5537
9/21/2024 19:00,121874.4816
9/21/2024 20:00,124434.3681
9/21/2024 21:00,124726.5496
9/21/2024 22:00,121792.4269
9/21/2024 23:00,117547.7567
9/22/2024 0:00,113252.3014
9/22/2024 1:00,107254.7643
9/22/2024 2:00,101089.1259
9/22/2024 3:00,94668.67419
9/22/2024 4:00,88997.24933
9/22/2024 5:00,84515.28571
9/22/2024 6:00,81361.94377
9/22/2024 7:00,79012.84928
9/22/2024 8:00,77724.14614
9/22/2024 9:00,77573.01015
9/22/2024 10:00,78686.95885
9/22/2024 11:00,80339.47503
9/22/2024 12:00,83754.61598
9/22/2024 13:00,87879.75231
9/22/2024 14:00,91591.95365
9/22/2024 15:00,95630.59983
9/22/2024 16:00,99865.623
9/22/2024 17:00,103712.6603
9/22/2024 18:00,106510.1729
9/22/2024 19:00,108685.5109
9/22/2024 20:00,110284.8023
9/22/2024 21:00,111061.883
9/22/2024 22:00,110065.1396
9/22/2024 23:00,109523.3564
9/23/2024 0:00,107554.2641
9/23/2024 1:00,102439.5919
9/23/2024 2:00,96356.11908
9/23/2024 3:00,90514.15339
9/23/2024 4:00,85780.48128
9/23/2024 5:00,82351.36884
9/23/2024 6:00,80241.2311
9/23/2024 7:00,79285.84766
9/23/2024 8:00,80042.082
9/23/2024 9:00,83902.42542
9/23/2024 10:00,90674.71458
9/23/2024 11:00,95342.18847
9/23/2024 12:00,97400.54301
9/23/2024 13:00,99126.13227
9/23/2024 14:00,100903.8374
9/23/2024 15:00,102555.3556
9/23/2024 16:00,104226.7222
9/23/2024 17:00,105596.0386
9/23/2024 18:00,106288.8468
9/23/2024 19:00,106626.8237
9/23/2024 20:00,107100.9671
9/23/2024 21:00,107434.6194
9/23/2024 22:00,106843.2708
9/23/2024 23:00,106858.9056
9/24/2024 0:00,105020.5465
9/24/2024 1:00,100311.6017
9/24/2024 2:00,94294.88153
9/24/2024 3:00,88770.37903
9/24/2024 4:00,84114.21539
9/24/2024 5:00,81056.89968
9/24/2024 6:00,79145.35662
9/24/2024 7:00,78343.54863
9/24/2024 8:00,79266.5537
9/24/2024 9:00,82905.57107
9/24/2024 10:00,89808.81518
9/24/2024 11:00,94663.35172
9/24/2024 12:00,97047.37492
9/24/2024 13:00,98539.55168
9/24/2024 14:00,99984.82416
9/24/2024 15:00,101321.5404
9/24/2024 16:00,102263.7286
9/24/2024 17:00,103247.4985
9/24/2024 18:00,103127.5212
9/24/2024 19:00,102916.6183
9/24/2024 20:00,103817.0028
9/24/2024 21:00,104456.3646
9/24/2024 22:00,104585.5454
9/24/2024 23:00,105152.9429
9/25/2024 0:00,103550.1031
9/25/2024 1:00,99361.5407
9/25/2024 2:00,93635.89317
9/25/2024 3:00,88124.36418
9/25/2024 4:00,83776.46029
9/25/2024 5:00,80739.32562
9/25/2024 6:00,78797.84365
9/25/2024 7:00,78076.7598
9/25/2024 8:00,78792.52118
9/25/2024 9:00,82576.02144
9/25/2024 10:00,89508.31737
9/25/2024 11:00,94613.23179
9/25/2024 12:00,97044.15926
9/25/2024 13:00,98805.89697
9/25/2024 14:00,100205.2631
9/25/2024 15:00,101604.1858
9/25/2024 16:00,102970.1756
9/25/2024 17:00,104814.6334
9/25/2024 18:00,105575.6358
9/25/2024 19:00,106439.4284
9/25/2024 20:00,107479.9713
9/25/2024 21:00,108235.873
9/25/2024 22:00,108044.4858
9/25/2024 23:00,107965.9794
9/26/2024 0:00,106442.3114
9/26/2024 1:00,102357.5371
9/26/2024 2:00,96652.95769
9/26/2024 3:00,90811.7682
9/26/2024 4:00,86142.07661
9/26/2024 5:00,82857.77972
9/26/2024 6:00,80791.9959
9/26/2024 7:00,79866.10782
9/26/2024 8:00,80852.76077
9/26/2024 9:00,84421.14452
9/26/2024 10:00,91559.57529
9/26/2024 11:00,96930.835
9/26/2024 12:00,99379.72581
9/26/2024 13:00,101751.3299
9/26/2024 14:00,103952.5041
9/26/2024 15:00,105975.9299
9/26/2024 16:00,107921.182
9/26/2024 17:00,109726.83
9/26/2024 18:00,110773.9152
9/26/2024 19:00,111413.9423
9/26/2024 20:00,112307.2302
9/26/2024 21:00,112925.8565
9/26/2024 22:00,112685.9018
9/26/2024 23:00,112909.8891
9/27/2024 0:00,111163.2317
9/27/2024 1:00,106941.8474
9/27/2024 2:00,100960.9431
9/27/2024 3:00,94944.66646
9/27/2024 4:00,89977.69273
9/27/2024 5:00,86584.39608
9/27/2024 6:00,84589.91118
9/27/2024 7:00,83371.39812
9/27/2024 8:00,83931.47724
9/27/2024 9:00,87255.24912
9/27/2024 10:00,93758.64264
9/27/2024 11:00,98983.09088
9/27/2024 12:00,101886.7202
9/27/2024 13:00,104066.0501
9/27/2024 14:00,105504.226
9/27/2024 15:00,106070.7364
9/27/2024 16:00,106585.2419
9/27/2024 17:00,106781.2862
9/27/2024 18:00,106211.4492
9/27/2024 19:00,105473.8435
9/27/2024 20:00,105397.2221
9/27/2024 21:00,105368.503
9/27/2024 22:00,104885.3779
9/27/2024 23:00,104964.9932
9/28/2024 0:00,103310.9246
9/28/2024 1:00,100298.5173
9/28/2024 2:00,95879.31444
9/28/2024 3:00,91028.10444
9/28/2024 4:00,86807.38541
9/28/2024 5:00,83247.20714
9/28/2024 6:00,80716.26158
9/28/2024 7:00,79167.97712
9/28/2024 8:00,78577.1829
9/28/2024 9:00,79384.7569
9/28/2024 10:00,81292.08635
9/28/2024 11:00,83978.15974
9/28/2024 12:00,87722.73944
9/28/2024 13:00,91546.71265
9/28/2024 14:00,94605.1372
9/28/2024 15:00,97397.99266
9/28/2024 16:00,99615.57778
9/28/2024 17:00,101129.3771
9/28/2024 18:00,101872.7488
9/28/2024 19:00,102566.0005
9/28/2024 20:00,103289.6347
9/28/2024 21:00,103570.7277
9/28/2024 22:00,102627.3198
9/28/2024 23:00,102399.6733
9/29/2024 0:00,100141.9479
9/29/2024 1:00,96838.57884
9/29/2024 2:00,92885.42484
9/29/2024 3:00,88297.45536
9/29/2024 4:00,84135.2835
9/29/2024 5:00,80427.40668
9/29/2024 6:00,78175.77993
9/29/2024 7:00,76617.18318
9/29/2024 8:00,75906.18984
9/29/2024 9:00,76269.67021
9/29/2024 10:00,77629.67229
9/29/2024 11:00,79748.7917
9/29/2024 12:00,82972.98903
9/29/2024 13:00,86545.36463
9/29/2024 14:00,89468.62061
9/29/2024 15:00,91988.47769
9/29/2024 16:00,94326.70547
9/29/2024 17:00,95874.65728
9/29/2024 18:00,96363.32659
9/29/2024 19:00,97218.02663
9/29/2024 20:00,98489.7644
9/29/2024 21:00,99888.2435
9/29/2024 22:00,100653.903
9/29/2024 23:00,101524.5705
9/30/2024 0:00,100220.3435
9/30/2024 1:00,96372.41915
9/30/2024 2:00,91806.73751
9/30/2024 3:00,86779.55333
9/30/2024 4:00,82878.29341
9/30/2024 5:00,79936.85232
9/30/2024 6:00,78247.07885
9/30/2024 7:00,77475.20976
9/30/2024 8:00,78642.27228
9/30/2024 9:00,82170.95927
9/30/2024 10:00,89162.80033
9/30/2024 11:00,94401.6636
9/30/2024 12:00,96774.15478
9/30/2024 13:00,98494.75422
9/30/2024 14:00,100332.3371
9/30/2024 15:00,101809.7662
9/30/2024 16:00,103011.5357
9/30/2024 17:00,104614.9299
9/30/2024 18:00,105392.4541
9/30/2024 19:00,105941.1121
9/30/2024 20:00,107397.0295
9/30/2024 21:00,108024.1939
9/30/2024 22:00,108162.7999
9/30/2024 23:00,108301.7386
10/1/2024 0:00,106013.1872
10/1/2024 1:00,101430.8728
10/1/2024 2:00,95654.8836
10/1/2024 3:00,89564.64685
10/1/2024 4:00,84889.6328
10/1/2024 5:00,81692.1587
10/1/2024 6:00,79537.44527
10/1/2024 7:00,78525.06705
10/1/2024 8:00,79112.31295
10/1/2024 9:00,82754.65686
10/1/2024 10:00,89670.87449
10/1/2024 11:00,94913.95137
10/1/2024 12:00,96827.04683
10/1/2024 13:00,97866.48094
10/1/2024 14:00,98913.01168
10/1/2024 15:00,99718.70064
10/1/2024 16:00,100533.593
10/1/2024 17:00,101309.2322
10/1/2024 18:00,101503.0588
10/1/2024 19:00,101864.3215
10/1/2024 20:00,103047.3515
10/1/2024 21:00,103723.3052
10/1/2024 22:00,103954.8327
10/1/2024 23:00,104497.5029
10/2/2024 0:00,102759.1619
10/2/2024 1:00,98072.72667
10/2/2024 2:00,92348.52064
10/2/2024 3:00,86460.9813
10/2/2024 4:00,81837.08514
10/2/2024 5:00,78769.90068
10/2/2024 6:00,76671.29496
10/2/2024 7:00,75737.75583
10/2/2024 8:00,76399.40543
10/2/2024 9:00,80009.81452
10/2/2024 10:00,86597.3696
10/2/2024 11:00,91098.62717
10/2/2024 12:00,92855.48594
10/2/2024 13:00,93474.88844
10/2/2024 14:00,94540.2696
10/2/2024 15:00,95297.61278
10/2/2024 16:00,95941.07727
10/2/2024 17:00,96705.07355
10/2/2024 18:00,97790.85751
10/2/2024 19:00,99001.71952
10/2/2024 20:00,100372.4774
10/2/2024 21:00,101191.6943
10/2/2024 22:00,101592.8755
10/2/2024 23:00,101776.9443
10/3/2024 0:00,100125.3152
10/3/2024 1:00,96043.09129
10/3/2024 2:00,90367.67457
10/3/2024 3:00,84940.08538
10/3/2024 4:00,80671.575
10/3/2024 5:00,77733.34957
10/3/2024 6:00,75867.04751
10/3/2024 7:00,75013.78897
10/3/2024 8:00,75670.67052
10/3/2024 9:00,79155.44713
10/3/2024 10:00,85631.11945
10/3/2024 11:00,90103.43609
10/3/2024 12:00,91988.81035
10/3/2024 13:00,92864.5785
10/3/2024 14:00,93844.02394
10/3/2024 15:00,95336.53334
10/3/2024 16:00,97228.89334
10/3/2024 17:00,99240.67627
10/3/2024 18:00,101195.2426
10/3/2024 19:00,103429.2387
10/3/2024 20:00,105798.4033
10/3/2024 21:00,107168.6068
10/3/2024 22:00,106269.442
10/3/2024 23:00,105775.3393
10/4/2024 0:00,103320.6825
10/4/2024 1:00,98464.48267
10/4/2024 2:00,92438.00467
10/4/2024 3:00,86298.75684
10/4/2024 4:00,81560.42756
10/4/2024 5:00,78417.95233
10/4/2024 6:00,76530.9148
10/4/2024 7:00,75550.13875
10/4/2024 8:00,76200.92164
10/4/2024 9:00,79560.73108
10/4/2024 10:00,85823.83724
10/4/2024 11:00,90385.63791
10/4/2024 12:00,92242.73654
10/4/2024 13:00,93789.46861
10/4/2024 14:00,95467.04475
10/4/2024 15:00,97555.78173
10/4/2024 16:00,99773.92127
10/4/2024 17:00,102174.3554
10/4/2024 18:00,103491.8886
10/4/2024 19:00,105009.7906
10/4/2024 20:00,105826.4572
10/4/2024 21:00,105860.2771
10/4/2024 22:00,104286.8217
10/4/2024 23:00,103032.4929
10/5/2024 0:00,100408.515
10/5/2024 1:00,96283.26777
10/5/2024 2:00,91199.42146
10/5/2024 3:00,85820.95423
10/5/2024 4:00,81099.92299
10/5/2024 5:00,77728.91418
10/5/2024 6:00,75491.92423
10/5/2024 7:00,74254.8934
10/5/2024 8:00,73863.02652
10/5/2024 9:00,74608.17237
10/5/2024 10:00,76624.39069
10/5/2024 11:00,78755.70743
10/5/2024 12:00,81372.92136
10/5/2024 13:00,83709.48587
10/5/2024 14:00,85327.2951
10/5/2024 15:00,87072.95451
10/5/2024 16:00,89331.67788
10/5/2024 17:00,91987.47973
10/5/2024 18:00,94653.48298
10/5/2024 19:00,97357.74148
10/5/2024 20:00,100086.8382
10/5/2024 21:00,101294.7063
10/5/2024 22:00,99595.61851
10/5/2024 23:00,98231.73547
10/6/2024 0:00,95773.0868
10/6/2024 1:00,91823.92465
10/6/2024 2:00,87323.44327
10/6/2024 3:00,82593.0977
10/6/2024 4:00,78456.42936
10/6/2024 5:00,75411.64363
10/6/2024 6:00,73188.18162
10/6/2024 7:00,71965.23316
10/6/2024 8:00,71228.73632
10/6/2024 9:00,71350.48783
10/6/2024 10:00,72461.44264
10/6/2024 11:00,74189.47137
10/6/2024 12:00,76569.05917
10/6/2024 13:00,78696.16229
10/6/2024 14:00,80830.69469
10/6/2024 15:00,83214.16347
10/6/2024 16:00,86630.74593
10/6/2024 17:00,90126.61102
10/6/2024 18:00,93244.58071
10/6/2024 19:00,96807.86376
10/6/2024 20:00,100388.7775
10/6/2024 21:00,102760.8251
10/6/2024 22:00,102102.0585
10/6/2024 23:00,101669.9405
10/7/2024 0:00,98770.08118
10/7/2024 1:00,93703.42201
10/7/2024 2:00,88101.30014
10/7/2024 3:00,82889.16012
10/7/2024 4:00,78613.664
10/7/2024 5:00,75774.79135
10/7/2024 6:00,73967.14734
10/7/2024 7:00,73263.69417
10/7/2024 8:00,74137.90993
10/7/2024 9:00,78004.13026
10/7/2024 10:00,85039.21639
10/7/2024 11:00,89752.92924
10/7/2024 12:00,91614.35238
10/7/2024 13:00,92505.08998
10/7/2024 14:00,93665.61029
10/7/2024 15:00,94678.43206
10/7/2024 16:00,96116.82968
10/7/2024 17:00,97260.49551
10/7/2024 18:00,98072.06136
10/7/2024 19:00,98881.96394
10/7/2024 20:00,99921.28717
10/7/2024 21:00,100419.9361
10/7/2024 22:00,100064.3286
10/7/2024 23:00,100343.6474
10/8/2024 0:00,97919.92741
10/8/2024 1:00,93030.9057
10/8/2024 2:00,87616.73357
10/8/2024 3:00,82173.39874
10/8/2024 4:00,77843.3473
10/8/2024 5:00,75049.16122
10/8/2024 6:00,73400.52601
10/8/2024 7:00,72803.41137
10/8/2024 8:00,73997.97332
10/8/2024 9:00,77615.25726
10/8/2024 10:00,84701.79395
10/8/2024 11:00,89332.78673
10/8/2024 12:00,89772.11231
10/8/2024 13:00,88967.5322
10/8/2024 14:00,88920.18439
10/8/2024 15:00,88935.70826
10/8/2024 16:00,89551.22979
10/8/2024 17:00,90721.06443
10/8/2024 18:00,91618.23335
10/8/2024 19:00,92678.95734
10/8/2024 20:00,94523.74776
10/8/2024 21:00,96169.49996
10/8/2024 22:00,96899.67637
10/8/2024 23:00,97652.91682
10/9/2024 0:00,95734.94243
10/9/2024 1:00,91234.01751
10/9/2024 2:00,85952.35272
10/9/2024 3:00,80914.74537
10/9/2024 4:00,77274.73004
10/9/2024 5:00,74807.32147
10/9/2024 6:00,73426.80571
10/9/2024 7:00,72859.18642
10/9/2024 8:00,73812.68482
10/9/2024 9:00,77787.9049
10/9/2024 10:00,84976.12294
10/9/2024 11:00,89750.48977
10/9/2024 12:00,90382.64402
10/9/2024 13:00,89604.23272
10/9/2024 14:00,89247.62721
10/9/2024 15:00,89189.41269
10/9/2024 16:00,89446.22188
10/9/2024 17:00,90436.53403
10/9/2024 18:00,91192.99014
10/9/2024 19:00,92172.65735
10/9/2024 20:00,94077.54732
10/9/2024 21:00,95647.45432
10/9/2024 22:00,96051.18588
10/9/2024 23:00,97017.10337
10/10/2024 0:00,95235.51729
10/10/2024 1:00,91407.44134
10/10/2024 2:00,86319.60318
10/10/2024 3:00,81252.05693
10/10/2024 4:00,77322.18874
10/10/2024 5:00,74881.28163
10/10/2024 6:00,73546.11776
10/10/2024 7:00,73324.45904
10/10/2024 8:00,74461.47178
10/10/2024 9:00,78435.6939
10/10/2024 10:00,86006.24273
10/10/2024 11:00,91108.49592
10/10/2024 12:00,91774.24826
10/10/2024 13:00,90392.18011
10/10/2024 14:00,89559.43526
10/10/2024 15:00,88880.15498
10/10/2024 16:00,88687.99162
10/10/2024 17:00,88917.1905
10/10/2024 18:00,89369.4896
10/10/2024 19:00,90109.42387
10/10/2024 20:00,91690.30847
10/10/2024 21:00,93740.56842
10/10/2024 22:00,95105.78208
10/10/2024 23:00,96498.82782
10/11/2024 0:00,94910.73571
10/11/2024 1:00,91501.47165
10/11/2024 2:00,86671.99507
10/11/2024 3:00,82182.71306
10/11/2024 4:00,78563.21142
10/11/2024 5:00,76388.53872
10/11/2024 6:00,75156.16505
10/11/2024 7:00,74756.64712
10/11/2024 8:00,76058.2129
10/11/2024 9:00,80072.02089
10/11/2024 10:00,87038.91288
10/11/2024 11:00,92249.50051
10/11/2024 12:00,92987.1062
10/11/2024 13:00,91329.37844
10/11/2024 14:00,90153.0016
10/11/2024 15:00,89280.44911
10/11/2024 16:00,88903.44079
10/11/2024 17:00,89341.65752
10/11/2024 18:00,89908.38973
10/11/2024 19:00,90915.3346
10/11/2024 20:00,92844.17569
10/11/2024 21:00,94201.51653
10/11/2024 22:00,94292.10941
10/11/2024 23:00,94431.71338
10/12/2024 0:00,92536.58126
10/12/2024 1:00,89647.58868
10/12/2024 2:00,85578.33829
10/12/2024 3:00,81295.302
10/12/2024 4:00,77685.89088
10/12/2024 5:00,75120.34926
10/12/2024 6:00,73166.89174
10/12/2024 7:00,72419.86084
10/12/2024 8:00,72437.82418
10/12/2024 9:00,73714.44088
10/12/2024 10:00,76182.9583
10/12/2024 11:00,78991.67028
10/12/2024 12:00,81170.00218
10/12/2024 13:00,81639.93196
10/12/2024 14:00,81800.82581
10/12/2024 15:00,82106.97874
10/12/2024 16:00,82225.40371
10/12/2024 17:00,83247.76156
10/12/2024 18:00,84310.70326
10/12/2024 19:00,86068.89264
10/12/2024 20:00,88231.92244
10/12/2024 21:00,89927.24015
10/12/2024 22:00,90325.76012
10/12/2024 23:00,91063.36581
10/13/2024 0:00,88890.57815
10/13/2024 1:00,85861.87072
10/13/2024 2:00,82118.39988
10/13/2024 3:00,78104.25923
10/13/2024 4:00,74584.11037
10/13/2024 5:00,72337.36255
10/13/2024 6:00,70421.05144
10/13/2024 7:00,69528.53968
10/13/2024 8:00,69191.00635
10/13/2024 9:00,69973.85304
10/13/2024 10:00,72018.34698
10/13/2024 11:00,74414.56751
10/13/2024 12:00,76728.40063
10/13/2024 13:00,78634.95388
10/13/2024 14:00,79665.51721
10/13/2024 15:00,81142.39187
10/13/2024 16:00,83183.00484
10/13/2024 17:00,85047.97629
10/13/2024 18:00,87237.1749
10/13/2024 19:00,89126.541
10/13/2024 20:00,91315.96138
10/13/2024 21:00,93052.97177
10/13/2024 22:00,93752.10044
10/13/2024 23:00,95044.13013
10/14/2024 0:00,93140.23811
10/14/2024 1:00,89380.4672
10/14/2024 2:00,84899.50154
10/14/2024 3:00,80412.54811
10/14/2024 4:00,76627.05192
10/14/2024 5:00,73946.52277
10/14/2024 6:00,72289.5712
10/14/2024 7:00,71760.09628
10/14/2024 8:00,72776.68813
10/14/2024 9:00,76416.03815
10/14/2024 10:00,82771.62223
10/14/2024 11:00,87820.53983
10/14/2024 12:00,89956.18108
10/14/2024 13:00,90841.48532
10/14/2024 14:00,90880.62766
10/14/2024 15:00,90651.09612
10/14/2024 16:00,90776.61771
10/14/2024 17:00,91013.68942
10/14/2024 18:00,91301.9899
10/14/2024 19:00,91761.05297
10/14/2024 20:00,92376.13095
10/14/2024 21:00,94092.40589
10/14/2024 22:00,95918.56766
10/14/2024 23:00,97257.50162
10/15/2024 0:00,95585.35884
10/15/2024 1:00,91940.57546
10/15/2024 2:00,87142.70105
10/15/2024 3:00,82559.83226
10/15/2024 4:00,79140.69946
10/15/2024 5:00,77063.93804
10/15/2024 6:00,76047.12442
10/15/2024 7:00,75917.61097
10/15/2024 8:00,77330.61598
10/15/2024 9:00,81754.14331
10/15/2024 10:00,89353.74396
10/15/2024 11:00,94840.21298
10/15/2024 12:00,95605.3181
10/15/2024 13:00,94432.60045
10/15/2024 14:00,92993.87017
10/15/2024 15:00,92293.18912
10/15/2024 16:00,92241.51681
10/15/2024 17:00,92345.41586
10/15/2024 18:00,91866.28264
10/15/2024 19:00,91948.22651
10/15/2024 20:00,92895.62624
10/15/2024 21:00,94983.25437
10/15/2024 22:00,98000.65155
10/15/2024 23:00,100194.0638
10/16/2024 0:00,98767.64171
10/16/2024 1:00,95411.04793
10/16/2024 2:00,90676.37785
10/16/2024 3:00,85938.82477
10/16/2024 4:00,82706.86551
10/16/2024 5:00,80769.70805
10/16/2024 6:00,79811.44161
10/16/2024 7:00,79849.03156
10/16/2024 8:00,81356.6213
10/16/2024 9:00,85921.30498
10/16/2024 10:00,93740.6793
10/16/2024 11:00,99080.89127
10/16/2024 12:00,99353.22434
10/16/2024 13:00,96806.53314
10/16/2024 14:00,94714.35873
10/16/2024 15:00,93602.18419
10/16/2024 16:00,92819.3375
10/16/2024 17:00,91950.88775
10/16/2024 18:00,91178.35334
10/16/2024 19:00,90804.56068
10/16/2024 20:00,92160.5709
10/16/2024 21:00,94617.11276
10/16/2024 22:00,97575.18657
10/16/2024 23:00,100020.9726
10/17/2024 0:00,98939.29138
10/17/2024 1:00,96152.97813
10/17/2024 2:00,91566.22837
10/17/2024 3:00,87167.31747
10/17/2024 4:00,84131.84607
10/17/2024 5:00,82373.43492
10/17/2024 6:00,81628.84348
10/17/2024 7:00,81823.11365
10/17/2024 8:00,83615.23379
10/17/2024 9:00,88461.89751
10/17/2024 10:00,96356.34085
10/17/2024 11:00,101675.4847
10/17/2024 12:00,102040.7392
10/17/2024 13:00,98636.57588
10/17/2024 14:00,95368.13551
10/17/2024 15:00,92918.35763
10/17/2024 16:00,91469.09329
10/17/2024 17:00,90795.80078
10/17/2024 18:00,89894.30736
10/17/2024 19:00,89792.626
10/17/2024 20:00,91143.20286
10/17/2024 21:00,93280.50738
10/17/2024 22:00,95906.25945
10/17/2024 23:00,98459.82551
10/18/2024 0:00,97351.53193
10/18/2024 1:00,94960.74476
10/18/2024 2:00,90678.9282
10/18/2024 3:00,86439.8023
10/18/2024 4:00,83378.0512
10/18/2024 5:00,81891.52957
10/18/2024 6:00,81063.55277
10/18/2024 7:00,81303.3966
10/18/2024 8:00,82996.94015
10/18/2024 9:00,87213.55644
10/18/2024 10:00,94875.91788
10/18/2024 11:00,99788.33629
10/18/2024 12:00,99867.72981
10/18/2024 13:00,96914.53493
10/18/2024 14:00,93855.66684
10/18/2024 15:00,91384.26642
10/18/2024 16:00,89953.63073
10/18/2024 17:00,89384.1264
10/18/2024 18:00,89117.67022
10/18/2024 19:00,89295.86209
10/18/2024 20:00,90590.6639
10/18/2024 21:00,91999.67706
10/18/2024 22:00,93098.21277
10/18/2024 23:00,93986.5109
10/19/2024 0:00,92431.01893
10/19/2024 1:00,90046.10865
10/19/2024 2:00,86534.38704
10/19/2024 3:00,82568.25951
10/19/2024 4:00,79727.39093
10/19/2024 5:00,78011.44865
10/19/2024 6:00,77139.45059
10/19/2024 7:00,76754.79121
10/19/2024 8:00,77509.25139
10/19/2024 9:00,79644.4491
10/19/2024 10:00,82879.18049
10/19/2024 11:00,86727.43747
10/19/2024 12:00,88199.76585
10/19/2024 13:00,86746.39877
10/19/2024 14:00,84510.85032
10/19/2024 15:00,82693.33756
10/19/2024 16:00,81532.26282
10/19/2024 17:00,80696.52408
10/19/2024 18:00,80853.75873
10/19/2024 19:00,82113.29917
10/19/2024 20:00,84032.16064
10/19/2024 21:00,86060.4654
10/19/2024 22:00,87682.48825
10/19/2024 23:00,88421.53545
10/20/2024 0:00,86767.57777
10/20/2024 1:00,84578.15739
10/20/2024 2:00,81844.95796
10/20/2024 3:00,78506.77105
10/20/2024 4:00,76049.89654
10/20/2024 5:00,74376.42314
10/20/2024 6:00,73614.75545
10/20/2024 7:00,73201.04426
10/20/2024 8:00,73851.05096
10/20/2024 9:00,75366.29175
10/20/2024 10:00,78204.16644
10/20/2024 11:00,81232.20855
10/20/2024 12:00,83000.48846
10/20/2024 13:00,82192.13827
10/20/2024 14:00,80702.17921
10/20/2024 15:00,80121.14286
10/20/2024 16:00,79938.29382
10/20/2024 17:00,80480.74226
10/20/2024 18:00,81462.29451
10/20/2024 19:00,83018.00826
10/20/2024 20:00,85960.77996
10/20/2024 21:00,88766.60894
10/20/2024 22:00,90573.14411
10/20/2024 23:00,92046.47044
10/21/2024 0:00,90241.48767
10/21/2024 1:00,86760.14849
10/21/2024 2:00,82882.28526
10/21/2024 3:00,78721.44403
10/21/2024 4:00,76104.45186
10/21/2024 5:00,74418.33759
10/21/2024 6:00,73753.6941
10/21/2024 7:00,73952.17789
10/21/2024 8:00,76105.33894
10/21/2024 9:00,80670.79881
10/21/2024 10:00,88774.81442
10/21/2024 11:00,94582.62759
10/21/2024 12:00,95313.46931
10/21/2024 13:00,93451.8244
10/21/2024 14:00,92414.49709
10/21/2024 15:00,92184.96556
10/21/2024 16:00,92576.16713
10/21/2024 17:00,93428.20594
10/21/2024 18:00,94422.50994
10/21/2024 19:00,95777.96573
10/21/2024 20:00,97922.47776
10/21/2024 21:00,100032.8373
10/21/2024 22:00,100633.2785
10/21/2024 23:00,100984.2289
10/22/2024 0:00,98139.36843
10/22/2024 1:00,93530.77438
10/22/2024 2:00,87903.25989
10/22/2024 3:00,82836.93338
10/22/2024 4:00,79063.85629
10/22/2024 5:00,76511.73173
10/22/2024 6:00,75192.75704
10/22/2024 7:00,74744.78244
10/22/2024 8:00,76090.92392
10/22/2024 9:00,80165.94032
10/22/2024 10:00,87883.41151
10/22/2024 11:00,93138.02041
10/22/2024 12:00,94322.60273
10/22/2024 13:00,93193.79547
10/22/2024 14:00,92604.55364
10/22/2024 15:00,93089.89641
10/22/2024 16:00,94129.10876
10/22/2024 17:00,95643.12982
10/22/2024 18:00,96648.41141
10/22/2024 19:00,98241.60422
10/22/2024 20:00,100259.4858
10/22/2024 21:00,101637.673
10/22/2024 22:00,101836.3786
10/22/2024 23:00,101909.0081
10/23/2024 0:00,99042.19248
10/23/2024 1:00,94232.45339
10/23/2024 2:00,88749.08915
10/23/2024 3:00,83253.3058
10/23/2024 4:00,79306.694
10/23/2024 5:00,76619.73353
10/23/2024 6:00,75123.23227
10/23/2024 7:00,74545.74423
10/23/2024 8:00,75585.95454
10/23/2024 9:00,79587.01078
10/23/2024 10:00,86770.34989
10/23/2024 11:00,91885.24394
10/23/2024 12:00,92738.28071
10/23/2024 13:00,91975.06063
10/23/2024 14:00,91717.91878
10/23/2024 15:00,91838.33967
10/23/2024 16:00,92315.92051
10/23/2024 17:00,93704.86351
10/23/2024 18:00,95402.17715
10/23/2024 19:00,96499.7149
10/23/2024 20:00,98517.37472
10/23/2024 21:00,99509.68279
10/23/2024 22:00,100154.1452
10/23/2024 23:00,100311.269
10/24/2024 0:00,97430.03837
10/24/2024 1:00,93117.50673
10/24/2024 2:00,87816.76975
10/24/2024 3:00,82599.63991
10/24/2024 4:00,78457.42732
